xid,mol_prepared_lig_all_atom_extract,PLIF_raw
CypD-x0022-pandda-model,[[1 1 1] [2 1 1] [3 1 1] [4 1 1] [5 1 1] [6 1 1] [7 1 1] [8 1 1] [9 1 1] [10 1 1] [11 1 1] [12 1 1] [13 1 1] [14 1 1] [15 1 1] [16 1 1] [17 1 1] [18 1 1] [19 1 1] [20 1 1] [21 1 1] [22 1 1] [23 1 1] [24 1 1] [25 1 1] [26 2 1] [27 2 1] [28 2 1] [29 2 1] [30 2 1] [31 2 1] [32 2 1] [33 2 1] [34 2 1] [35 2 1] [36 2 1] [37 2 1] [38 2 1] [39 2 1] [40 2 1] [41 2 1] [42 2 1] [43 2 1] [44 2 1] [45 2 1] [46 2 1] [47 2 1] [48 2 1] [49 2 1] [50 2 1]],[[9 37] [3588 2890] [20072 20025] [3 2] [1.3 7.9]]
CypD-x0023-pandda-model,[[1 1 1] [2 1 1] [3 1 1] [4 1 1] [5 1 1] [6 1 1] [7 1 1] [8 1 1] [9 1 1] [10 1 1] [11 1 1] [12 1 1] [13 1 1] [14 1 1] [15 1 1] [16 1 1] [17 1 1] [18 1 1] [19 1 1] [20 1 1] [21 1 1] [22 1 1] [23 1 1] [24 1 1] [25 1 1] [26 1 1] [27 1 1] [28 1 1] [29 1 1] [30 1 1] [31 1 1] [32 1 1] [33 1 1] [34 1 1] [35 1 1] [36 1 1]],[[12 35 33 17 15 13] [2130 2130 2130 2130 2130 2130] [20141 20141 20141 20141 20141 20141] [10 10 10 10 10 10] [0.5 0.5 0.5 0.5 0.5 0.5]]
CypD-x0029-pandda-model,[[1 1 1] [2 1 1] [3 1 1] [4 1 1] [5 1 1] [6 1 1] [7 1 1] [8 1 1] [9 1 1] [10 1 1] [11 1 1] [12 1 1] [13 1 1] [14 1 1] [15 1 1] [16 1 1] [17 1 1] [18 1 1] [19 1 1] [20 1 1] [21 1 1] [22 1 1] [23 1 1] [24 1 1] [25 1 1] [26 1 1] [27 1 1] [28 1 1] [29 1 1] [30 1 1] [31 1 1]],[6 970 10063 2 4.3]
CypD-x0035-pandda-model,[[1 1 1] [2 1 1] [3 1 1] [4 1 1] [5 1 1] [6 1 1] [7 1 1] [8 1 1] [9 1 1] [10 1 1] [11 1 1] [12 1 1] [13 1 1] [14 1 1] [15 1 1] [16 1 1] [17 1 1] [18 1 1] [19 1 1] [20 1 1] [21 1 1] [22 1 1] [23 1 1] [24 1 1] [25 1 1] [26 1 1] [27 1 1] [28 1 1] [29 1 1]],[10 1360 91 4 3.5]
CypD-x0036-pandda-model,[[1 1 1] [2 1 1] [3 1 1] [4 1 1] [5 1 1] [6 1 1] [7 1 1] [8 1 1] [9 1 1] [10 1 1] [11 1 1] [12 1 1] [13 1 1] [14 1 1] [15 1 1] [16 1 1] [17 1 1] [18 1 1] [19 1 1] [20 1 1] [21 2 1] [22 2 1] [23 2 1] [24 2 1] [25 2 1] [26 2 1] [27 2 1] [28 2 1] [29 2 1] [30 2 1] [31 2 1] [32 2 1] [33 2 1] [34 2 1] [35 2 1] [36 2 1] [37 2 1] [38 2 1] [39 2 1] [40 2 1]],[[10 12 30 30 32 32 30 30 30 32 32 32] [3470 3323 846 3343 3343 3346 846 3343 3346 846 3343 3346] [20063 20054 10055 20055 20055 20055 10055 20055 20055 10055 20055 20055] [2 2 2 2 2 2 7 7 7 7 7 7] [4.4 8.2 2.5 6 0.7 0.5 5.931723466 6.287132206 0.5773702976 0.7412913373 2.501526724 1.997333404]]
CypD-x0037-pandda-model,[[1 1 1] [2 1 1] [3 1 1] [4 1 1] [5 1 1] [6 1 1] [7 1 1] [8 1 1] [9 1 1] [10 1 1] [11 1 1] [12 1 1] [13 1 1] [14 1 1] [15 1 1] [16 1 1] [17 1 1] [18 1 1] [19 1 1] [20 1 1] [21 1 1] [22 1 1] [23 1 1] [24 1 1]],[[12 6 8 12] [4029 818 2266 2272] [20102 10054 10151 10151] [1 2 2 2] [2.3 2.1 2.7 4.2]]
CypD-x0039-pandda-model,[[1 1 1] [2 1 1] [3 1 1] [4 1 1] [5 1 1] [6 1 1] [7 1 1] [8 1 1] [9 1 1] [10 1 1] [11 1 1] [12 1 1] [13 1 1] [14 1 1] [15 1 1] [16 1 1] [17 1 1] [18 1 1] [19 1 1] [20 1 1] [21 1 1] [22 2 1] [23 2 1] [24 2 1] [25 2 1] [26 2 1] [27 2 1] [28 2 1] [29 2 1] [30 2 1] [31 2 1] [32 2 1] [33 2 1] [34 2 1] [35 2 1] [36 2 1] [37 2 1] [38 2 1] [39 2 1] [40 2 1] [41 2 1] [42 2 1] [43 2 1] [44 2 1] [45 1 2] [46 1 2] [47 1 2] [48 1 2] [49 1 2] [50 1 2] [51 1 2] [52 1 2] [53 1 2] [54 1 2] [55 1 2] [56 1 2] [57 1 2] [58 1 2] [59 1 2] [60 1 2] [61 1 2] [62 1 2] [63 1 2] [64 1 2] [65 1 2] [66 1 3] [67 1 3] [68 1 3] [69 1 3] [70 1 3] [71 1 3] [72 1 3] [73 1 3] [74 1 3] [75 1 3] [76 1 3] [77 1 3] [78 1 3] [79 1 3] [80 1 3] [81 1 3] [82 1 3] [83 1 3] [84 1 3] [85 1 3] [86 1 3] [87 2 3] [88 2 3] [89 2 3] [90 2 3] [91 2 3] [92 2 3] [93 2 3] [94 2 3] [95 2 3] [96 2 3] [97 2 3] [98 2 3] [99 2 3] [100 2 3] [101 2 3] [102 2 3] [103 2 3] [104 2 3] [105 2 3] [106 2 3] [107 2 3]],[[54 96 57] [4920 7421 3243] [10161 20161 10049] [3 3 2] [4 7.2 1.3]]
CypD-x0041-pandda-model,[[1 1 1] [2 1 1] [3 1 1] [4 1 1] [5 1 1] [6 1 1] [7 1 1] [8 1 1] [9 1 1] [10 1 1] [11 1 1] [12 1 1] [13 1 1] [14 1 1] [15 1 1] [16 1 1] [17 1 1] [18 1 1] [19 1 1] [20 1 1] [21 1 1] [22 1 2] [23 1 2] [24 1 2] [25 1 2] [26 1 2] [27 1 2] [28 1 2] [29 1 2] [30 1 2] [31 1 2] [32 1 2] [33 1 2] [34 1 2] [35 1 2] [36 1 2] [37 1 2] [38 1 2] [39 1 2] [40 1 2] [41 1 2] [42 1 2]],[[6 27] [1229 3729] [10082 20082] [2 2] [6.4 5.7]]
CypD-x0042-pandda-model,[[1 1 1] [2 1 1] [3 1 1] [4 1 1] [5 1 1] [6 1 1] [7 1 1] [8 1 1] [9 1 1] [10 1 1] [11 1 1] [12 1 1] [13 1 1] [14 1 1] [15 1 1] [16 1 1] [17 1 1] [18 1 1] [19 1 1] [20 1 1] [21 1 2] [22 1 2] [23 1 2] [24 1 2] [25 1 2] [26 1 2] [27 1 2] [28 1 2] [29 1 2] [30 1 2] [31 1 2] [32 1 2] [33 1 2] [34 1 2] [35 1 2] [36 1 2] [37 1 2] [38 1 2] [39 1 2] [40 1 2] [41 2 2] [42 2 2] [43 2 2] [44 2 2] [45 2 2] [46 2 2] [47 2 2] [48 2 2] [49 2 2] [50 2 2] [51 2 2] [52 2 2] [53 2 2] [54 2 2] [55 2 2] [56 2 2] [57 2 2] [58 2 2] [59 2 2] [60 2 2]],[[2 2 22 42 42 28 6 19 12 7 10] [615 2431 4708 5607 7422 7222 637 637 637 637 637] [40 161 10148 20040 20161 20148 42 42 42 42 42] [3 3 3 3 3 2 10 10 10 10 10] [3.8 1.9 4.6 3.9 1.6 6 1.7 1.7 1.7 1.7 1.7]]
CypD-x0043-pandda-model,[[1 1 1] [2 1 1] [3 1 1] [4 1 1] [5 1 1] [6 1 1] [7 1 1] [8 1 1] [9 1 1] [10 1 1] [11 1 1] [12 1 1] [13 1 1] [14 1 1] [15 1 1] [16 1 1] [17 1 1] [18 1 1] [19 1 1] [20 1 1] [21 1 1] [22 1 1] [23 1 1] [24 1 1] [25 1 1] [26 1 1] [27 1 1] [28 1 1] [29 2 1] [30 2 1] [31 2 1] [32 2 1] [33 2 1] [34 2 1] [35 2 1] [36 2 1] [37 2 1] [38 2 1] [39 2 1] [40 2 1] [41 2 1] [42 2 1] [43 2 1] [44 2 1] [45 2 1] [46 2 1] [47 2 1] [48 2 1] [49 2 1] [50 2 1] [51 2 1] [52 2 1] [53 2 1] [54 2 1] [55 2 1] [56 2 1] [57 1 2] [58 1 2] [59 1 2] [60 1 2] [61 1 2] [62 1 2] [63 1 2] [64 1 2] [65 1 2] [66 1 2] [67 1 2] [68 1 2] [69 1 2] [70 1 2] [71 1 2] [72 1 2] [73 1 2] [74 1 2] [75 1 2] [76 1 2] [77 1 2] [78 1 2] [79 1 2] [80 1 2] [81 1 2] [82 1 2] [83 1 2] [84 1 2] [85 1 3] [86 1 3] [87 1 3] [88 1 3] [89 1 3] [90 1 3] [91 1 3] [92 1 3] [93 1 3] [94 1 3] [95 1 3] [96 1 3] [97 1 3] [98 1 3] [99 1 3] [100 1 3] [101 1 3] [102 1 3] [103 1 3] [104 1 3] [105 1 3] [106 1 3] [107 1 3] [108 1 3] [109 1 3] [110 1 3] [111 1 3] [112 1 3]],[[40 68 96 8 24 22 17 15 13 64 80 78 73 71 69] [2320 2971 7310 1263 1263 1263 1263 1263 1263 3754 3754 3754 3754 3754 3754] [154 10031 20154 84 84 84 84 84 84 10084 10084 10084 10084 10084 10084] [2 2 2 10 10 10 10 10 10 10 10 10 10 10 10] [9.3 6.7 10.4 0.8 0.8 0.8 0.8 0.8 0.8 0.9 0.9 0.9 0.9 0.9 0.9]]
CypD-x0051-pandda-model,[[1 1 1] [2 1 1] [3 1 1] [4 1 1] [5 1 1] [6 1 1] [7 1 1] [8 1 1] [9 1 1] [10 1 1] [11 1 1] [12 1 1] [13 1 1] [14 1 1] [15 1 1] [16 1 1] [17 1 1] [18 1 1] [19 1 1] [20 1 1] [21 1 1] [22 1 1] [23 1 1] [24 1 2] [25 1 2] [26 1 2] [27 1 2] [28 1 2] [29 1 2] [30 1 2] [31 1 2] [32 1 2] [33 1 2] [34 1 2] [35 1 2] [36 1 2] [37 1 2] [38 1 2] [39 1 2] [40 1 2] [41 1 2] [42 1 2] [43 1 2] [44 1 2] [45 1 2] [46 1 2] [47 1 3] [48 1 3] [49 1 3] [50 1 3] [51 1 3] [52 1 3] [53 1 3] [54 1 3] [55 1 3] [56 1 3] [57 1 3] [58 1 3] [59 1 3] [60 1 3] [61 1 3] [62 1 3] [63 1 3] [64 1 3] [65 1 3] [66 1 3] [67 1 3] [68 1 3] [69 1 3]],[[6 29 52 13 22 20 18 16 14 36 45 43 41 39 37] [1360 3851 7116 1356 1356 1356 1356 1356 1356 3843 3843 3843 3843 3843 3843] [91 10091 20141 90 90 90 90 90 90 10090 10090 10090 10090 10090 10090] [4 4 2 10 10 10 10 10 10 10 10 10 10 10 10] [5 3.2 6.8 0.6 0.6 0.6 0.6 0.6 0.6 0.6 0.6 0.6 0.6 0.6 0.6]]
CypD-x0057-pandda-model,[[1 1 1] [2 1 1] [3 1 1] [4 1 1] [5 1 1] [6 1 1] [7 1 1] [8 1 1] [9 1 1] [10 1 1] [11 1 1] [12 1 1] [13 1 1] [14 1 1] [15 1 1] [16 1 1] [17 1 1] [18 1 1] [19 1 1] [20 1 1] [21 1 1] [22 1 1] [23 1 1] [24 1 1] [25 1 1] [26 1 1] [27 1 2] [28 1 2] [29 1 2] [30 1 2] [31 1 2] [32 1 2] [33 1 2] [34 1 2] [35 1 2] [36 1 2] [37 1 2] [38 1 2] [39 1 2] [40 1 2] [41 1 2] [42 1 2] [43 1 2] [44 1 2] [45 1 2] [46 1 2] [47 1 2] [48 1 2] [49 1 2] [50 1 2] [51 1 2] [52 1 2] [53 1 3] [54 1 3] [55 1 3] [56 1 3] [57 1 3] [58 1 3] [59 1 3] [60 1 3] [61 1 3] [62 1 3] [63 1 3] [64 1 3] [65 1 3] [66 1 3] [67 1 3] [68 1 3] [69 1 3] [70 1 3] [71 1 3] [72 1 3] [73 1 3] [74 1 3] [75 1 3] [76 1 3] [77 1 3] [78 1 3] [79 2 3] [80 2 3] [81 2 3] [82 2 3] [83 2 3] [84 2 3] [85 2 3] [86 2 3] [87 2 3] [88 2 3] [89 2 3] [90 2 3] [91 2 3] [92 2 3] [93 2 3] [94 2 3] [95 2 3] [96 2 3] [97 2 3] [98 2 3] [99 2 3] [100 2 3] [101 2 3] [102 2 3] [103 2 3] [104 2 3] [105 2 3]],[[37 83 7 31 59 66 86 14 25 23 18 16 15 14 25 23 18 16 15 14 25 23 18 16 15] [3463 6512 480 3333 6126 6126 6507 474 474 474 474 474 474 1257 1257 1257 1257 1257 1257 1263 1263 1263 1263 1263 1263] [10063 20102 31 10055 20076 20076 20102 31 31 31 31 31 31 84 84 84 84 84 84 84 84 84 84 84 84] [1 3 2 2 2 2 4 10 10 10 10 10 10 10 10 10 10 10 10 10 10 10 10 10 10] [1.5 5.4 8.9 6.7 2.2 10.2 2.7 0.5 0.5 0.5 0.5 0.5 0.5 0.5 0.5 0.5 0.5 0.5 0.5 0.5 0.5 0.5 0.5 0.5 0.5]]
CypD-x0059-pandda-model,[[1 1 1] [2 1 1] [3 1 1] [4 1 1] [5 1 1] [6 1 1] [7 1 1] [8 1 1] [9 1 1] [10 1 1] [11 1 1] [12 1 1] [13 1 1] [14 1 1] [15 1 1] [16 1 1] [17 1 1] [18 1 1] [19 1 1] [20 1 1] [21 1 1] [22 1 1] [23 1 1] [24 1 1] [25 1 1] [26 1 1] [27 1 1] [28 2 1] [29 2 1] [30 2 1] [31 2 1] [32 2 1] [33 2 1] [34 2 1] [35 2 1] [36 2 1] [37 2 1] [38 2 1] [39 2 1] [40 2 1] [41 2 1] [42 2 1] [43 2 1] [44 2 1] [45 2 1] [46 2 1] [47 2 1] [48 2 1] [49 2 1] [50 2 1] [51 2 1] [52 2 1] [53 2 1] [54 2 1]],[[7 6 33] [3441 846 4305] [20061 10055 20121] [1 2 2] [0.5 6.3 4.7]]
CypD-x0061-pandda-model,[[1 1 1] [2 1 1] [3 1 1] [4 1 1] [5 1 1] [6 1 1] [7 1 1] [8 1 1] [9 1 1] [10 1 1] [11 1 1] [12 1 1] [13 1 1] [14 1 1] [15 1 1] [16 1 1] [17 1 1] [18 1 1] [19 1 1] [20 1 1] [21 1 1] [22 1 1] [23 1 1] [24 1 1] [25 1 1] [26 1 1] [27 1 1] [28 1 1] [29 1 1] [30 1 1] [31 1 1] [32 1 2] [33 1 2] [34 1 2] [35 1 2] [36 1 2] [37 1 2] [38 1 2] [39 1 2] [40 1 2] [41 1 2] [42 1 2] [43 1 2] [44 1 2] [45 1 2] [46 1 2] [47 1 2] [48 1 2] [49 1 2] [50 1 2] [51 1 2] [52 1 2] [53 1 2] [54 1 2] [55 1 2] [56 1 2] [57 1 2] [58 1 2] [59 1 2] [60 1 2] [61 1 2] [62 1 2] [63 1 3] [64 1 3] [65 1 3] [66 1 3] [67 1 3] [68 1 3] [69 1 3] [70 1 3] [71 1 3] [72 1 3] [73 1 3] [74 1 3] [75 1 3] [76 1 3] [77 1 3] [78 1 3] [79 1 3] [80 1 3] [81 1 3] [82 1 3] [83 1 3] [84 1 3] [85 1 3] [86 1 3] [87 1 3] [88 1 3] [89 1 3] [90 1 3] [91 1 3] [92 1 3] [93 1 3]],[[4 35 81 81 81 81 81 81] [1360 3849 3414 3416 3412 3408 3407 3410] [91 10091 10060 10060 10060 10060 10060 10060] [4 4 10 10 10 10 10 10] [4.6 4.3 0.9 0.9 0.9 0.9 0.9 0.9]]
CypD-x0065-pandda-model,[[1 1 1] [2 1 1] [3 1 1] [4 1 1] [5 1 1] [6 1 1] [7 1 1] [8 1 1] [9 1 1] [10 1 1] [11 1 1] [12 1 1] [13 1 1] [14 1 1] [15 1 1] [16 1 1] [17 1 1] [18 1 1] [19 1 1] [20 1 1] [21 1 1] [22 1 1] [23 1 1] [24 1 1] [25 1 1] [26 1 1] [27 1 1] [28 1 1] [29 1 1] [30 1 1] [31 1 1] [32 2 1] [33 2 1] [34 2 1] [35 2 1] [36 2 1] [37 2 1] [38 2 1] [39 2 1] [40 2 1] [41 2 1] [42 2 1] [43 2 1] [44 2 1] [45 2 1] [46 2 1] [47 2 1] [48 2 1] [49 2 1] [50 2 1] [51 2 1] [52 2 1] [53 2 1] [54 2 1] [55 2 1] [56 2 1] [57 2 1] [58 2 1] [59 2 1] [60 2 1] [61 2 1] [62 2 1] [63 1 2] [64 1 2] [65 1 2] [66 1 2] [67 1 2] [68 1 2] [69 1 2] [70 1 2] [71 1 2] [72 1 2] [73 1 2] [74 1 2] [75 1 2] [76 1 2] [77 1 2] [78 1 2] [79 1 2] [80 1 2] [81 1 2] [82 1 2] [83 1 2] [84 1 2] [85 1 2] [86 1 2] [87 1 2] [88 1 2] [89 1 2] [90 1 2] [91 1 2] [92 1 2] [93 1 2] [94 2 2] [95 2 2] [96 2 2] [97 2 2] [98 2 2] [99 2 2] [100 2 2] [101 2 2] [102 2 2] [103 2 2] [104 2 2] [105 2 2] [106 2 2] [107 2 2] [108 2 2] [109 2 2] [110 2 2] [111 2 2] [112 2 2] [113 2 2] [114 2 2] [115 2 2] [116 2 2] [117 2 2] [118 2 2] [119 2 2] [120 2 2] [121 2 2] [122 2 2] [123 2 2] [124 2 2] [125 3 2] [126 3 2] [127 3 2] [128 3 2] [129 3 2] [130 3 2] [131 3 2] [132 3 2] [133 3 2] [134 3 2] [135 3 2] [136 3 2] [137 3 2] [138 3 2] [139 3 2] [140 3 2] [141 3 2] [142 3 2] [143 3 2] [144 3 2] [145 3 2] [146 3 2] [147 3 2] [148 3 2] [149 3 2] [150 3 2] [151 3 2] [152 3 2] [153 3 2] [154 3 2] [155 3 2]],[[103 68 99 140 129 140 154 139 136 98 109 123 108 105] [5617 5961 5743 1339 424 424 424 424 424 5725 5725 5725 5725 5725] [20041 20063 20049 89 28 28 28 28 28 20049 20049 20049 20049 20049] [3 2 2 2 10 10 10 10 10 10 10 10 10 10] [2.1 2.7 11.5 1 1.4 1.4 1.4 1.4 1.4 0.6 0.6 0.6 0.6 0.6]]
CypD-x0071-pandda-model,[[1 1 1] [2 1 1] [3 1 1] [4 1 1] [5 1 1] [6 1 1] [7 1 1] [8 1 1] [9 1 1] [10 1 1] [11 1 1] [12 1 1] [13 1 1] [14 1 1] [15 1 1] [16 1 1] [17 1 1] [18 1 1] [19 1 1] [20 1 1] [21 1 1] [22 1 1] [23 1 1] [24 1 1] [25 1 1] [26 1 1] [27 1 2] [28 1 2] [29 1 2] [30 1 2] [31 1 2] [32 1 2] [33 1 2] [34 1 2] [35 1 2] [36 1 2] [37 1 2] [38 1 2] [39 1 2] [40 1 2] [41 1 2] [42 1 2] [43 1 2] [44 1 2] [45 1 2] [46 1 2] [47 1 2] [48 1 2] [49 1 2] [50 1 2] [51 1 2] [52 1 2]],[[8 12] [970 843] [63 55] [2 2] [2.8 5.6]]
CypD-x0074-pandda-model,[[1 1 1] [2 1 1] [3 1 1] [4 1 1] [5 1 1] [6 1 1] [7 1 1] [8 1 1] [9 1 1] [10 1 1] [11 1 1] [12 1 1] [13 1 1] [14 1 1] [15 1 1] [16 1 1] [17 1 1] [18 1 1] [19 1 1] [20 1 1] [21 1 1] [22 1 1] [23 1 1] [24 1 1] [25 1 2] [26 1 2] [27 1 2] [28 1 2] [29 1 2] [30 1 2] [31 1 2] [32 1 2] [33 1 2] [34 1 2] [35 1 2] [36 1 2] [37 1 2] [38 1 2] [39 1 2] [40 1 2] [41 1 2] [42 1 2] [43 1 2] [44 1 2] [45 1 2] [46 1 2] [47 1 2] [48 1 2] [49 1 3] [50 1 3] [51 1 3] [52 1 3] [53 1 3] [54 1 3] [55 1 3] [56 1 3] [57 1 3] [58 1 3] [59 1 3] [60 1 3] [61 1 3] [62 1 3] [63 1 3] [64 1 3] [65 1 3] [66 1 3] [67 1 3] [68 1 3] [69 1 3] [70 1 3] [71 1 3] [72 1 3] [73 2 3] [74 2 3] [75 2 3] [76 2 3] [77 2 3] [78 2 3] [79 2 3] [80 2 3] [81 2 3] [82 2 3] [83 2 3] [84 2 3] [85 2 3] [86 2 3] [87 2 3] [88 2 3] [89 2 3] [90 2 3] [91 2 3] [92 2 3] [93 2 3] [94 2 3] [95 2 3] [96 2 3] [97 3 3] [98 3 3] [99 3 3] [100 3 3] [101 3 3] [102 3 3] [103 3 3] [104 3 3] [105 3 3] [106 3 3] [107 3 3] [108 3 3] [109 3 3] [110 3 3] [111 3 3] [112 3 3] [113 3 3] [114 3 3] [115 3 3] [116 3 3] [117 3 3] [118 3 3] [119 3 3] [120 3 3]],[[11 11 35 59 81 81 105 107 107 11 33 35 57 59 107 47 47 47 47 47 47 60 60 60 60 60 60 10 23 21 16 14 12 82 95 93 88 86 84 106 119 117 112 110 108] [190 2319 7222 4720 6334 6351 5181 5181 7311 2319 7222 7222 4720 4720 7311 3415 3417 3413 3409 3408 3411 5912 5916 5918 5914 5910 5909 2316 2316 2316 2316 2316 2316 6347 6347 6347 6347 6347 6347 7308 7308 7308 7308 7308 7308] [13 154 20148 10148 20090 20091 20013 20013 20154 154 20148 20148 10148 10148 20154 10060 10060 10060 10060 10060 10060 20060 20060 20060 20060 20060 20060 154 154 154 154 154 154 20090 20090 20090 20090 20090 20090 20154 20154 20154 20154 20154 20154] [2 2 2 2 4 4 2 2 2 7 7 7 7 7 7 10 10 10 10 10 10 10 10 10 10 10 10 10 10 10 10 10 10 10 10 10 10 10 10 10 10 10 10 10 10] [6.8 17.9 4.5 5.1 0.6 7.4 1 5.8 15.9 6.83826379 3.713117654 7.196380172 3.760852398 7.142021542 7.441355177 0.8 0.8 0.8 0.8 0.8 0.8 0.7 0.7 0.7 0.7 0.7 0.7 1 1 1 1 1 1 0.6 0.6 0.6 0.6 0.6 0.6 0.8 0.8 0.8 0.8 0.8 0.8]]
CypD-x0078-pandda-model,[[1 1 1] [2 1 1] [3 1 1] [4 1 1] [5 1 1] [6 1 1] [7 1 1] [8 1 1] [9 1 1] [10 1 1] [11 1 1] [12 1 1] [13 1 1] [14 1 1] [15 1 1] [16 1 1] [17 1 1] [18 1 1] [19 1 1] [20 1 1] [21 1 1] [22 1 1] [23 1 1] [24 1 1] [25 1 1] [26 1 1] [27 1 1] [28 1 1] [29 1 1] [30 1 1] [31 1 1] [32 1 1] [33 1 2] [34 1 2] [35 1 2] [36 1 2] [37 1 2] [38 1 2] [39 1 2] [40 1 2] [41 1 2] [42 1 2] [43 1 2] [44 1 2] [45 1 2] [46 1 2] [47 1 2] [48 1 2] [49 1 2] [50 1 2] [51 1 2] [52 1 2] [53 1 2] [54 1 2] [55 1 2] [56 1 2] [57 1 2] [58 1 2] [59 1 2] [60 1 2] [61 1 2] [62 1 2] [63 1 2] [64 1 2] [65 1 2] [66 1 2]],[[47 47 47 47 47 47] [5908 5911 5915 5917 5913 5909] [20060 20060 20060 20060 20060 20060] [10 10 10 10 10 10] [0.6 0.6 0.6 0.6 0.6 0.6]]
CypD-x0081-pandda-model,[[1 1 1] [2 1 1] [3 1 1] [4 1 1] [5 1 1] [6 1 1] [7 1 1] [8 1 1] [9 1 1] [10 1 1] [11 1 1] [12 1 1] [13 1 1] [14 1 1] [15 1 1] [16 1 1] [17 1 1] [18 1 1] [19 1 1] [20 1 1] [21 1 1] [22 1 1] [23 1 1] [24 1 1] [25 1 1] [26 1 1] [27 1 1] [28 1 1] [29 1 1] [30 1 1] [31 1 1] [32 1 1] [33 1 1] [34 1 1] [35 1 1] [36 1 1] [37 1 2] [38 1 2] [39 1 2] [40 1 2] [41 1 2] [42 1 2] [43 1 2] [44 1 2] [45 1 2] [46 1 2] [47 1 2] [48 1 2] [49 1 2] [50 1 2] [51 1 2] [52 1 2] [53 1 2] [54 1 2] [55 1 2] [56 1 2] [57 1 2] [58 1 2] [59 1 2] [60 1 2] [61 1 2] [62 1 2] [63 1 2] [64 1 2] [65 1 2] [66 1 2] [67 1 2] [68 1 2] [69 1 2] [70 1 2] [71 1 2] [72 1 2] [73 1 3] [74 1 3] [75 1 3] [76 1 3] [77 1 3] [78 1 3] [79 1 3] [80 1 3] [81 1 3] [82 1 3] [83 1 3] [84 1 3] [85 1 3] [86 1 3] [87 1 3] [88 1 3] [89 1 3] [90 1 3] [91 1 3] [92 1 3] [93 1 3] [94 1 3] [95 1 3] [96 1 3] [97 1 3] [98 1 3] [99 1 3] [100 1 3] [101 1 3] [102 1 3] [103 1 3] [104 1 3] [105 1 3] [106 1 3] [107 1 3] [108 1 3]],[[13 13 13 13 13 13 39 39 39 39 39 39 71 71 71 71 71 71 15 24 22 20 18 16 62 71 69 67 65 63] [1179 1183 1187 1185 1181 1178 3670 3674 3678 3676 3672 3669 3670 3674 3678 3676 3672 3669 1263 1263 1263 1263 1263 1263 3754 3754 3754 3754 3754 3754] [79 79 79 79 79 79 10079 10079 10079 10079 10079 10079 10079 10079 10079 10079 10079 10079 84 84 84 84 84 84 10084 10084 10084 10084 10084 10084] [10 10 10 10 10 10 10 10 10 10 10 10 10 10 10 10 10 10 10 10 10 10 10 10 10 10 10 10 10 10] [1.9 1.9 1.9 1.9 1.9 1.9 0.8 0.8 0.8 0.8 0.8 0.8 0.5 0.5 0.5 0.5 0.5 0.5 0.5 0.5 0.5 0.5 0.5 0.5 0.6 0.6 0.6 0.6 0.6 0.6]]
CypD-x0083-pandda-model,[[1 1 1] [2 1 1] [3 1 1] [4 1 1] [5 1 1] [6 1 1] [7 1 1] [8 1 1] [9 1 1] [10 1 1] [11 1 1] [12 1 1] [13 1 1] [14 1 1] [15 1 1] [16 1 1] [17 1 1] [18 1 1] [19 1 1] [20 1 1] [21 1 1] [22 1 1] [23 1 1] [24 1 1] [25 1 1] [26 1 1] [27 1 2] [28 1 2] [29 1 2] [30 1 2] [31 1 2] [32 1 2] [33 1 2] [34 1 2] [35 1 2] [36 1 2] [37 1 2] [38 1 2] [39 1 2] [40 1 2] [41 1 2] [42 1 2] [43 1 2] [44 1 2] [45 1 2] [46 1 2] [47 1 2] [48 1 2] [49 1 2] [50 1 2] [51 1 2] [52 1 2]],[[27 7 38] [3823 1360 3851] [10089 91 10091] [3 4 4] [0.6 3.9 3.3]]
CypD-x0084-pandda-model,[[1 1 1] [2 1 1] [3 1 1] [4 1 1] [5 1 1] [6 1 1] [7 1 1] [8 1 1] [9 1 1] [10 1 1] [11 1 1] [12 1 1] [13 1 1] [14 1 1] [15 1 1] [16 1 1] [17 1 1] [18 1 1] [19 1 1] [20 1 1] [21 1 1] [22 1 1] [23 1 1] [24 1 1] [25 1 1] [26 1 1] [27 1 1] [28 1 2] [29 1 2] [30 1 2] [31 1 2] [32 1 2] [33 1 2] [34 1 2] [35 1 2] [36 1 2] [37 1 2] [38 1 2] [39 1 2] [40 1 2] [41 1 2] [42 1 2] [43 1 2] [44 1 2] [45 1 2] [46 1 2] [47 1 2] [48 1 2] [49 1 2] [50 1 2] [51 1 2] [52 1 2] [53 1 2] [54 1 2] [55 1 3] [56 1 3] [57 1 3] [58 1 3] [59 1 3] [60 1 3] [61 1 3] [62 1 3] [63 1 3] [64 1 3] [65 1 3] [66 1 3] [67 1 3] [68 1 3] [69 1 3] [70 1 3] [71 1 3] [72 1 3] [73 1 3] [74 1 3] [75 1 3] [76 1 3] [77 1 3] [78 1 3] [79 1 3] [80 1 3] [81 1 3]],[[10 10 10 10 10 10 5 12 13 10 6 44 53 51 49 47 45 32 39 40 37 33 44 53 51 49 47 45] [1181 1185 1187 1183 1179 1178 1263 1263 1263 1263 1263 2965 2965 2965 2965 2965 2965 3725 3725 3725 3725 3725 3729 3729 3729 3729 3729 3729] [79 79 79 79 79 79 84 84 84 84 84 10031 10031 10031 10031 10031 10031 10083 10083 10083 10083 10083 10083 10083 10083 10083 10083 10083] [10 10 10 10 10 10 10 10 10 10 10 10 10 10 10 10 10 10 10 10 10 10 10 10 10 10 10 10] [0.5 0.5 0.5 0.5 0.5 0.5 1.7 1.7 1.7 1.7 1.7 0.6 0.6 0.6 0.6 0.6 0.6 0.8 0.8 0.8 0.8 0.8 0.5 0.5 0.5 0.5 0.5 0.5]]
CypD-x0085-pandda-model,[[1 1 1] [2 1 1] [3 1 1] [4 1 1] [5 1 1] [6 1 1] [7 1 1] [8 1 1] [9 1 1] [10 1 1] [11 1 1] [12 1 1] [13 1 1] [14 1 1] [15 1 1] [16 1 1] [17 1 1] [18 1 1] [19 1 1] [20 1 1] [21 1 1] [22 1 1] [23 2 1] [24 2 1] [25 2 1] [26 2 1] [27 2 1] [28 2 1] [29 2 1] [30 2 1] [31 2 1] [32 2 1] [33 2 1] [34 2 1] [35 2 1] [36 2 1] [37 2 1] [38 2 1] [39 2 1] [40 2 1] [41 2 1] [42 2 1] [43 2 1] [44 2 1] [45 2 1] [46 2 1] [47 1 2] [48 1 2] [49 1 2] [50 1 2] [51 1 2] [52 1 2] [53 1 2] [54 1 2] [55 1 2] [56 1 2] [57 1 2] [58 1 2] [59 1 2] [60 1 2] [61 1 2] [62 1 2] [63 1 2] [64 1 2] [65 1 2] [66 1 2] [67 1 2] [68 1 2] [69 1 2] [70 1 2] [71 2 2] [72 2 2] [73 2 2] [74 2 2] [75 2 2] [76 2 2] [77 2 2] [78 2 2] [79 2 2] [80 2 2] [81 2 2] [82 2 2] [83 2 2] [84 2 2] [85 2 2] [86 2 2] [87 2 2] [88 2 2] [89 2 2] [90 2 2] [91 2 2] [92 2 2] [93 1 3] [94 1 3] [95 1 3] [96 1 3] [97 1 3] [98 1 3] [99 1 3] [100 1 3] [101 1 3] [102 1 3] [103 1 3] [104 1 3] [105 1 3] [106 1 3] [107 1 3] [108 1 3] [109 1 3] [110 1 3] [111 1 3] [112 1 3] [113 1 3] [114 1 3] [115 1 3] [116 1 3]],[[24 48 88 94 98 2 72 98 112 111 114 102 98 112 111 114 102 1 13 11 9 6 3 1 13 11 9 6 3 1 13 11 9 6 3 71 83 81 79 76 73 71 83 81 79 76 73 71 83 81 79 76 73 75 88 87 90 78] [739 3599 3822 5730 409 1360 3850 424 424 424 424 424 428 428 428 428 428 1347 1347 1347 1347 1347 1347 1352 1352 1352 1352 1352 1352 1356 1356 1356 1356 1356 1356 3837 3837 3837 3837 3837 3837 3842 3842 3842 3842 3842 3842 3846 3846 3846 3846 3846 3846 3862 3862 3862 3862 3862] [49 10074 10089 20049 27 91 10091 28 28 28 28 28 28 28 28 28 28 90 90 90 90 90 90 90 90 90 90 90 90 90 90 90 90 90 90 10090 10090 10090 10090 10090 10090 10090 10090 10090 10090 10090 10090 10090 10090 10090 10090 10090 10090 10091 10091 10091 10091 10091] [3 3 3 3 3 4 4 10 10 10 10 10 10 10 10 10 10 10 10 10 10 10 10 10 10 10 10 10 10 10 10 10 10 10 10 10 10 10 10 10 10 10 10 10 10 10 10 10 10 10 10 10 10 10 10 10 10 10] [1 0.5 0.5 0.6 2.4 2.6 2.5 0.7 0.7 0.7 0.7 0.7 0.5 0.5 0.5 0.5 0.5 0.5 0.5 0.5 0.5 0.5 0.5 0.8 0.8 0.8 0.8 0.8 0.8 0.9 0.9 0.9 0.9 0.9 0.9 0.6 0.6 0.6 0.6 0.6 0.6 0.6 0.6 0.6 0.6 0.6 0.6 0.7 0.7 0.7 0.7 0.7 0.7 0.7 0.7 0.7 0.7 0.7]]
CypD-x0086-pandda-model,[[1 1 1] [2 1 1] [3 1 1] [4 1 1] [5 1 1] [6 1 1] [7 1 1] [8 1 1] [9 1 1] [10 1 1] [11 1 1] [12 1 1] [13 1 1] [14 1 1] [15 1 1] [16 1 1] [17 1 1] [18 1 1] [19 1 1] [20 1 1] [21 1 1] [22 1 1] [23 1 1] [24 1 1] [25 1 1] [26 1 1] [27 1 1] [28 1 1] [29 1 1] [30 1 1] [31 1 1] [32 1 1] [33 1 1] [34 2 1] [35 2 1] [36 2 1] [37 2 1] [38 2 1] [39 2 1] [40 2 1] [41 2 1] [42 2 1] [43 2 1] [44 2 1] [45 2 1] [46 2 1] [47 2 1] [48 2 1] [49 2 1] [50 2 1] [51 2 1] [52 2 1] [53 2 1] [54 2 1] [55 2 1] [56 2 1] [57 2 1] [58 2 1] [59 2 1] [60 2 1] [61 2 1] [62 2 1] [63 2 1] [64 2 1] [65 2 1] [66 2 1] [67 1 2] [68 1 2] [69 1 2] [70 1 2] [71 1 2] [72 1 2] [73 1 2] [74 1 2] [75 1 2] [76 1 2] [77 1 2] [78 1 2] [79 1 2] [80 1 2] [81 1 2] [82 1 2] [83 1 2] [84 1 2] [85 1 2] [86 1 2] [87 1 2] [88 1 2] [89 1 2] [90 1 2] [91 1 2] [92 1 2] [93 1 2] [94 1 2] [95 1 2] [96 1 2] [97 1 2] [98 1 2] [99 1 2] [100 2 2] [101 2 2] [102 2 2] [103 2 2] [104 2 2] [105 2 2] [106 2 2] [107 2 2] [108 2 2] [109 2 2] [110 2 2] [111 2 2] [112 2 2] [113 2 2] [114 2 2] [115 2 2] [116 2 2] [117 2 2] [118 2 2] [119 2 2] [120 2 2] [121 2 2] [122 2 2] [123 2 2] [124 2 2] [125 2 2] [126 2 2] [127 2 2] [128 2 2] [129 2 2] [130 2 2] [131 2 2] [132 2 2] [133 3 2] [134 3 2] [135 3 2] [136 3 2] [137 3 2] [138 3 2] [139 3 2] [140 3 2] [141 3 2] [142 3 2] [143 3 2] [144 3 2] [145 3 2] [146 3 2] [147 3 2] [148 3 2] [149 3 2] [150 3 2] [151 3 2] [152 3 2] [153 3 2] [154 3 2] [155 3 2] [156 3 2] [157 3 2] [158 3 2] [159 3 2] [160 3 2] [161 3 2] [162 3 2] [163 3 2] [164 3 2] [165 3 2] [166 4 2] [167 4 2] [168 4 2] [169 4 2] [170 4 2] [171 4 2] [172 4 2] [173 4 2] [174 4 2] [175 4 2] [176 4 2] [177 4 2] [178 4 2] [179 4 2] [180 4 2] [181 4 2] [182 4 2] [183 4 2] [184 4 2] [185 4 2] [186 4 2] [187 4 2] [188 4 2] [189 4 2] [190 4 2] [191 4 2] [192 4 2] [193 4 2] [194 4 2] [195 4 2] [196 4 2] [197 4 2] [198 4 2]],[[80 94 6 6 10 39 17 26 24 22 20 18 116 125 123 121 119 117] [3392 3392 3712 3715 6067 387 1260 1260 1260 1260 1260 1260 3845 3845 3845 3845 3845 3845] [10059 10059 10082 10082 20071 25 84 84 84 84 84 84 10090 10090 10090 10090 10090 10090] [3 3 2 2 2 2 10 10 10 10 10 10 10 10 10 10 10 10] [0.8 1.1 1.8 2.4 1.5 0.5 0.6 0.6 0.6 0.6 0.6 0.6 0.5 0.5 0.5 0.5 0.5 0.5]]
CypD-x0088-pandda-model,[[1 1 1] [2 1 1] [3 1 1] [4 1 1] [5 1 1] [6 1 1] [7 1 1] [8 1 1] [9 1 1] [10 1 1] [11 1 1] [12 1 1] [13 1 1] [14 1 1] [15 1 1] [16 1 1] [17 1 1] [18 1 1] [19 1 1] [20 1 1] [21 1 1] [22 1 1] [23 1 1] [24 1 1] [25 1 1] [26 1 1] [27 1 1] [28 1 1] [29 1 1] [30 1 1] [31 1 1]],[[1 1 1 1 1] [1970 1973 1974 1976 1971] [20131 20131 20131 20131 20131] [10 10 10 10 10] [0.5 0.5 0.5 0.5 0.5]]
CypD-x0090-pandda-model,[[1 1 1] [2 1 1] [3 1 1] [4 1 1] [5 1 1] [6 1 1] [7 1 1] [8 1 1] [9 1 1] [10 1 1] [11 1 1] [12 1 1] [13 1 1] [14 1 1] [15 1 1] [16 1 1] [17 1 1] [18 1 1] [19 1 1] [20 1 1] [21 1 1] [22 1 1] [23 1 1] [24 1 1] [25 1 1] [26 2 1] [27 2 1] [28 2 1] [29 2 1] [30 2 1] [31 2 1] [32 2 1] [33 2 1] [34 2 1] [35 2 1] [36 2 1] [37 2 1] [38 2 1] [39 2 1] [40 2 1] [41 2 1] [42 2 1] [43 2 1] [44 2 1] [45 2 1] [46 2 1] [47 2 1] [48 2 1] [49 2 1] [50 2 1] [51 1 2] [52 1 2] [53 1 2] [54 1 2] [55 1 2] [56 1 2] [57 1 2] [58 1 2] [59 1 2] [60 1 2] [61 1 2] [62 1 2] [63 1 2] [64 1 2] [65 1 2] [66 1 2] [67 1 2] [68 1 2] [69 1 2] [70 1 2] [71 1 2] [72 1 2] [73 1 2] [74 1 2] [75 1 2] [76 1 3] [77 1 3] [78 1 3] [79 1 3] [80 1 3] [81 1 3] [82 1 3] [83 1 3] [84 1 3] [85 1 3] [86 1 3] [87 1 3] [88 1 3] [89 1 3] [90 1 3] [91 1 3] [92 1 3] [93 1 3] [94 1 3] [95 1 3] [96 1 3] [97 1 3] [98 1 3] [99 1 3] [100 1 3]],[[63 5 31 56 80 55 58 66 71 57 5 5 5 5 5 8 8 8 8 8 16 16 16 16 16 21 21 21 21 21 7 7 7 7 7 80 80 80 80 80 83 83 83 83 83 91 91 91 91 91 96 96 96 96 96 82 82 82 82 82] [3578 390 970 3460 5380 6087 6087 6087 6087 6087 1958 1961 1963 1965 1959 1958 1961 1963 1965 1959 1958 1961 1963 1965 1959 1958 1961 1963 1965 1959 1958 1961 1963 1965 1959 6949 6952 6954 6955 6950 6949 6952 6954 6955 6950 6949 6952 6954 6955 6950 6949 6952 6954 6955 6950 6949 6952 6954 6955 6950] [10072 25 63 10063 20025 20073 20073 20073 20073 20073 131 131 131 131 131 131 131 131 131 131 131 131 131 131 131 131 131 131 131 131 131 131 131 131 131 20131 20131 20131 20131 20131 20131 20131 20131 20131 20131 20131 20131 20131 20131 20131 20131 20131 20131 20131 20131 20131 20131 20131 20131 20131] [3 2 2 2 2 10 10 10 10 10 10 10 10 10 10 10 10 10 10 10 10 10 10 10 10 10 10 10 10 10 10 10 10 10 10 10 10 10 10 10 10 10 10 10 10 10 10 10 10 10 10 10 10 10 10 10 10 10 10 10] [3.5 13.2 3.3 2.8 13.3 0.7 0.7 0.7 0.7 0.7 -0 -0 -0 -0 -0 -0 -0 -0 -0 -0 -0 -0 -0 -0 -0 -0 -0 -0 -0 -0 -0 -0 -0 -0 -0 -0 -0 -0 -0 -0 -0 -0 -0 -0 -0 -0 -0 -0 -0 -0 -0 -0 -0 -0 -0 -0 -0 -0 -0 -0]]
CypD-x0091-pandda-model,[[1 1 1] [2 1 1] [3 1 1] [4 1 1] [5 1 1] [6 1 1] [7 1 1] [8 1 1] [9 1 1] [10 1 1] [11 1 1] [12 1 1] [13 1 1] [14 1 1] [15 1 1] [16 1 1] [17 1 1] [18 1 1] [19 1 1] [20 1 1] [21 1 1] [22 1 1] [23 1 1] [24 1 1] [25 1 1] [26 1 1]],[[6 12 14 12] [818 3470 3470 3343] [10054 20063 20063 20055] [2 2 2 7] [1.6 6 1.9 4.401062082]]
CypD-x0094-pandda-model,[[1 1 1] [2 1 1] [3 1 1] [4 1 1] [5 1 1] [6 1 1] [7 1 1] [8 1 1] [9 1 1] [10 1 1] [11 1 1] [12 1 1] [13 1 1] [14 1 1] [15 1 1] [16 1 1] [17 1 1] [18 1 1] [19 1 1] [20 1 1] [21 1 1] [22 1 1] [23 1 1] [24 1 1] [25 1 1] [26 1 1] [27 2 1] [28 2 1] [29 2 1] [30 2 1] [31 2 1] [32 2 1] [33 2 1] [34 2 1] [35 2 1] [36 2 1] [37 2 1] [38 2 1] [39 2 1] [40 2 1] [41 2 1] [42 2 1] [43 2 1] [44 2 1] [45 2 1] [46 2 1] [47 2 1] [48 2 1] [49 2 1] [50 2 1] [51 2 1] [52 3 1] [53 3 1] [54 3 1] [55 3 1] [56 3 1] [57 3 1] [58 3 1] [59 3 1] [60 3 1] [61 3 1] [62 3 1] [63 3 1] [64 3 1] [65 3 1] [66 3 1] [67 3 1] [68 3 1] [69 3 1] [70 3 1] [71 3 1] [72 3 1] [73 3 1] [74 3 1] [75 3 1] [76 3 1] [77 3 1] [78 1 2] [79 1 2] [80 1 2] [81 1 2] [82 1 2] [83 1 2] [84 1 2] [85 1 2] [86 1 2] [87 1 2] [88 1 2] [89 1 2] [90 1 2] [91 1 2] [92 1 2] [93 1 2] [94 1 2] [95 1 2] [96 1 2] [97 1 2] [98 1 2] [99 1 2] [100 1 2] [101 1 2] [102 1 2] [103 1 2]],[[35 6 83 7 7 7 7 7 82 94 91 88 84] [1094 1359 3848 1957 1960 1961 1963 1958 3860 3860 3860 3860 3860] [73 91 10091 131 131 131 131 131 10091 10091 10091 10091 10091] [3 4 4 10 10 10 10 10 10 10 10 10 10] [2.3 5 2.3 1.3 1.3 1.3 1.3 1.3 1.7 1.7 1.7 1.7 1.7]]
CypD-x0095-pandda-model,[[1 1 1] [2 1 1] [3 1 1] [4 1 1] [5 1 1] [6 1 1] [7 1 1] [8 1 1] [9 1 1] [10 1 1] [11 1 1] [12 1 1] [13 1 1] [14 1 1] [15 1 1] [16 1 1] [17 1 1] [18 1 1] [19 1 1] [20 1 1] [21 1 1] [22 1 1] [23 1 1] [24 1 1] [25 1 1] [26 1 1] [27 1 1]],[[15 17] [4305 3346] [20121 20055] [2 2] [3.4 0.6]]
CypD-x0097-pandda-model,[[1 1 1] [2 1 1] [3 1 1] [4 1 1] [5 1 1] [6 1 1] [7 1 1] [8 1 1] [9 1 1] [10 1 1] [11 1 1] [12 1 1] [13 1 1] [14 1 1] [15 1 1] [16 1 1] [17 1 1] [18 1 1] [19 1 1] [20 1 1] [21 1 1] [22 1 1] [23 1 1] [24 1 1] [25 1 1] [26 1 1] [27 1 1] [28 1 1] [29 1 1] [30 1 1] [31 1 1] [32 1 1] [33 1 1] [34 1 1] [35 1 1] [36 1 1] [37 1 1] [38 1 1] [39 1 1]],[[] [] [] [] []]
CypD-x0099-pandda-model,[[1 1 1] [2 1 1] [3 1 1] [4 1 1] [5 1 1] [6 1 1] [7 1 1] [8 1 1] [9 1 1] [10 1 1] [11 1 1] [12 1 1] [13 1 1] [14 1 1] [15 1 1] [16 1 1] [17 1 1] [18 1 1] [19 1 1] [20 1 1] [21 1 1] [22 1 1] [23 1 1] [24 1 1] [25 1 1] [26 1 1] [27 1 1] [28 1 1] [29 2 1] [30 2 1] [31 2 1] [32 2 1] [33 2 1] [34 2 1] [35 2 1] [36 2 1] [37 2 1] [38 2 1] [39 2 1] [40 2 1] [41 2 1] [42 2 1] [43 2 1] [44 2 1] [45 2 1] [46 2 1] [47 2 1] [48 2 1] [49 2 1] [50 2 1] [51 2 1] [52 2 1] [53 2 1] [54 2 1] [55 2 1] [56 2 1] [57 1 2] [58 1 2] [59 1 2] [60 1 2] [61 1 2] [62 1 2] [63 1 2] [64 1 2] [65 1 2] [66 1 2] [67 1 2] [68 1 2] [69 1 2] [70 1 2] [71 1 2] [72 1 2] [73 1 2] [74 1 2] [75 1 2] [76 1 2] [77 1 2] [78 1 2] [79 1 2] [80 1 2] [81 1 2] [82 1 2] [83 1 2] [84 1 2] [85 2 2] [86 2 2] [87 2 2] [88 2 2] [89 2 2] [90 2 2] [91 2 2] [92 2 2] [93 2 2] [94 2 2] [95 2 2] [96 2 2] [97 2 2] [98 2 2] [99 2 2] [100 2 2] [101 2 2] [102 2 2] [103 2 2] [104 2 2] [105 2 2] [106 2 2] [107 2 2] [108 2 2] [109 2 2] [110 2 2] [111 2 2] [112 2 2]],[[13 13 34 69 90 47 56 54 52 50 48 39 56 47 45 41 11 28 19 17 13 95 112 103 101 97 103 112 110 108 106 104] [1343 1360 480 3849 2969 1238 1238 1238 1238 1238 1238 1257 1257 1257 1257 1257 1360 1360 1360 1360 1360 3746 3746 3746 3746 3746 3752 3752 3752 3752 3752 3752] [90 91 31 10091 10031 83 83 83 83 83 83 84 84 84 84 84 91 91 91 91 91 10084 10084 10084 10084 10084 10084 10084 10084 10084 10084 10084] [4 4 2 4 2 10 10 10 10 10 10 10 10 10 10 10 10 10 10 10 10 10 10 10 10 10 10 10 10 10 10 10] [0.5 0.5 7.3 1.2 3.5 0.6 0.6 0.6 0.6 0.6 0.6 0.9 0.9 0.9 0.9 0.9 0.5 0.5 0.5 0.5 0.5 1.2 1.2 1.2 1.2 1.2 0.6 0.6 0.6 0.6 0.6 0.6]]
CypD-x0100-pandda-model,[[1 1 1] [2 1 1] [3 1 1] [4 1 1] [5 1 1] [6 1 1] [7 1 1] [8 1 1] [9 1 1] [10 1 1] [11 1 1] [12 1 1] [13 1 1] [14 1 1] [15 1 1] [16 1 1] [17 1 1] [18 1 1] [19 1 1] [20 1 1] [21 1 1] [22 1 1] [23 1 1] [24 1 1] [25 1 1] [26 1 1] [27 1 1] [28 1 1] [29 1 1]],[[6 9 14 14 14 14 14] [398 1371 1973 1974 1976 1971 1970] [20025 20091 20131 20131 20131 20131 20131] [2 4 10 10 10 10 10] [0.9 2.6 1.1 1.1 1.1 1.1 1.1]]
CypD-x0101-pandda-model,[[1 1 1] [2 1 1] [3 1 1] [4 1 1] [5 1 1] [6 1 1] [7 1 1] [8 1 1] [9 1 1] [10 1 1] [11 1 1] [12 1 1] [13 1 1] [14 1 1] [15 1 1] [16 1 1] [17 1 1] [18 1 1] [19 1 1] [20 1 1] [21 1 1] [22 1 1] [23 1 1] [24 1 1] [25 1 1] [26 1 1] [27 1 1] [28 1 1] [29 1 1] [30 1 1] [31 1 1] [32 1 1] [33 1 1] [34 1 1] [35 1 2] [36 1 2] [37 1 2] [38 1 2] [39 1 2] [40 1 2] [41 1 2] [42 1 2] [43 1 2] [44 1 2] [45 1 2] [46 1 2] [47 1 2] [48 1 2] [49 1 2] [50 1 2] [51 1 2] [52 1 2] [53 1 2] [54 1 2] [55 1 2] [56 1 2] [57 1 2] [58 1 2] [59 1 2] [60 1 2] [61 1 2] [62 1 2] [63 1 2] [64 1 2] [65 1 2] [66 1 2] [67 1 2] [68 1 2] [69 2 2] [70 2 2] [71 2 2] [72 2 2] [73 2 2] [74 2 2] [75 2 2] [76 2 2] [77 2 2] [78 2 2] [79 2 2] [80 2 2] [81 2 2] [82 2 2] [83 2 2] [84 2 2] [85 2 2] [86 2 2] [87 2 2] [88 2 2] [89 2 2] [90 2 2] [91 2 2] [92 2 2] [93 2 2] [94 2 2] [95 2 2] [96 2 2] [97 2 2] [98 2 2] [99 2 2] [100 2 2] [101 2 2] [102 2 2] [103 1 3] [104 1 3] [105 1 3] [106 1 3] [107 1 3] [108 1 3] [109 1 3] [110 1 3] [111 1 3] [112 1 3] [113 1 3] [114 1 3] [115 1 3] [116 1 3] [117 1 3] [118 1 3] [119 1 3] [120 1 3] [121 1 3] [122 1 3] [123 1 3] [124 1 3] [125 1 3] [126 1 3] [127 1 3] [128 1 3] [129 1 3] [130 1 3] [131 1 3] [132 1 3] [133 1 3] [134 1 3] [135 1 3] [136 1 3]],[[6 74 109 109 109 109 109 58 67 65 63 61 59 92 101 99 97 95 93] [1360 3849 6949 6952 6954 6956 6950 3330 3330 3330 3330 3330 3330 3836 3836 3836 3836 3836 3836] [91 10091 20131 20131 20131 20131 20131 10055 10055 10055 10055 10055 10055 10090 10090 10090 10090 10090 10090] [4 4 10 10 10 10 10 10 10 10 10 10 10 10 10 10 10 10 10] [4.4 4.3 0.5 0.5 0.5 0.5 0.5 0.6 0.6 0.6 0.6 0.6 0.6 0.5 0.5 0.5 0.5 0.5 0.5]]
CypD-x0104-pandda-model,[[1 1 1] [2 1 1] [3 1 1] [4 1 1] [5 1 1] [6 1 1] [7 1 1] [8 1 1] [9 1 1] [10 1 1] [11 1 1] [12 1 1] [13 1 1] [14 1 1] [15 1 1] [16 1 1] [17 1 1] [18 1 1] [19 2 1] [20 2 1] [21 2 1] [22 2 1] [23 2 1] [24 2 1] [25 2 1] [26 2 1] [27 2 1] [28 2 1] [29 2 1] [30 2 1] [31 2 1] [32 2 1] [33 2 1] [34 2 1] [35 2 1] [36 2 1] [37 1 2] [38 1 2] [39 1 2] [40 1 2] [41 1 2] [42 1 2] [43 1 2] [44 1 2] [45 1 2] [46 1 2] [47 1 2] [48 1 2] [49 1 2] [50 1 2] [51 1 2] [52 1 2] [53 1 2] [54 1 2] [55 1 2] [56 1 2] [57 2 2] [58 2 2] [59 2 2] [60 2 2] [61 2 2] [62 2 2] [63 2 2] [64 2 2] [65 2 2] [66 2 2] [67 2 2] [68 2 2] [69 2 2] [70 2 2] [71 2 2] [72 2 2] [73 2 2] [74 2 2] [75 1 3] [76 1 3] [77 1 3] [78 1 3] [79 1 3] [80 1 3] [81 1 3] [82 1 3] [83 1 3] [84 1 3] [85 1 3] [86 1 3] [87 1 3] [88 1 3] [89 1 3] [90 1 3] [91 1 3] [92 1 3] [93 2 3] [94 2 3] [95 2 3] [96 2 3] [97 2 3] [98 2 3] [99 2 3] [100 2 3] [101 2 3] [102 2 3] [103 2 3] [104 2 3] [105 2 3] [106 2 3] [107 2 3] [108 2 3] [109 2 3] [110 2 3]],[[26 26 44 109 7 81 57 57 57 57 57 57] [615 2429 3104 7419 2023 6067 3407 3410 3414 3416 3412 3408] [40 161 10040 20161 136 20071 10060 10060 10060 10060 10060 10060] [3 3 3 3 4 2 10 10 10 10 10 10] [0.5 0.8 1 0.5 4.8 2.9 0.5 0.5 0.5 0.5 0.5 0.5]]
CypD-x0106-pandda-model,[[1 1 1] [2 1 1] [3 1 1] [4 1 1] [5 1 1] [6 1 1] [7 1 1] [8 1 1] [9 1 1] [10 1 1] [11 1 1] [12 1 1] [13 1 1] [14 1 1] [15 1 1] [16 1 1] [17 1 1] [18 1 1] [19 1 1] [20 1 1] [21 1 1] [22 1 1] [23 1 1] [24 1 1] [25 1 1] [26 1 1] [27 1 1] [28 1 1] [29 1 1] [30 1 1] [31 1 1] [32 1 1] [33 1 1] [34 1 1] [35 1 1] [36 1 1] [37 1 2] [38 1 2] [39 1 2] [40 1 2] [41 1 2] [42 1 2] [43 1 2] [44 1 2] [45 1 2] [46 1 2] [47 1 2] [48 1 2] [49 1 2] [50 1 2] [51 1 2] [52 1 2] [53 1 2] [54 1 2] [55 1 2] [56 1 2] [57 1 2] [58 1 2] [59 1 2] [60 1 2] [61 1 2] [62 1 2] [63 1 2] [64 1 2] [65 1 2] [66 1 2] [67 1 2] [68 1 2] [69 1 2] [70 1 2] [71 1 2] [72 1 2]],[[64 64 64 64 64 64 27 36 34 32 30 28] [3407 3410 3414 3416 3412 3408 2229 2229 2229 2229 2229 2229] [10060 10060 10060 10060 10060 10060 148 148 148 148 148 148] [10 10 10 10 10 10 10 10 10 10 10 10] [0.6 0.6 0.6 0.6 0.6 0.6 0.9 0.9 0.9 0.9 0.9 0.9]]
CypD-x0107-pandda-model,[[1 1 1] [2 1 1] [3 1 1] [4 1 1] [5 1 1] [6 1 1] [7 1 1] [8 1 1] [9 1 1] [10 1 1] [11 1 1] [12 1 1] [13 1 1] [14 1 1] [15 1 1] [16 1 1] [17 1 1] [18 1 1] [19 1 1] [20 1 1] [21 1 1] [22 1 1] [23 1 1] [24 1 1] [25 1 1] [26 1 1] [27 1 1] [28 1 1] [29 1 1] [30 1 2] [31 1 2] [32 1 2] [33 1 2] [34 1 2] [35 1 2] [36 1 2] [37 1 2] [38 1 2] [39 1 2] [40 1 2] [41 1 2] [42 1 2] [43 1 2] [44 1 2] [45 1 2] [46 1 2] [47 1 2] [48 1 2] [49 1 2] [50 1 2] [51 1 2] [52 1 2] [53 1 2] [54 1 2] [55 1 2] [56 1 2] [57 1 2] [58 1 2] [59 2 2] [60 2 2] [61 2 2] [62 2 2] [63 2 2] [64 2 2] [65 2 2] [66 2 2] [67 2 2] [68 2 2] [69 2 2] [70 2 2] [71 2 2] [72 2 2] [73 2 2] [74 2 2] [75 2 2] [76 2 2] [77 2 2] [78 2 2] [79 2 2] [80 2 2] [81 2 2] [82 2 2] [83 2 2] [84 2 2] [85 2 2] [86 2 2]],[[21 37 50 13 40 70 30 30 30 30 30 30] [1521 5932 6512 1516 6507 7220 6658 6661 6665 6667 6663 6659] [102 20061 20102 102 20102 20148 20113 20113 20113 20113 20113 20113] [3 1 3 4 4 2 10 10 10 10 10 10] [0.5 0.6 0.6 3.2 3 8.6 0.5 0.5 0.5 0.5 0.5 0.5]]
CypD-x0110-pandda-model,[[1 1 1] [2 1 1] [3 1 1] [4 1 1] [5 1 1] [6 1 1] [7 1 1] [8 1 1] [9 1 1] [10 1 1] [11 1 1] [12 1 1] [13 1 1] [14 1 1] [15 1 1] [16 1 1] [17 1 1] [18 1 1] [19 2 1] [20 2 1] [21 2 1] [22 2 1] [23 2 1] [24 2 1] [25 2 1] [26 2 1] [27 2 1] [28 2 1] [29 2 1] [30 2 1] [31 2 1] [32 2 1] [33 2 1] [34 2 1] [35 2 1] [36 2 1] [37 3 1] [38 3 1] [39 3 1] [40 3 1] [41 3 1] [42 3 1] [43 3 1] [44 3 1] [45 3 1] [46 3 1] [47 3 1] [48 3 1] [49 3 1] [50 3 1] [51 3 1] [52 3 1] [53 3 1] [54 3 1] [55 1 2] [56 1 2] [57 1 2] [58 1 2] [59 1 2] [60 1 2] [61 1 2] [62 1 2] [63 1 2] [64 1 2] [65 1 2] [66 1 2] [67 1 2] [68 1 2] [69 1 2] [70 1 2] [71 1 2] [72 1 2]],[[12 12 29 41 41 7 7 7 7 7] [1516 1887 2488 1866 1889 1887 1889 1883 1882 1885] [102 126 165 125 126 126 126 126 126 126] [4 2 2 2 2 10 10 10 10 10] [2.9 0.5 1.8 1 0.7 0.6 0.6 0.6 0.6 0.6]]
CypD-x0111-pandda-model,[[1 1 1] [2 1 1] [3 1 1] [4 1 1] [5 1 1] [6 1 1] [7 1 1] [8 1 1] [9 1 1] [10 1 1] [11 1 1] [12 1 1] [13 1 1] [14 1 1] [15 1 1] [16 1 1] [17 1 1] [18 1 1] [19 1 1] [20 1 1] [21 1 1] [22 1 1] [23 1 1] [24 1 1] [25 1 1] [26 1 1] [27 1 1] [28 1 1] [29 1 1] [30 1 1] [31 1 1] [32 1 1] [33 1 1] [34 1 1] [35 2 1] [36 2 1] [37 2 1] [38 2 1] [39 2 1] [40 2 1] [41 2 1] [42 2 1] [43 2 1] [44 2 1] [45 2 1] [46 2 1] [47 2 1] [48 2 1] [49 2 1] [50 2 1] [51 2 1] [52 2 1] [53 2 1] [54 2 1] [55 2 1] [56 2 1] [57 2 1] [58 2 1] [59 2 1] [60 2 1] [61 2 1] [62 2 1] [63 2 1] [64 2 1] [65 2 1] [66 2 1] [67 2 1] [68 2 1] [69 3 1] [70 3 1] [71 3 1] [72 3 1] [73 3 1] [74 3 1] [75 3 1] [76 3 1] [77 3 1] [78 3 1] [79 3 1] [80 3 1] [81 3 1] [82 3 1] [83 3 1] [84 3 1] [85 3 1] [86 3 1] [87 3 1] [88 3 1] [89 3 1] [90 3 1] [91 3 1] [92 3 1] [93 3 1] [94 3 1] [95 3 1] [96 3 1] [97 3 1] [98 3 1] [99 3 1] [100 3 1] [101 3 1] [102 3 1]],[[8 26 94 94 15 15 15 15 15] [903 888 3441 3473 1802 1805 1799 1798 1801] [10059 10058 20061 20063 10121 10121 10121 10121 10121] [3 3 1 1 10 10 10 10 10] [6.3 1 0.5 0.9 0.5 0.5 0.5 0.5 0.5]]
CypD-x0112-pandda-model,[[1 1 1] [2 1 1] [3 1 1] [4 1 1] [5 1 1] [6 1 1] [7 1 1] [8 1 1] [9 1 1] [10 1 1] [11 1 1] [12 1 1] [13 1 1] [14 1 1] [15 1 1] [16 1 1] [17 1 1] [18 1 1] [19 1 1] [20 1 1] [21 1 1] [22 1 1] [23 1 1]],[[] [] [] [] []]
CypD-x0113-pandda-model,[[1 1 1] [2 1 1] [3 1 1] [4 1 1] [5 1 1] [6 1 1] [7 1 1] [8 1 1] [9 1 1] [10 1 1] [11 1 1] [12 1 1] [13 1 1] [14 1 1] [15 1 1] [16 1 1] [17 1 1] [18 1 1] [19 1 1] [20 1 1] [21 1 1] [22 1 1] [23 1 1] [24 1 1] [25 1 1] [26 1 1] [27 1 2] [28 1 2] [29 1 2] [30 1 2] [31 1 2] [32 1 2] [33 1 2] [34 1 2] [35 1 2] [36 1 2] [37 1 2] [38 1 2] [39 1 2] [40 1 2] [41 1 2] [42 1 2] [43 1 2] [44 1 2] [45 1 2] [46 1 2] [47 1 2] [48 1 2] [49 1 2] [50 1 2] [51 1 2] [52 1 2]],[[22 48 33 38] [2216 4706 5836 6795] [148 10148 20055 20121] [3 3 2 2] [0.8 0.7 3.6 3.3]]
CypD-x0114-pandda-model,[[1 1 1] [2 1 1] [3 1 1] [4 1 1] [5 1 1] [6 1 1] [7 1 1] [8 1 1] [9 1 1] [10 1 1] [11 1 1] [12 1 1] [13 1 1] [14 1 1] [15 1 1] [16 1 1] [17 1 2] [18 1 2] [19 1 2] [20 1 2] [21 1 2] [22 1 2] [23 1 2] [24 1 2] [25 1 2] [26 1 2] [27 1 2] [28 1 2] [29 1 2] [30 1 2] [31 1 2] [32 1 2] [33 2 2] [34 2 2] [35 2 2] [36 2 2] [37 2 2] [38 2 2] [39 2 2] [40 2 2] [41 2 2] [42 2 2] [43 2 2] [44 2 2] [45 2 2] [46 2 2] [47 2 2] [48 2 2] [49 1 3] [50 1 3] [51 1 3] [52 1 3] [53 1 3] [54 1 3] [55 1 3] [56 1 3] [57 1 3] [58 1 3] [59 1 3] [60 1 3] [61 1 3] [62 1 3] [63 1 3] [64 1 3] [65 2 3] [66 2 3] [67 2 3] [68 2 3] [69 2 3] [70 2 3] [71 2 3] [72 2 3] [73 2 3] [74 2 3] [75 2 3] [76 2 3] [77 2 3] [78 2 3] [79 2 3] [80 2 3] [81 3 3] [82 3 3] [83 3 3] [84 3 3] [85 3 3] [86 3 3] [87 3 3] [88 3 3] [89 3 3] [90 3 3] [91 3 3] [92 3 3] [93 3 3] [94 3 3] [95 3 3] [96 3 3]],[[3 17 33 23 32 39 55 87 83 93 86 88 90 92 19 19 19 19 19 29 29 29 29 29 22 22 22 22 22 24 24 24 24 24 26 26 26 26 26 28 28 28 28 28] [1511 3915 3745 2879 4450 2969 3459 5827 6074 6074 6074 6074 6074 6074 4447 4450 4452 4454 4448 4447 4450 4452 4454 4448 4447 4450 4452 4454 4448 4447 4450 4452 4454 4448 4447 4450 4452 4454 4448 4447 4450 4452 4454 4448] [101 10095 10084 10025 10131 10031 10063 20055 20072 20072 20072 20072 20072 20072 10131 10131 10131 10131 10131 10131 10131 10131 10131 10131 10131 10131 10131 10131 10131 10131 10131 10131 10131 10131 10131 10131 10131 10131 10131 10131 10131 10131 10131 10131] [3 3 3 2 2 2 2 2 10 10 10 10 10 10 10 10 10 10 10 10 10 10 10 10 10 10 10 10 10 10 10 10 10 10 10 10 10 10 10 10 10 10 10 10] [1.4 1.1 0.5 15.1 0.5 5.8 3.8 0.7 1.3 1.3 1.3 1.3 1.3 1.3 -0 -0 -0 -0 -0 -0 -0 -0 -0 -0 -0 -0 -0 -0 -0 -0 -0 -0 -0 -0 -0 -0 -0 -0 -0 -0 -0 -0 -0 -0]]
CypD-x0116-pandda-model,[[1 1 1] [2 1 1] [3 1 1] [4 1 1] [5 1 1] [6 1 1] [7 1 1] [8 1 1] [9 1 1] [10 1 1] [11 1 1] [12 1 1] [13 1 1] [14 1 1] [15 1 1] [16 1 1] [17 1 1] [18 1 1] [19 1 1] [20 1 1] [21 1 1] [22 1 1] [23 1 1] [24 1 1] [25 1 1] [26 1 1] [27 1 1] [28 1 1] [29 1 1]],[5 1886 126 1 1.5]
CypD-x0117-pandda-model,[[1 1 1] [2 1 1] [3 1 1] [4 1 1] [5 1 1] [6 1 1] [7 1 1] [8 1 1] [9 1 1] [10 1 1] [11 1 1] [12 1 1] [13 1 1] [14 1 1] [15 1 1] [16 1 1] [17 1 1] [18 1 1] [19 1 1] [20 1 1] [21 1 1] [22 1 1] [23 1 1] [24 1 1] [25 1 1] [26 1 1] [27 1 1] [28 2 1] [29 2 1] [30 2 1] [31 2 1] [32 2 1] [33 2 1] [34 2 1] [35 2 1] [36 2 1] [37 2 1] [38 2 1] [39 2 1] [40 2 1] [41 2 1] [42 2 1] [43 2 1] [44 2 1] [45 2 1] [46 2 1] [47 2 1] [48 2 1] [49 2 1] [50 2 1] [51 2 1] [52 2 1] [53 2 1] [54 2 1] [55 1 2] [56 1 2] [57 1 2] [58 1 2] [59 1 2] [60 1 2] [61 1 2] [62 1 2] [63 1 2] [64 1 2] [65 1 2] [66 1 2] [67 1 2] [68 1 2] [69 1 2] [70 1 2] [71 1 2] [72 1 2] [73 1 2] [74 1 2] [75 1 2] [76 1 2] [77 1 2] [78 1 2] [79 1 2] [80 1 2] [81 1 2] [82 1 3] [83 1 3] [84 1 3] [85 1 3] [86 1 3] [87 1 3] [88 1 3] [89 1 3] [90 1 3] [91 1 3] [92 1 3] [93 1 3] [94 1 3] [95 1 3] [96 1 3] [97 1 3] [98 1 3] [99 1 3] [100 1 3] [101 1 3] [102 1 3] [103 1 3] [104 1 3] [105 1 3] [106 1 3] [107 1 3] [108 1 3]],[[9 90] [1365 6511] [91 20102] [3 3] [4 2.2]]
CypD-x0120-pandda-model,[[1 1 1] [2 1 1] [3 1 1] [4 1 1] [5 1 1] [6 1 1] [7 1 1] [8 1 1] [9 1 1] [10 1 1] [11 1 1] [12 1 1] [13 1 1] [14 1 1] [15 1 1] [16 1 1] [17 1 1] [18 1 1] [19 1 1] [20 1 1] [21 1 1] [22 1 2] [23 1 2] [24 1 2] [25 1 2] [26 1 2] [27 1 2] [28 1 2] [29 1 2] [30 1 2] [31 1 2] [32 1 2] [33 1 2] [34 1 2] [35 1 2] [36 1 2] [37 1 2] [38 1 2] [39 1 2] [40 1 2] [41 1 2] [42 1 2] [43 1 3] [44 1 3] [45 1 3] [46 1 3] [47 1 3] [48 1 3] [49 1 3] [50 1 3] [51 1 3] [52 1 3] [53 1 3] [54 1 3] [55 1 3] [56 1 3] [57 1 3] [58 1 3] [59 1 3] [60 1 3] [61 1 3] [62 1 3] [63 1 3]],[[28 11 11 32 32 48 55 55 11 11 32 32 55 55 55 55 7 7 7 7 7 7 28 28 28 28 28 28] [3430 843 846 3332 3335 5832 3335 5835 843 846 3332 3335 3329 3335 5832 5835 1667 1670 1674 1676 1672 1668 4156 4159 4163 4165 4161 4157] [10061 55 55 10055 10055 20055 10055 20055 55 55 10055 10055 10055 10055 20055 20055 113 113 113 113 113 113 10113 10113 10113 10113 10113 10113] [1 2 2 2 2 2 2 2 7 7 7 7 7 7 7 7 10 10 10 10 10 10 10 10 10 10 10 10] [0.5 4.8 9.5 8.6 7.7 3.8 5.6 7.5 6.205314064 6.885175344 5.787664657 6.792146485 0.8414631402 6.320953907 0.6883637111 6.261582996 1.4 1.4 1.4 1.4 1.4 1.4 0.5 0.5 0.5 0.5 0.5 0.5]]
CypD-x0122-pandda-model,[[1 1 1] [2 1 1] [3 1 1] [4 1 1] [5 1 1] [6 1 1] [7 1 1] [8 1 1] [9 1 1] [10 1 1] [11 1 1] [12 1 1] [13 1 1] [14 1 1] [15 1 1] [16 1 1] [17 1 1] [18 1 1] [19 1 1] [20 1 1] [21 1 1] [22 1 1] [23 1 1] [24 1 1] [25 1 1] [26 1 1] [27 1 1] [28 1 2] [29 1 2] [30 1 2] [31 1 2] [32 1 2] [33 1 2] [34 1 2] [35 1 2] [36 1 2] [37 1 2] [38 1 2] [39 1 2] [40 1 2] [41 1 2] [42 1 2] [43 1 2] [44 1 2] [45 1 2] [46 1 2] [47 1 2] [48 1 2] [49 1 2] [50 1 2] [51 1 2] [52 1 2] [53 1 2] [54 1 2]],[[10 7 34 40 18 18 18 18 18 26 26 26 26 26 24 24 24 24 24 23 23 23 23 23 21 21 21 21 21 19 19 19 19 19] [1948 1417 4466 4525 1958 1961 1963 1965 1959 1958 1961 1963 1965 1959 1958 1961 1963 1965 1959 1958 1961 1963 1965 1959 1958 1961 1963 1965 1959 1958 1961 1963 1965 1959] [10130 10094 20131 20136 10131 10131 10131 10131 10131 10131 10131 10131 10131 10131 10131 10131 10131 10131 10131 10131 10131 10131 10131 10131 10131 10131 10131 10131 10131 10131 10131 10131 10131 10131] [3 4 2 4 10 10 10 10 10 10 10 10 10 10 10 10 10 10 10 10 10 10 10 10 10 10 10 10 10 10 10 10 10 10] [3.1 0.5 3.5 3.8 -0 -0 -0 -0 -0 -0 -0 -0 -0 -0 -0 -0 -0 -0 -0 -0 -0 -0 -0 -0 -0 -0 -0 -0 -0 -0 -0 -0 -0 -0]]
CypD-x0123-pandda-model,[[1 1 1] [2 1 1] [3 1 1] [4 1 1] [5 1 1] [6 1 1] [7 1 1] [8 1 1] [9 1 1] [10 1 1] [11 1 1] [12 1 1] [13 1 1] [14 1 1] [15 1 1] [16 1 1] [17 1 1] [18 1 1] [19 2 1] [20 2 1] [21 2 1] [22 2 1] [23 2 1] [24 2 1] [25 2 1] [26 2 1] [27 2 1] [28 2 1] [29 2 1] [30 2 1] [31 2 1] [32 2 1] [33 2 1] [34 2 1] [35 2 1] [36 2 1] [37 3 1] [38 3 1] [39 3 1] [40 3 1] [41 3 1] [42 3 1] [43 3 1] [44 3 1] [45 3 1] [46 3 1] [47 3 1] [48 3 1] [49 3 1] [50 3 1] [51 3 1] [52 3 1] [53 3 1] [54 3 1]],[[23 7] [1088 3578] [10072 20071] [3 2] [3 3.4]]
CypD-x0124-pandda-model,[[1 1 1] [2 1 1] [3 1 1] [4 1 1] [5 1 1] [6 1 1] [7 1 1] [8 1 1] [9 1 1] [10 1 1] [11 1 1] [12 1 1] [13 1 1] [14 1 1] [15 1 1] [16 1 1] [17 1 1] [18 1 1] [19 1 1] [20 1 1] [21 2 1] [22 2 1] [23 2 1] [24 2 1] [25 2 1] [26 2 1] [27 2 1] [28 2 1] [29 2 1] [30 2 1] [31 2 1] [32 2 1] [33 2 1] [34 2 1] [35 2 1] [36 2 1] [37 2 1] [38 2 1] [39 2 1] [40 2 1]],[[5 10 10 30] [1088 3323 3470 1516] [10072 20054 20063 10102] [3 2 2 4] [3.5 3.3 3 3.8]]
CypD-x0126-pandda-model,[[1 1 1] [2 1 1] [3 1 1] [4 1 1] [5 1 1] [6 1 1] [7 1 1] [8 1 1] [9 1 1] [10 1 1] [11 1 1] [12 1 1] [13 1 1] [14 1 1] [15 1 1] [16 1 1] [17 1 1] [18 1 1] [19 1 1] [20 1 1] [21 1 1] [22 1 1] [23 1 1] [24 1 1] [25 1 1] [26 2 1] [27 2 1] [28 2 1] [29 2 1] [30 2 1] [31 2 1] [32 2 1] [33 2 1] [34 2 1] [35 2 1] [36 2 1] [37 2 1] [38 2 1] [39 2 1] [40 2 1] [41 2 1] [42 2 1] [43 2 1] [44 2 1] [45 2 1] [46 2 1] [47 2 1] [48 2 1] [49 2 1]],[[5 35 8 32] [3609 3994 3729 4016] [20074 20100 20082 20102] [3 3 2 4] [4.1 0.5 7.4 4.7]]
CypD-x0127-pandda-model,[[1 1 1] [2 1 1] [3 1 1] [4 1 1] [5 1 1] [6 1 1] [7 1 1] [8 1 1] [9 1 1] [10 1 1] [11 1 1] [12 1 1] [13 1 1] [14 1 1] [15 1 1] [16 1 1] [17 1 1] [18 1 1] [19 1 1] [20 1 1] [21 1 1] [22 1 1] [23 1 1] [24 1 1] [25 2 1] [26 2 1] [27 2 1] [28 2 1] [29 2 1] [30 2 1] [31 2 1] [32 2 1] [33 2 1] [34 2 1] [35 2 1] [36 2 1] [37 2 1] [38 2 1] [39 2 1] [40 2 1] [41 2 1] [42 2 1] [43 2 1] [44 2 1] [45 2 1] [46 2 1] [47 2 1] [48 2 1] [49 3 1] [50 3 1] [51 3 1] [52 3 1] [53 3 1] [54 3 1] [55 3 1] [56 3 1] [57 3 1] [58 3 1] [59 3 1] [60 3 1] [61 3 1] [62 3 1] [63 3 1] [64 3 1] [65 3 1] [66 3 1] [67 3 1] [68 3 1] [69 3 1] [70 3 1] [71 3 1] [72 3 1] [73 1 2] [74 1 2] [75 1 2] [76 1 2] [77 1 2] [78 1 2] [79 1 2] [80 1 2] [81 1 2] [82 1 2] [83 1 2] [84 1 2] [85 1 2] [86 1 2] [87 1 2] [88 1 2] [89 1 2] [90 1 2] [91 1 2] [92 1 2] [93 1 2] [94 1 2] [95 1 2] [96 1 2] [97 1 3] [98 1 3] [99 1 3] [100 1 3] [101 1 3] [102 1 3] [103 1 3] [104 1 3] [105 1 3] [106 1 3] [107 1 3] [108 1 3] [109 1 3] [110 1 3] [111 1 3] [112 1 3] [113 1 3] [114 1 3] [115 1 3] [116 1 3] [117 1 3] [118 1 3] [119 1 3] [120 1 3]],[[5 13 37 85 109 35 83 107 15 23 21 20 18 16 39 47 45 44 42 40 39 47 45 44 42 40 87 95 93 92 90 88 87 95 93 92 90 88 111 119 117 116 114 112] [32 351 1962 4452 6953 1360 3850 6351 70 70 70 70 70 70 1352 1352 1352 1352 1352 1352 1356 1356 1356 1356 1356 1356 3842 3842 3842 3842 3842 3842 3846 3846 3846 3846 3846 3846 6347 6347 6347 6347 6347 6347] [3 23 131 10131 20131 91 10091 20091 5 5 5 5 5 5 90 90 90 90 90 90 90 90 90 90 90 90 10090 10090 10090 10090 10090 10090 10090 10090 10090 10090 10090 10090 20090 20090 20090 20090 20090 20090] [3 1 1 1 1 4 4 4 10 10 10 10 10 10 10 10 10 10 10 10 10 10 10 10 10 10 10 10 10 10 10 10 10 10 10 10 10 10 10 10 10 10 10 10] [5.3 2.5 2.8 3.6 3.3 3.4 3.7 2.6 0.5 0.5 0.5 0.5 0.5 0.5 0.5 0.5 0.5 0.5 0.5 0.5 0.7 0.7 0.7 0.7 0.7 0.7 0.5 0.5 0.5 0.5 0.5 0.5 0.7 0.7 0.7 0.7 0.7 0.7 0.7 0.7 0.7 0.7 0.7 0.7]]
CypD-x0128-pandda-model,[[1 1 1] [2 1 1] [3 1 1] [4 1 1] [5 1 1] [6 1 1] [7 1 1] [8 1 1] [9 1 1] [10 1 1] [11 1 1] [12 1 1] [13 1 1] [14 1 1] [15 1 1] [16 1 1] [17 1 1] [18 1 1] [19 1 1] [20 1 1] [21 1 1] [22 1 1] [23 1 1] [24 1 1] [25 1 1] [26 1 1] [27 1 1] [28 1 2] [29 1 2] [30 1 2] [31 1 2] [32 1 2] [33 1 2] [34 1 2] [35 1 2] [36 1 2] [37 1 2] [38 1 2] [39 1 2] [40 1 2] [41 1 2] [42 1 2] [43 1 2] [44 1 2] [45 1 2] [46 1 2] [47 1 2] [48 1 2] [49 1 2] [50 1 2] [51 1 2] [52 1 2] [53 1 2] [54 1 2]],[[28 28 31] [3693 4072 3607] [10081 10107 10075] [3 3 3] [1.5 0.6 3.8]]
CypD-x0130-pandda-model,[[1 1 1] [2 1 1] [3 1 1] [4 1 1] [5 1 1] [6 1 1] [7 1 1] [8 1 1] [9 1 1] [10 1 1] [11 1 1] [12 1 1] [13 1 1] [14 1 1] [15 1 1] [16 1 1] [17 1 1] [18 1 1] [19 1 1] [20 1 1] [21 1 1] [22 1 1] [23 1 1] [24 1 1] [25 1 1] [26 1 1] [27 1 2] [28 1 2] [29 1 2] [30 1 2] [31 1 2] [32 1 2] [33 1 2] [34 1 2] [35 1 2] [36 1 2] [37 1 2] [38 1 2] [39 1 2] [40 1 2] [41 1 2] [42 1 2] [43 1 2] [44 1 2] [45 1 2] [46 1 2] [47 1 2] [48 1 2] [49 1 2] [50 1 2] [51 1 2] [52 1 2] [53 1 3] [54 1 3] [55 1 3] [56 1 3] [57 1 3] [58 1 3] [59 1 3] [60 1 3] [61 1 3] [62 1 3] [63 1 3] [64 1 3] [65 1 3] [66 1 3] [67 1 3] [68 1 3] [69 1 3] [70 1 3] [71 1 3] [72 1 3] [73 1 3] [74 1 3] [75 1 3] [76 1 3] [77 1 3] [78 1 3]],[[2 56 57 60 4 10 36 56 62] [1521 7424 7420 5729 970 1869 3829 5724 1339] [102 20161 20161 20049 63 125 10089 20049 89] [3 1 3 3 2 2 2 4 2] [2.2 0.9 2.4 1.8 1.6 10.4 2.4 2 2.6]]
CypD-x0131-pandda-model,[[1 1 1] [2 1 1] [3 1 1] [4 1 1] [5 1 1] [6 1 1] [7 1 1] [8 1 1] [9 1 1] [10 1 1] [11 1 1] [12 1 1] [13 1 1] [14 1 1] [15 1 1] [16 1 1] [17 1 1] [18 1 1] [19 1 1] [20 1 1] [21 1 1] [22 1 1] [23 1 1] [24 1 1] [25 1 1] [26 1 1] [27 1 1] [28 1 1] [29 1 1] [30 1 1] [31 2 1] [32 2 1] [33 2 1] [34 2 1] [35 2 1] [36 2 1] [37 2 1] [38 2 1] [39 2 1] [40 2 1] [41 2 1] [42 2 1] [43 2 1] [44 2 1] [45 2 1] [46 2 1] [47 2 1] [48 2 1] [49 2 1] [50 2 1] [51 2 1] [52 2 1] [53 2 1] [54 2 1] [55 2 1] [56 2 1] [57 2 1] [58 2 1] [59 2 1] [60 2 1] [61 3 1] [62 3 1] [63 3 1] [64 3 1] [65 3 1] [66 3 1] [67 3 1] [68 3 1] [69 3 1] [70 3 1] [71 3 1] [72 3 1] [73 3 1] [74 3 1] [75 3 1] [76 3 1] [77 3 1] [78 3 1] [79 3 1] [80 3 1] [81 3 1] [82 3 1] [83 3 1] [84 3 1] [85 3 1] [86 3 1] [87 3 1] [88 3 1] [89 3 1] [90 3 1]],[[71 16 66 68] [1088 2340 3470 3470] [10072 10155 20063 20063] [3 2 2 2] [2 2.3 0.6 0.7]]
CypD-x0132-pandda-model,[[1 1 1] [2 1 1] [3 1 1] [4 1 1] [5 1 1] [6 1 1] [7 1 1] [8 1 1] [9 1 1] [10 1 1] [11 1 1] [12 1 1] [13 1 1] [14 1 1] [15 1 1] [16 1 1] [17 1 1] [18 1 1] [19 1 1] [20 1 1] [21 1 1] [22 1 1] [23 1 1] [24 1 1] [25 1 1] [26 2 1] [27 2 1] [28 2 1] [29 2 1] [30 2 1] [31 2 1] [32 2 1] [33 2 1] [34 2 1] [35 2 1] [36 2 1] [37 2 1] [38 2 1] [39 2 1] [40 2 1] [41 2 1] [42 2 1] [43 2 1] [44 2 1] [45 2 1] [46 2 1] [47 2 1] [48 2 1] [49 2 1] [50 2 1] [51 1 2] [52 1 2] [53 1 2] [54 1 2] [55 1 2] [56 1 2] [57 1 2] [58 1 2] [59 1 2] [60 1 2] [61 1 2] [62 1 2] [63 1 2] [64 1 2] [65 1 2] [66 1 2] [67 1 2] [68 1 2] [69 1 2] [70 1 2] [71 1 2] [72 1 2] [73 1 2] [74 1 2] [75 1 2] [76 2 2] [77 2 2] [78 2 2] [79 2 2] [80 2 2] [81 2 2] [82 2 2] [83 2 2] [84 2 2] [85 2 2] [86 2 2] [87 2 2] [88 2 2] [89 2 2] [90 2 2] [91 2 2] [92 2 2] [93 2 2] [94 2 2] [95 2 2] [96 2 2] [97 2 2] [98 2 2] [99 2 2] [100 2 2]],[[6 31 56 81 71 71 71 71 71 61 74 66 64 63 66 74 73 71 69 67 11 11 11 11 11 24 24 24 24 24 16 16 16 16 16 14 14 14 14 14 13 13 13 13 13] [390 2229 3849 4829 4447 4450 4451 4453 4448 3845 3845 3845 3845 3845 3845 3845 3845 3845 3845 3845 1962 1964 1959 1958 1961 1962 1964 1959 1958 1961 1962 1964 1959 1958 1961 1962 1964 1959 1958 1961 1962 1964 1959 1958 1961] [25 148 10091 10155 10131 10131 10131 10131 10131 10090 10090 10090 10090 10090 10090 10090 10090 10090 10090 10090 131 131 131 131 131 131 131 131 131 131 131 131 131 131 131 131 131 131 131 131 131 131 131 131 131] [2 2 4 2 10 10 10 10 10 10 10 10 10 10 10 10 10 10 10 10 10 10 10 10 10 10 10 10 10 10 10 10 10 10 10 10 10 10 10 10 10 10 10 10 10] [8.6 10.5 4.3 12.1 0.9 0.9 0.9 0.9 0.9 0.8 0.8 0.8 0.8 0.8 0.6 0.6 0.6 0.6 0.6 0.6 -0 -0 -0 -0 -0 -0 -0 -0 -0 -0 -0 -0 -0 -0 -0 -0 -0 -0 -0 -0 -0 -0 -0 -0 -0]]
CypD-x0133-pandda-model,[[1 1 1] [2 1 1] [3 1 1] [4 1 1] [5 1 1] [6 1 1] [7 1 1] [8 1 1] [9 1 1] [10 1 1] [11 1 1] [12 1 1] [13 1 1] [14 1 1] [15 1 1] [16 1 1] [17 1 1] [18 1 1] [19 1 1] [20 1 1] [21 1 1] [22 1 1] [23 1 1] [24 1 1] [25 1 1] [26 1 1] [27 1 2] [28 1 2] [29 1 2] [30 1 2] [31 1 2] [32 1 2] [33 1 2] [34 1 2] [35 1 2] [36 1 2] [37 1 2] [38 1 2] [39 1 2] [40 1 2] [41 1 2] [42 1 2] [43 1 2] [44 1 2] [45 1 2] [46 1 2] [47 1 2] [48 1 2] [49 1 2] [50 1 2] [51 1 2] [52 1 2] [53 2 2] [54 2 2] [55 2 2] [56 2 2] [57 2 2] [58 2 2] [59 2 2] [60 2 2] [61 2 2] [62 2 2] [63 2 2] [64 2 2] [65 2 2] [66 2 2] [67 2 2] [68 2 2] [69 2 2] [70 2 2] [71 2 2] [72 2 2] [73 2 2] [74 2 2] [75 2 2] [76 2 2] [77 2 2] [78 2 2] [79 3 2] [80 3 2] [81 3 2] [82 3 2] [83 3 2] [84 3 2] [85 3 2] [86 3 2] [87 3 2] [88 3 2] [89 3 2] [90 3 2] [91 3 2] [92 3 2] [93 3 2] [94 3 2] [95 3 2] [96 3 2] [97 3 2] [98 3 2] [99 3 2] [100 3 2] [101 3 2] [102 3 2] [103 3 2] [104 3 2] [105 1 3] [106 1 3] [107 1 3] [108 1 3] [109 1 3] [110 1 3] [111 1 3] [112 1 3] [113 1 3] [114 1 3] [115 1 3] [116 1 3] [117 1 3] [118 1 3] [119 1 3] [120 1 3] [121 1 3] [122 1 3] [123 1 3] [124 1 3] [125 1 3] [126 1 3] [127 1 3] [128 1 3] [129 1 3] [130 1 3]],[[70 6 13 32 39 33 33 33 33 33 33 57 66 65 63 64] [3579 970 1517 3461 4007 4158 4161 4165 4167 4163 4159 6082 6082 6082 6082 6082] [10072 63 102 10063 10102 10113 10113 10113 10113 10113 10113 20073 20073 20073 20073 20073] [3 2 4 2 4 10 10 10 10 10 10 10 10 10 10 10] [0.5 3.8 1.6 3.9 0.9 0.5 0.5 0.5 0.5 0.5 0.5 0.5 0.5 0.5 0.5 0.5]]
CypD-x0134-pandda-model,[[1 1 1] [2 1 1] [3 1 1] [4 1 1] [5 1 1] [6 1 1] [7 1 1] [8 1 1] [9 1 1] [10 1 1] [11 1 1] [12 1 1] [13 1 1] [14 1 1] [15 1 1] [16 1 1] [17 1 1] [18 1 1] [19 1 1] [20 1 1] [21 1 1] [22 1 1] [23 1 1] [24 1 1] [25 1 1] [26 1 1] [27 1 1] [28 1 1] [29 1 1] [30 1 1] [31 1 1] [32 1 1] [33 1 1] [34 1 1] [35 1 1] [36 1 1] [37 1 1]],[[] [] [] [] []]
CypD-x0135-pandda-model,[[1 1 1] [2 1 1] [3 1 1] [4 1 1] [5 1 1] [6 1 1] [7 1 1] [8 1 1] [9 1 1] [10 1 1] [11 1 1] [12 1 1] [13 1 1] [14 1 1] [15 1 1] [16 1 1] [17 1 1] [18 1 1] [19 1 1] [20 1 1] [21 1 1] [22 1 1] [23 1 1] [24 1 1] [25 1 1] [26 1 1] [27 1 1] [28 1 1] [29 1 1] [30 1 1] [31 1 1] [32 1 1] [33 1 1] [34 1 1] [35 1 1] [36 1 1] [37 1 1] [38 1 1] [39 1 1] [40 1 2] [41 1 2] [42 1 2] [43 1 2] [44 1 2] [45 1 2] [46 1 2] [47 1 2] [48 1 2] [49 1 2] [50 1 2] [51 1 2] [52 1 2] [53 1 2] [54 1 2] [55 1 2] [56 1 2] [57 1 2] [58 1 2] [59 1 2] [60 1 2] [61 1 2] [62 1 2] [63 1 2] [64 1 2] [65 1 2] [66 1 2] [67 1 2] [68 1 2] [69 1 2] [70 1 2] [71 1 2] [72 1 2] [73 1 2] [74 1 2] [75 1 2] [76 1 2] [77 1 2] [78 1 2] [79 1 3] [80 1 3] [81 1 3] [82 1 3] [83 1 3] [84 1 3] [85 1 3] [86 1 3] [87 1 3] [88 1 3] [89 1 3] [90 1 3] [91 1 3] [92 1 3] [93 1 3] [94 1 3] [95 1 3] [96 1 3] [97 1 3] [98 1 3] [99 1 3] [100 1 3] [101 1 3] [102 1 3] [103 1 3] [104 1 3] [105 1 3] [106 1 3] [107 1 3] [108 1 3] [109 1 3] [110 1 3] [111 1 3] [112 1 3] [113 1 3] [114 1 3] [115 1 3] [116 1 3] [117 1 3] [118 2 3] [119 2 3] [120 2 3] [121 2 3] [122 2 3] [123 2 3] [124 2 3] [125 2 3] [126 2 3] [127 2 3] [128 2 3] [129 2 3] [130 2 3] [131 2 3] [132 2 3] [133 2 3] [134 2 3] [135 2 3] [136 2 3] [137 2 3] [138 2 3] [139 2 3] [140 2 3] [141 2 3] [142 2 3] [143 2 3] [144 2 3] [145 2 3] [146 2 3] [147 2 3] [148 2 3] [149 2 3] [150 2 3] [151 2 3] [152 2 3] [153 2 3] [154 2 3]],[[83 91 7 85 122 129 129 129 129 129 129 104 116 114 109 107 105] [3392 3377 480 4715 7219 4300 4298 4292 4290 4291 4296 4718 4718 4718 4718 4718 4718] [10059 10058 31 10148 20148 10121 10121 10121 10121 10121 10121 10148 10148 10148 10148 10148 10148] [3 3 2 2 2 10 10 10 10 10 10 10 10 10 10 10 10] [8.1 0.7 2.9 1.1 3.7 0.9 0.9 0.9 0.9 0.9 0.9 1.1 1.1 1.1 1.1 1.1 1.1]]
CypD-x0136-pandda-model,[[1 1 1] [2 1 1] [3 1 1] [4 1 1] [5 1 1] [6 1 1] [7 1 1] [8 1 1] [9 1 1] [10 1 1] [11 1 1] [12 1 1] [13 1 1] [14 1 1] [15 1 1] [16 1 1] [17 1 1] [18 1 1] [19 1 1] [20 1 1] [21 1 1] [22 1 1] [23 1 1] [24 1 1] [25 1 1] [26 1 1] [27 1 1] [28 1 1] [29 1 1] [30 1 1] [31 1 1] [32 1 1] [33 1 1] [34 1 2] [35 1 2] [36 1 2] [37 1 2] [38 1 2] [39 1 2] [40 1 2] [41 1 2] [42 1 2] [43 1 2] [44 1 2] [45 1 2] [46 1 2] [47 1 2] [48 1 2] [49 1 2] [50 1 2] [51 1 2] [52 1 2] [53 1 2] [54 1 2] [55 1 2] [56 1 2] [57 1 2] [58 1 2] [59 1 2] [60 1 2] [61 1 2] [62 1 2] [63 1 2] [64 1 2] [65 1 2] [66 1 2]],[[2 4 42] [1522 970 3556] [102 63 10070] [3 2 2] [1.2 4.4 3.9]]
CypD-x0138-pandda-model,[[1 1 1] [2 1 1] [3 1 1] [4 1 1] [5 1 1] [6 1 1] [7 1 1] [8 1 1] [9 1 1] [10 1 1] [11 1 1] [12 1 1] [13 1 1] [14 1 1] [15 1 1] [16 1 1] [17 1 1] [18 1 1] [19 1 1] [20 1 1] [21 1 1] [22 1 1] [23 1 1] [24 1 1] [25 1 1] [26 1 1] [27 1 1] [28 1 1] [29 1 1] [30 1 1] [31 1 1] [32 1 1] [33 1 1] [34 1 1] [35 2 1] [36 2 1] [37 2 1] [38 2 1] [39 2 1] [40 2 1] [41 2 1] [42 2 1] [43 2 1] [44 2 1] [45 2 1] [46 2 1] [47 2 1] [48 2 1] [49 2 1] [50 2 1] [51 2 1] [52 2 1] [53 2 1] [54 2 1] [55 2 1] [56 2 1] [57 2 1] [58 2 1] [59 2 1] [60 2 1] [61 2 1] [62 2 1] [63 2 1] [64 2 1] [65 2 1] [66 2 1] [67 2 1] [68 2 1] [69 1 2] [70 1 2] [71 1 2] [72 1 2] [73 1 2] [74 1 2] [75 1 2] [76 1 2] [77 1 2] [78 1 2] [79 1 2] [80 1 2] [81 1 2] [82 1 2] [83 1 2] [84 1 2] [85 1 2] [86 1 2] [87 1 2] [88 1 2] [89 1 2] [90 1 2] [91 1 2] [92 1 2] [93 1 2] [94 1 2] [95 1 2] [96 1 2] [97 1 2] [98 1 2] [99 1 2] [100 1 2] [101 1 2] [102 1 2] [103 1 3] [104 1 3] [105 1 3] [106 1 3] [107 1 3] [108 1 3] [109 1 3] [110 1 3] [111 1 3] [112 1 3] [113 1 3] [114 1 3] [115 1 3] [116 1 3] [117 1 3] [118 1 3] [119 1 3] [120 1 3] [121 1 3] [122 1 3] [123 1 3] [124 1 3] [125 1 3] [126 1 3] [127 1 3] [128 1 3] [129 1 3] [130 1 3] [131 1 3] [132 1 3] [133 1 3] [134 1 3] [135 1 3] [136 1 3]],[[42 69 76 7 41 75 109 64 64 64 64 64 64 58 66 64 63 61 59 58 66 64 63 61 59 24 32 30 29 27 25 92 100 98 97 95 93 92 100 98 97 95 93 126 134 132 131 129 127 126 134 132 131 129 127] [6041 3823 3823 1360 480 3851 6351 1181 1185 1187 1183 1179 1178 474 474 474 474 474 474 1263 1263 1263 1263 1263 1263 1356 1356 1356 1356 1356 1356 3843 3843 3843 3843 3843 3843 3847 3847 3847 3847 3847 3847 6343 6343 6343 6343 6343 6343 6347 6347 6347 6347 6347 6347] [20069 10089 10089 91 31 10091 20091 79 79 79 79 79 79 31 31 31 31 31 31 84 84 84 84 84 84 90 90 90 90 90 90 10090 10090 10090 10090 10090 10090 10090 10090 10090 10090 10090 10090 20090 20090 20090 20090 20090 20090 20090 20090 20090 20090 20090 20090] [1 3 3 4 2 4 4 10 10 10 10 10 10 10 10 10 10 10 10 10 10 10 10 10 10 10 10 10 10 10 10 10 10 10 10 10 10 10 10 10 10 10 10 10 10 10 10 10 10 10 10 10 10 10 10] [0.5 0.5 1 6.5 12 4.3 2.8 0.6 0.6 0.6 0.6 0.6 0.6 0.5 0.5 0.5 0.5 0.5 0.5 0.9 0.9 0.9 0.9 0.9 0.9 0.6 0.6 0.6 0.6 0.6 0.6 0.5 0.5 0.5 0.5 0.5 0.5 0.6 0.6 0.6 0.6 0.6 0.6 0.5 0.5 0.5 0.5 0.5 0.5 0.7 0.7 0.7 0.7 0.7 0.7]]
CypD-x0139-pandda-model,[[1 1 1] [2 1 1] [3 1 1] [4 1 1] [5 1 1] [6 1 1] [7 1 1] [8 1 1] [9 1 1] [10 1 1] [11 1 1] [12 1 1] [13 1 1] [14 1 1] [15 1 1] [16 1 1] [17 1 1] [18 1 1] [19 1 1] [20 1 1] [21 1 1] [22 1 1] [23 1 1] [24 1 1] [25 1 1] [26 1 1] [27 1 1] [28 1 1] [29 1 1] [30 1 1] [31 1 1] [32 1 1] [33 1 1] [34 1 1]],[11 4730 20148 2 4.7]
CypD-x0141-pandda-model,[[1 1 1] [2 1 1] [3 1 1] [4 1 1] [5 1 1] [6 1 1] [7 1 1] [8 1 1] [9 1 1] [10 1 1] [11 1 1] [12 1 1] [13 1 1] [14 1 1] [15 1 1] [16 1 1] [17 1 1] [18 1 1] [19 1 1] [20 1 1] [21 1 1] [22 1 1] [23 1 1] [24 1 1] [25 1 1] [26 1 1] [27 1 1] [28 1 1] [29 2 1] [30 2 1] [31 2 1] [32 2 1] [33 2 1] [34 2 1] [35 2 1] [36 2 1] [37 2 1] [38 2 1] [39 2 1] [40 2 1] [41 2 1] [42 2 1] [43 2 1] [44 2 1] [45 2 1] [46 2 1] [47 2 1] [48 2 1] [49 2 1] [50 2 1] [51 2 1] [52 2 1] [53 2 1] [54 2 1] [55 2 1] [56 2 1] [57 1 2] [58 1 2] [59 1 2] [60 1 2] [61 1 2] [62 1 2] [63 1 2] [64 1 2] [65 1 2] [66 1 2] [67 1 2] [68 1 2] [69 1 2] [70 1 2] [71 1 2] [72 1 2] [73 1 2] [74 1 2] [75 1 2] [76 1 2] [77 1 2] [78 1 2] [79 1 2] [80 1 2] [81 1 2] [82 1 2] [83 1 2] [84 1 2] [85 2 2] [86 2 2] [87 2 2] [88 2 2] [89 2 2] [90 2 2] [91 2 2] [92 2 2] [93 2 2] [94 2 2] [95 2 2] [96 2 2] [97 2 2] [98 2 2] [99 2 2] [100 2 2] [101 2 2] [102 2 2] [103 2 2] [104 2 2] [105 2 2] [106 2 2] [107 2 2] [108 2 2] [109 2 2] [110 2 2] [111 2 2] [112 2 2] [113 1 3] [114 1 3] [115 1 3] [116 1 3] [117 1 3] [118 1 3] [119 1 3] [120 1 3] [121 1 3] [122 1 3] [123 1 3] [124 1 3] [125 1 3] [126 1 3] [127 1 3] [128 1 3] [129 1 3] [130 1 3] [131 1 3] [132 1 3] [133 1 3] [134 1 3] [135 1 3] [136 1 3] [137 1 3] [138 1 3] [139 1 3] [140 1 3]],[[5 61 117 7 35 37 63 91 93 119 97 97 97 97 97 97] [1116 3606 6107 1226 480 480 3716 2970 2970 6220 3669 3673 3677 3675 3671 3668] [75 10075 20075 82 31 31 10082 10031 10031 20082 10079 10079 10079 10079 10079 10079] [3 3 3 2 2 2 2 2 2 2 10 10 10 10 10 10] [5 4.6 4.4 5.5 9.4 5.8 4.2 3.1 9.8 7.9 0.5 0.5 0.5 0.5 0.5 0.5]]
CypD-x0144-pandda-model,[[1 1 1] [2 1 1] [3 1 1] [4 1 1] [5 1 1] [6 1 1] [7 1 1] [8 1 1] [9 1 1] [10 1 1] [11 1 1] [12 1 1] [13 1 1] [14 1 1] [15 1 1] [16 1 1] [17 1 1] [18 1 1] [19 1 1] [20 1 1] [21 1 1] [22 1 1] [23 1 2] [24 1 2] [25 1 2] [26 1 2] [27 1 2] [28 1 2] [29 1 2] [30 1 2] [31 1 2] [32 1 2] [33 1 2] [34 1 2] [35 1 2] [36 1 2] [37 1 2] [38 1 2] [39 1 2] [40 1 2] [41 1 2] [42 1 2] [43 1 2] [44 1 2] [45 2 2] [46 2 2] [47 2 2] [48 2 2] [49 2 2] [50 2 2] [51 2 2] [52 2 2] [53 2 2] [54 2 2] [55 2 2] [56 2 2] [57 2 2] [58 2 2] [59 2 2] [60 2 2] [61 2 2] [62 2 2] [63 2 2] [64 2 2] [65 2 2] [66 2 2] [67 3 2] [68 3 2] [69 3 2] [70 3 2] [71 3 2] [72 3 2] [73 3 2] [74 3 2] [75 3 2] [76 3 2] [77 3 2] [78 3 2] [79 3 2] [80 3 2] [81 3 2] [82 3 2] [83 3 2] [84 3 2] [85 3 2] [86 3 2] [87 3 2] [88 3 2]],[30 4720 10148 2 3.4]
CypD-x0145-pandda-model,[[1 1 1] [2 1 1] [3 1 1] [4 1 1] [5 1 1] [6 1 1] [7 1 1] [8 1 1] [9 1 1] [10 1 1] [11 1 1] [12 1 1] [13 1 1] [14 1 1] [15 1 1] [16 1 1] [17 1 1] [18 1 1] [19 1 1] [20 1 1] [21 1 1] [22 1 1] [23 1 1] [24 1 1] [25 1 1] [26 1 1]],[[1 1 1 1 1 1 11 11 11 11 11 11] [3421 3425 3427 3423 3419 3418 918 921 925 927 923 919] [20060 20060 20060 20060 20060 20060 10060 10060 10060 10060 10060 10060] [10 10 10 10 10 10 10 10 10 10 10 10] [0.9 0.9 0.9 0.9 0.9 0.9 0.5 0.5 0.5 0.5 0.5 0.5]]
CypD-x0146-pandda-model,[[1 1 1] [2 1 1] [3 1 1] [4 1 1] [5 1 1] [6 1 1] [7 1 1] [8 1 1] [9 1 1] [10 1 1] [11 1 1] [12 1 1] [13 1 1] [14 1 1] [15 1 1] [16 1 1] [17 1 1] [18 1 1] [19 1 1] [20 1 1] [21 1 1] [22 1 1] [23 1 1] [24 1 1] [25 1 1] [26 1 1] [27 1 1] [28 1 1] [29 1 1]],[10 3719 10082 2 3.8]
CypD-x0148-pandda-model,[[1 1 1] [2 1 1] [3 1 1] [4 1 1] [5 1 1] [6 1 1] [7 1 1] [8 1 1] [9 1 1] [10 1 1] [11 1 1] [12 1 1] [13 1 1] [14 1 1] [15 1 1] [16 1 1] [17 1 1] [18 1 1] [19 1 1] [20 1 1] [21 1 1] [22 1 1] [23 1 1] [24 1 1] [25 2 1] [26 2 1] [27 2 1] [28 2 1] [29 2 1] [30 2 1] [31 2 1] [32 2 1] [33 2 1] [34 2 1] [35 2 1] [36 2 1] [37 2 1] [38 2 1] [39 2 1] [40 2 1] [41 2 1] [42 2 1] [43 2 1] [44 2 1] [45 2 1] [46 2 1] [47 2 1] [48 2 1] [49 1 2] [50 1 2] [51 1 2] [52 1 2] [53 1 2] [54 1 2] [55 1 2] [56 1 2] [57 1 2] [58 1 2] [59 1 2] [60 1 2] [61 1 2] [62 1 2] [63 1 2] [64 1 2] [65 1 2] [66 1 2] [67 1 2] [68 1 2] [69 1 2] [70 1 2] [71 1 2] [72 1 2] [73 1 3] [74 1 3] [75 1 3] [76 1 3] [77 1 3] [78 1 3] [79 1 3] [80 1 3] [81 1 3] [82 1 3] [83 1 3] [84 1 3] [85 1 3] [86 1 3] [87 1 3] [88 1 3] [89 1 3] [90 1 3] [91 1 3] [92 1 3] [93 1 3] [94 1 3] [95 1 3] [96 1 3]],[[63 6 15 35 54 83 87] [3916 2024 1963 2230 4513 7014 6953] [10095 136 131 148 10136 20136 20131] [3 4 2 2 4 4 2] [0.5 3.8 3 6.9 3 3.7 3.3]]
CypD-x0149-pandda-model,[[1 1 1] [2 1 1] [3 1 1] [4 1 1] [5 1 1] [6 1 1] [7 1 1] [8 1 1] [9 1 1] [10 1 1] [11 1 1] [12 1 1] [13 1 1] [14 1 1] [15 1 1] [16 1 1] [17 1 1] [18 1 1] [19 1 1] [20 1 1] [21 1 1] [22 1 1] [23 1 1] [24 1 1] [25 1 1] [26 1 1]],[[] [] [] [] []]
CypD-x0150-pandda-model,[[1 1 1] [2 1 1] [3 1 1] [4 1 1] [5 1 1] [6 1 1] [7 1 1] [8 1 1] [9 1 1] [10 1 1] [11 1 1] [12 1 1] [13 1 1] [14 1 1] [15 1 1] [16 1 1] [17 1 1] [18 1 1] [19 1 1] [20 1 1] [21 1 1] [22 1 1] [23 1 1] [24 1 1] [25 1 1] [26 1 1] [27 1 1] [28 1 1] [29 1 1] [30 1 1] [31 1 1] [32 1 1] [33 1 1] [34 1 1] [35 1 1] [36 2 1] [37 2 1] [38 2 1] [39 2 1] [40 2 1] [41 2 1] [42 2 1] [43 2 1] [44 2 1] [45 2 1] [46 2 1] [47 2 1] [48 2 1] [49 2 1] [50 2 1] [51 2 1] [52 2 1] [53 2 1] [54 2 1] [55 2 1] [56 2 1] [57 2 1] [58 2 1] [59 2 1] [60 2 1] [61 2 1] [62 2 1] [63 2 1] [64 2 1] [65 2 1] [66 2 1] [67 2 1] [68 2 1] [69 2 1] [70 2 1] [71 1 2] [72 1 2] [73 1 2] [74 1 2] [75 1 2] [76 1 2] [77 1 2] [78 1 2] [79 1 2] [80 1 2] [81 1 2] [82 1 2] [83 1 2] [84 1 2] [85 1 2] [86 1 2] [87 1 2] [88 1 2] [89 1 2] [90 1 2] [91 1 2] [92 1 2] [93 1 2] [94 1 2] [95 1 2] [96 1 2] [97 1 2] [98 1 2] [99 1 2] [100 1 2] [101 1 2] [102 1 2] [103 1 2] [104 1 2] [105 1 2]],[[7 77 60 69 67 65 63 61 60 69 67 65 63 61] [903 3394 1238 1238 1238 1238 1238 1238 1263 1263 1263 1263 1263 1263] [59 10059 83 83 83 83 83 83 84 84 84 84 84 84] [3 3 10 10 10 10 10 10 10 10 10 10 10 10] [2.7 2.4 0.5 0.5 0.5 0.5 0.5 0.5 0.7 0.7 0.7 0.7 0.7 0.7]]
CypD-x0151-pandda-model,[[1 1 1] [2 1 1] [3 1 1] [4 1 1] [5 1 1] [6 1 1] [7 1 1] [8 1 1] [9 1 1] [10 1 1] [11 1 1] [12 1 1] [13 1 1] [14 1 1] [15 1 1] [16 1 1] [17 1 1] [18 1 1] [19 1 1] [20 1 1] [21 1 1] [22 1 1] [23 1 1] [24 1 1] [25 1 1] [26 1 1] [27 1 1] [28 1 1] [29 1 1] [30 1 1] [31 1 1] [32 1 1] [33 2 1] [34 2 1] [35 2 1] [36 2 1] [37 2 1] [38 2 1] [39 2 1] [40 2 1] [41 2 1] [42 2 1] [43 2 1] [44 2 1] [45 2 1] [46 2 1] [47 2 1] [48 2 1] [49 2 1] [50 2 1] [51 2 1] [52 2 1] [53 2 1] [54 2 1] [55 2 1] [56 2 1] [57 2 1] [58 2 1] [59 2 1] [60 2 1] [61 2 1] [62 2 1] [63 2 1] [64 2 1] [65 1 2] [66 1 2] [67 1 2] [68 1 2] [69 1 2] [70 1 2] [71 1 2] [72 1 2] [73 1 2] [74 1 2] [75 1 2] [76 1 2] [77 1 2] [78 1 2] [79 1 2] [80 1 2] [81 1 2] [82 1 2] [83 1 2] [84 1 2] [85 1 2] [86 1 2] [87 1 2] [88 1 2] [89 1 2] [90 1 2] [91 1 2] [92 1 2] [93 1 2] [94 1 2] [95 1 2] [96 1 2] [97 2 2] [98 2 2] [99 2 2] [100 2 2] [101 2 2] [102 2 2] [103 2 2] [104 2 2] [105 2 2] [106 2 2] [107 2 2] [108 2 2] [109 2 2] [110 2 2] [111 2 2] [112 2 2] [113 2 2] [114 2 2] [115 2 2] [116 2 2] [117 2 2] [118 2 2] [119 2 2] [120 2 2] [121 2 2] [122 2 2] [123 2 2] [124 2 2] [125 2 2] [126 2 2] [127 2 2] [128 2 2]],[[72 104 55 57 59 61 63 54 22 31 29 27 25 23] [3656 1088 1356 1356 1356 1356 1356 1356 1537 1537 1537 1537 1537 1537] [20078 10072 10090 10090 10090 10090 10090 10090 10103 10103 10103 10103 10103 10103] [3 3 10 10 10 10 10 10 10 10 10 10 10 10] [9.2 4.5 0.5 0.5 0.5 0.5 0.5 0.5 0.5 0.5 0.5 0.5 0.5 0.5]]
CypD-x0154-pandda-model,[[1 1 1] [2 1 1] [3 1 1] [4 1 1] [5 1 1] [6 1 1] [7 1 1] [8 1 1] [9 1 1] [10 1 1] [11 1 1] [12 1 1] [13 1 1] [14 1 1] [15 1 1] [16 1 1] [17 1 1] [18 1 1] [19 1 1] [20 1 1] [21 1 1] [22 1 1] [23 1 1] [24 1 1] [25 1 1] [26 1 1] [27 1 1] [28 1 1] [29 1 1]],[[] [] [] [] []]
CypD-x0155-pandda-model,[[1 1 1] [2 1 1] [3 1 1] [4 1 1] [5 1 1] [6 1 1] [7 1 1] [8 1 1] [9 1 1] [10 1 1] [11 1 1] [12 1 1] [13 1 1] [14 1 1] [15 1 1] [16 1 1] [17 1 1] [18 1 1] [19 1 1] [20 1 1] [21 1 1] [22 1 1] [23 1 1]],[7 846 55 2 5.5]
CypD-x0156-pandda-model,[[1 1 1] [2 1 1] [3 1 1] [4 1 1] [5 1 1] [6 1 1] [7 1 1] [8 1 1] [9 1 1] [10 1 1] [11 1 1] [12 1 1] [13 1 1] [14 1 1] [15 1 1] [16 1 1] [17 1 1] [18 1 1] [19 1 1] [20 1 1] [21 1 1] [22 1 1] [23 1 1] [24 1 1] [25 1 1] [26 1 1] [27 1 1] [28 1 1] [29 1 2] [30 1 2] [31 1 2] [32 1 2] [33 1 2] [34 1 2] [35 1 2] [36 1 2] [37 1 2] [38 1 2] [39 1 2] [40 1 2] [41 1 2] [42 1 2] [43 1 2] [44 1 2] [45 1 2] [46 1 2] [47 1 2] [48 1 2] [49 1 2] [50 1 2] [51 1 2] [52 1 2] [53 1 2] [54 1 2] [55 1 2] [56 1 2] [57 2 2] [58 2 2] [59 2 2] [60 2 2] [61 2 2] [62 2 2] [63 2 2] [64 2 2] [65 2 2] [66 2 2] [67 2 2] [68 2 2] [69 2 2] [70 2 2] [71 2 2] [72 2 2] [73 2 2] [74 2 2] [75 2 2] [76 2 2] [77 2 2] [78 2 2] [79 2 2] [80 2 2] [81 2 2] [82 2 2] [83 2 2] [84 2 2]],[[33 36 35 63] [6511 4728 3330 2970] [20102 10149 10055 10031] [3 3 2 2] [3.2 0.8 0.7 7]]
CypD-x0158-pandda-model,[[1 1 1] [2 1 1] [3 1 1] [4 1 1] [5 1 1] [6 1 1] [7 1 1] [8 1 1] [9 1 1] [10 1 1] [11 1 1] [12 1 1] [13 1 1] [14 1 1] [15 1 1] [16 1 1] [17 1 1] [18 1 1] [19 1 1] [20 1 1] [21 1 1] [22 1 1] [23 1 1] [24 1 1] [25 1 1] [26 1 1] [27 1 1] [28 1 1] [29 1 1] [30 1 1] [31 1 2] [32 1 2] [33 1 2] [34 1 2] [35 1 2] [36 1 2] [37 1 2] [38 1 2] [39 1 2] [40 1 2] [41 1 2] [42 1 2] [43 1 2] [44 1 2] [45 1 2] [46 1 2] [47 1 2] [48 1 2] [49 1 2] [50 1 2] [51 1 2] [52 1 2] [53 1 2] [54 1 2] [55 1 2] [56 1 2] [57 1 2] [58 1 2] [59 1 2] [60 1 2] [61 2 2] [62 2 2] [63 2 2] [64 2 2] [65 2 2] [66 2 2] [67 2 2] [68 2 2] [69 2 2] [70 2 2] [71 2 2] [72 2 2] [73 2 2] [74 2 2] [75 2 2] [76 2 2] [77 2 2] [78 2 2] [79 2 2] [80 2 2] [81 2 2] [82 2 2] [83 2 2] [84 2 2] [85 2 2] [86 2 2] [87 2 2] [88 2 2] [89 2 2] [90 2 2]],[[10 11 15 40 41 45 66 55 55 55 55 55 55] [843 970 1516 3333 3460 4006 7219 4157 4160 4164 4166 4162 4158] [55 63 102 10055 10063 10102 20148 10113 10113 10113 10113 10113 10113] [2 2 4 2 2 4 2 10 10 10 10 10 10] [3.4 2 1.5 3 2.6 2.5 3 0.8 0.8 0.8 0.8 0.8 0.8]]
CypD-x0159-pandda-model,[[1 1 1] [2 1 1] [3 1 1] [4 1 1] [5 1 1] [6 1 1] [7 1 1] [8 1 1] [9 1 1] [10 1 1] [11 1 1] [12 1 1] [13 1 1] [14 1 1] [15 1 1] [16 1 1] [17 1 1] [18 1 1] [19 1 1] [20 1 1] [21 1 1] [22 1 1] [23 1 1] [24 1 1] [25 1 1] [26 1 1] [27 1 1] [28 1 1] [29 1 1] [30 1 1] [31 1 1] [32 1 2] [33 1 2] [34 1 2] [35 1 2] [36 1 2] [37 1 2] [38 1 2] [39 1 2] [40 1 2] [41 1 2] [42 1 2] [43 1 2] [44 1 2] [45 1 2] [46 1 2] [47 1 2] [48 1 2] [49 1 2] [50 1 2] [51 1 2] [52 1 2] [53 1 2] [54 1 2] [55 1 2] [56 1 2] [57 1 2] [58 1 2] [59 1 2] [60 1 2] [61 1 2] [62 1 2]],[37 3719 10082 2 3.6]
CypD-x0162-pandda-model,[[1 1 1] [2 1 1] [3 1 1] [4 1 1] [5 1 1] [6 1 1] [7 1 1] [8 1 1] [9 1 1] [10 1 1] [11 1 1] [12 1 1] [13 1 1] [14 1 1] [15 1 1] [16 1 1] [17 1 1] [18 1 1] [19 1 1] [20 1 1] [21 1 1] [22 1 1] [23 1 1] [24 1 1] [25 1 1] [26 1 1] [27 1 1] [28 1 1] [29 1 1] [30 1 1] [31 1 1] [32 1 1] [33 1 1] [34 1 2] [35 1 2] [36 1 2] [37 1 2] [38 1 2] [39 1 2] [40 1 2] [41 1 2] [42 1 2] [43 1 2] [44 1 2] [45 1 2] [46 1 2] [47 1 2] [48 1 2] [49 1 2] [50 1 2] [51 1 2] [52 1 2] [53 1 2] [54 1 2] [55 1 2] [56 1 2] [57 1 2] [58 1 2] [59 1 2] [60 1 2] [61 1 2] [62 1 2] [63 1 2] [64 1 2] [65 1 2] [66 1 2]],[[8 32 30 14 12 10 8 32 30 14 12 10] [1238 1238 1238 1238 1238 1238 1263 1263 1263 1263 1263 1263] [83 83 83 83 83 83 84 84 84 84 84 84] [10 10 10 10 10 10 10 10 10 10 10 10] [0.8 0.8 0.8 0.8 0.8 0.8 0.6 0.6 0.6 0.6 0.6 0.6]]
CypD-x0165-pandda-model,[[1 1 1] [2 1 1] [3 1 1] [4 1 1] [5 1 1] [6 1 1] [7 1 1] [8 1 1] [9 1 1] [10 1 1] [11 1 1] [12 1 1] [13 1 1] [14 1 1] [15 1 1] [16 1 1] [17 1 1] [18 1 1] [19 1 1] [20 1 1] [21 1 1] [22 1 1] [23 1 1] [24 1 1] [25 1 1] [26 1 1] [27 1 2] [28 1 2] [29 1 2] [30 1 2] [31 1 2] [32 1 2] [33 1 2] [34 1 2] [35 1 2] [36 1 2] [37 1 2] [38 1 2] [39 1 2] [40 1 2] [41 1 2] [42 1 2] [43 1 2] [44 1 2] [45 1 2] [46 1 2] [47 1 2] [48 1 2] [49 1 2] [50 1 2] [51 1 2] [52 1 2]],[[8 6 27 27 27 27 27 27 38 38 38 38 38] [1971 390 3407 3410 3414 3416 3412 3408 4291 4294 4288 4287 4290] [132 25 10060 10060 10060 10060 10060 10060 10121 10121 10121 10121 10121] [3 2 10 10 10 10 10 10 10 10 10 10 10] [3.1 8.6 0.6 0.6 0.6 0.6 0.6 0.6 0.7 0.7 0.7 0.7 0.7]]
CypD-x0166-pandda-model,[[1 1 1] [2 1 1] [3 1 1] [4 1 1] [5 1 1] [6 1 1] [7 1 1] [8 1 1] [9 1 1] [10 1 1] [11 1 1] [12 1 1] [13 1 1] [14 1 1] [15 1 1] [16 1 1] [17 1 1] [18 1 1] [19 1 1] [20 1 1] [21 1 1] [22 1 1] [23 1 1] [24 1 1] [25 1 1] [26 1 2] [27 1 2] [28 1 2] [29 1 2] [30 1 2] [31 1 2] [32 1 2] [33 1 2] [34 1 2] [35 1 2] [36 1 2] [37 1 2] [38 1 2] [39 1 2] [40 1 2] [41 1 2] [42 1 2] [43 1 2] [44 1 2] [45 1 2] [46 1 2] [47 1 2] [48 1 2] [49 1 2] [50 1 2] [51 2 2] [52 2 2] [53 2 2] [54 2 2] [55 2 2] [56 2 2] [57 2 2] [58 2 2] [59 2 2] [60 2 2] [61 2 2] [62 2 2] [63 2 2] [64 2 2] [65 2 2] [66 2 2] [67 2 2] [68 2 2] [69 2 2] [70 2 2] [71 2 2] [72 2 2] [73 2 2] [74 2 2] [75 2 2] [76 1 3] [77 1 3] [78 1 3] [79 1 3] [80 1 3] [81 1 3] [82 1 3] [83 1 3] [84 1 3] [85 1 3] [86 1 3] [87 1 3] [88 1 3] [89 1 3] [90 1 3] [91 1 3] [92 1 3] [93 1 3] [94 1 3] [95 1 3] [96 1 3] [97 1 3] [98 1 3] [99 1 3] [100 1 3]],[[17 67 92 6 81 80 100 91 90 92 94] [1365 3855 6356 1360 6351 6347 6347 6347 6347 6347 6347] [91 10091 20091 91 20091 20090 20090 20090 20090 20090 20090] [3 3 3 4 4 10 10 10 10 10 10] [1.3 0.6 0.7 1.3 1.4 0.5 0.5 0.5 0.5 0.5 0.5]]
CypD-x0167-pandda-model,[[1 1 1] [2 1 1] [3 1 1] [4 1 1] [5 1 1] [6 1 1] [7 1 1] [8 1 1] [9 1 1] [10 1 1] [11 1 1] [12 1 1] [13 1 1] [14 1 1] [15 1 1] [16 1 1] [17 1 1] [18 1 1] [19 1 1] [20 1 1] [21 1 1] [22 1 1] [23 1 1] [24 1 1] [25 1 1] [26 1 1] [27 1 1] [28 1 1] [29 1 1] [30 1 1] [31 1 1] [32 1 1] [33 2 1] [34 2 1] [35 2 1] [36 2 1] [37 2 1] [38 2 1] [39 2 1] [40 2 1] [41 2 1] [42 2 1] [43 2 1] [44 2 1] [45 2 1] [46 2 1] [47 2 1] [48 2 1] [49 2 1] [50 2 1] [51 2 1] [52 2 1] [53 2 1] [54 2 1] [55 2 1] [56 2 1] [57 2 1] [58 2 1] [59 2 1] [60 2 1] [61 2 1] [62 2 1] [63 2 1] [64 2 1]],[[6 9 37 46 41 40 42 45] [390 390 876 876 876 876 876 876] [25 25 57 57 57 57 57 57] [2 2 10 10 10 10 10 10] [3.7 3.9 0.7 0.7 0.7 0.7 0.7 0.7]]
CypD-x0173-pandda-model,[[1 1 1] [2 1 1] [3 1 1] [4 1 1] [5 1 1] [6 1 1] [7 1 1] [8 1 1] [9 1 1] [10 1 1] [11 1 1] [12 1 1] [13 1 1] [14 1 1] [15 1 1] [16 1 1] [17 1 1] [18 1 1] [19 1 1] [20 1 1] [21 1 1] [22 1 1] [23 1 1] [24 1 1] [25 1 1] [26 1 1] [27 1 1] [28 1 1] [29 1 1] [30 1 1] [31 1 1] [32 1 2] [33 1 2] [34 1 2] [35 1 2] [36 1 2] [37 1 2] [38 1 2] [39 1 2] [40 1 2] [41 1 2] [42 1 2] [43 1 2] [44 1 2] [45 1 2] [46 1 2] [47 1 2] [48 1 2] [49 1 2] [50 1 2] [51 1 2] [52 1 2] [53 1 2] [54 1 2] [55 1 2] [56 1 2] [57 1 2] [58 1 2] [59 1 2] [60 1 2] [61 1 2] [62 1 2]],[[19 42 12 12 12 12 12 12 8 26 24 18 15 12 39 57 55 49 46 43] [6026 2971 1178 1181 1185 1187 1183 1179 1238 1238 1238 1238 1238 1238 3754 3754 3754 3754 3754 3754] [20068 10031 79 79 79 79 79 79 83 83 83 83 83 83 10084 10084 10084 10084 10084 10084] [2 2 10 10 10 10 10 10 10 10 10 10 10 10 10 10 10 10 10 10] [0.5 6.6 0.5 0.5 0.5 0.5 0.5 0.5 0.5 0.5 0.5 0.5 0.5 0.5 0.5 0.5 0.5 0.5 0.5 0.5]]
CypD-x0176-pandda-model,[[1 1 1] [2 1 1] [3 1 1] [4 1 1] [5 1 1] [6 1 1] [7 1 1] [8 1 1] [9 1 1] [10 1 1] [11 1 1] [12 1 1] [13 1 1] [14 1 1] [15 1 1] [16 1 1] [17 1 1] [18 1 1] [19 1 1] [20 1 1] [21 1 1] [22 1 1] [23 1 2] [24 1 2] [25 1 2] [26 1 2] [27 1 2] [28 1 2] [29 1 2] [30 1 2] [31 1 2] [32 1 2] [33 1 2] [34 1 2] [35 1 2] [36 1 2] [37 1 2] [38 1 2] [39 1 2] [40 1 2] [41 1 2] [42 1 2] [43 1 2] [44 1 2] [45 2 2] [46 2 2] [47 2 2] [48 2 2] [49 2 2] [50 2 2] [51 2 2] [52 2 2] [53 2 2] [54 2 2] [55 2 2] [56 2 2] [57 2 2] [58 2 2] [59 2 2] [60 2 2] [61 2 2] [62 2 2] [63 2 2] [64 2 2] [65 2 2] [66 2 2] [67 3 2] [68 3 2] [69 3 2] [70 3 2] [71 3 2] [72 3 2] [73 3 2] [74 3 2] [75 3 2] [76 3 2] [77 3 2] [78 3 2] [79 3 2] [80 3 2] [81 3 2] [82 3 2] [83 3 2] [84 3 2] [85 3 2] [86 3 2] [87 3 2] [88 3 2]],[[24 29 51 5 49] [3577 4069 4769 846 4829] [10072 10107 10152 55 10155] [3 3 3 2 2] [3.8 2.7 1.2 5.6 9.2]]
CypD-x0178-pandda-model,[[1 1 1] [2 1 1] [3 1 1] [4 1 1] [5 1 1] [6 1 1] [7 1 1] [8 1 1] [9 1 1] [10 1 1] [11 1 1] [12 1 1] [13 1 1] [14 1 1] [15 1 1] [16 1 1] [17 1 1] [18 1 1] [19 1 1] [20 1 1] [21 1 1] [22 1 1] [23 1 1] [24 1 1] [25 1 1] [26 1 1] [27 1 1] [28 1 1] [29 1 1]],[10 3636 20076 2 11]
CypD-x0179-pandda-model,[[1 1 1] [2 1 1] [3 1 1] [4 1 1] [5 1 1] [6 1 1] [7 1 1] [8 1 1] [9 1 1] [10 1 1] [11 1 1] [12 1 1] [13 1 1] [14 1 1] [15 1 1] [16 1 1] [17 1 1] [18 1 1] [19 1 1] [20 1 1] [21 1 1] [22 1 1] [23 1 1] [24 1 1] [25 1 1] [26 1 1] [27 1 1] [28 1 1] [29 1 1]],[[5 5] [1088 1634] [72 111] [3 2] [1.5 1.7]]
CypD-x0180-pandda-model,[[1 1 1] [2 1 1] [3 1 1] [4 1 1] [5 1 1] [6 1 1] [7 1 1] [8 1 1] [9 1 1] [10 1 1] [11 1 1] [12 1 1] [13 1 1] [14 1 1] [15 1 1] [16 1 1] [17 1 1] [18 1 1] [19 1 1] [20 1 1] [21 1 1] [22 1 1] [23 1 1] [24 1 1] [25 1 1] [26 1 1] [27 1 1] [28 1 1] [29 1 1] [30 1 1] [31 2 1] [32 2 1] [33 2 1] [34 2 1] [35 2 1] [36 2 1] [37 2 1] [38 2 1] [39 2 1] [40 2 1] [41 2 1] [42 2 1] [43 2 1] [44 2 1] [45 2 1] [46 2 1] [47 2 1] [48 2 1] [49 2 1] [50 2 1] [51 2 1] [52 2 1] [53 2 1] [54 2 1] [55 2 1] [56 2 1] [57 2 1] [58 2 1] [59 2 1] [60 2 1] [61 1 2] [62 1 2] [63 1 2] [64 1 2] [65 1 2] [66 1 2] [67 1 2] [68 1 2] [69 1 2] [70 1 2] [71 1 2] [72 1 2] [73 1 2] [74 1 2] [75 1 2] [76 1 2] [77 1 2] [78 1 2] [79 1 2] [80 1 2] [81 1 2] [82 1 2] [83 1 2] [84 1 2] [85 1 2] [86 1 2] [87 1 2] [88 1 2] [89 1 2] [90 1 2] [91 2 2] [92 2 2] [93 2 2] [94 2 2] [95 2 2] [96 2 2] [97 2 2] [98 2 2] [99 2 2] [100 2 2] [101 2 2] [102 2 2] [103 2 2] [104 2 2] [105 2 2] [106 2 2] [107 2 2] [108 2 2] [109 2 2] [110 2 2] [111 2 2] [112 2 2] [113 2 2] [114 2 2] [115 2 2] [116 2 2] [117 2 2] [118 2 2] [119 2 2] [120 2 2]],[[15 107 6 66 96 118 118 118 118 118 35 44 43 40 41] [973 6511 1517 6954 6506 6875 6877 6879 6873 6872 1537 1537 1537 1537 1537] [63 20102 102 20131 20102 20126 20126 20126 20126 20126 103 103 103 103 103] [1 3 4 2 4 10 10 10 10 10 10 10 10 10 10] [2.8 0.6 0.9 0.9 4.3 0.7 0.7 0.7 0.7 0.7 1.5 1.5 1.5 1.5 1.5]]
CypD-x0181-pandda-model,[[1 1 1] [2 1 1] [3 1 1] [4 1 1] [5 1 1] [6 1 1] [7 1 1] [8 1 1] [9 1 1] [10 1 1] [11 1 1] [12 1 1] [13 1 1] [14 1 1] [15 1 1] [16 1 1] [17 1 1] [18 1 1] [19 1 1] [20 1 1] [21 1 1] [22 1 1] [23 1 1] [24 1 1] [25 1 1] [26 1 1] [27 1 1] [28 1 1] [29 1 1] [30 2 1] [31 2 1] [32 2 1] [33 2 1] [34 2 1] [35 2 1] [36 2 1] [37 2 1] [38 2 1] [39 2 1] [40 2 1] [41 2 1] [42 2 1] [43 2 1] [44 2 1] [45 2 1] [46 2 1] [47 2 1] [48 2 1] [49 2 1] [50 2 1] [51 2 1] [52 2 1] [53 2 1] [54 2 1] [55 2 1] [56 2 1] [57 2 1] [58 2 1] [59 1 2] [60 1 2] [61 1 2] [62 1 2] [63 1 2] [64 1 2] [65 1 2] [66 1 2] [67 1 2] [68 1 2] [69 1 2] [70 1 2] [71 1 2] [72 1 2] [73 1 2] [74 1 2] [75 1 2] [76 1 2] [77 1 2] [78 1 2] [79 1 2] [80 1 2] [81 1 2] [82 1 2] [83 1 2] [84 1 2] [85 1 2] [86 1 2] [87 1 2] [88 2 2] [89 2 2] [90 2 2] [91 2 2] [92 2 2] [93 2 2] [94 2 2] [95 2 2] [96 2 2] [97 2 2] [98 2 2] [99 2 2] [100 2 2] [101 2 2] [102 2 2] [103 2 2] [104 2 2] [105 2 2] [106 2 2] [107 2 2] [108 2 2] [109 2 2] [110 2 2] [111 2 2] [112 2 2] [113 2 2] [114 2 2] [115 2 2] [116 2 2] [117 1 3] [118 1 3] [119 1 3] [120 1 3] [121 1 3] [122 1 3] [123 1 3] [124 1 3] [125 1 3] [126 1 3] [127 1 3] [128 1 3] [129 1 3] [130 1 3] [131 1 3] [132 1 3] [133 1 3] [134 1 3] [135 1 3] [136 1 3] [137 1 3] [138 1 3] [139 1 3] [140 1 3] [141 1 3] [142 1 3] [143 1 3] [144 1 3] [145 1 3]],[[5 24 63 7 12 41 65 65 123 140 140 140 140 140 140] [1637 1580 3578 970 823 2230 3313 3460 7220 5909 5912 5916 5918 5914 5910] [111 107 10072 63 54 148 10054 10063 20148 20060 20060 20060 20060 20060 20060] [1 3 3 2 2 2 2 2 2 10 10 10 10 10 10] [5.2 0.7 5.3 3.6 4.2 9 1.7 3.2 9.2 0.5 0.5 0.5 0.5 0.5 0.5]]
CypD-x0185-pandda-model,[[1 1 1] [2 1 1] [3 1 1] [4 1 1] [5 1 1] [6 1 1] [7 1 1] [8 1 1] [9 1 1] [10 1 1] [11 1 1] [12 1 1] [13 1 1] [14 1 1] [15 1 1] [16 1 1] [17 1 1] [18 1 1] [19 1 1] [20 1 1] [21 1 1] [22 1 1] [23 1 1] [24 1 1] [25 1 1] [26 1 1] [27 1 1] [28 1 1] [29 1 1] [30 1 1]],[[10 22 24 26 12] [1263 1263 1263 1263 1263] [84 84 84 84 84] [10 10 10 10 10] [1.2 1.2 1.2 1.2 1.2]]
CypD-x0186-pandda-model,[[1 1 1] [2 1 1] [3 1 1] [4 1 1] [5 1 1] [6 1 1] [7 1 1] [8 1 1] [9 1 1] [10 1 1] [11 1 1] [12 1 1] [13 1 1] [14 1 1] [15 1 1] [16 1 1] [17 1 1] [18 1 1] [19 1 1] [20 1 1] [21 1 1] [22 1 1] [23 1 1] [24 1 1] [25 1 1] [26 1 1] [27 1 1] [28 1 1] [29 1 1] [30 1 1] [31 1 1] [32 1 1]],[[12 7] [1056 2341] [10070 10155] [3 2] [0.5 8.6]]
CypD-x0187-pandda-model,[[1 1 1] [2 1 1] [3 1 1] [4 1 1] [5 1 1] [6 1 1] [7 1 1] [8 1 1] [9 1 1] [10 1 1] [11 1 1] [12 1 1] [13 1 1] [14 1 1] [15 1 1] [16 1 1] [17 1 1] [18 1 1] [19 1 1] [20 1 1] [21 1 1] [22 1 1] [23 1 1] [24 1 1] [25 1 1] [26 1 1] [27 1 2] [28 1 2] [29 1 2] [30 1 2] [31 1 2] [32 1 2] [33 1 2] [34 1 2] [35 1 2] [36 1 2] [37 1 2] [38 1 2] [39 1 2] [40 1 2] [41 1 2] [42 1 2] [43 1 2] [44 1 2] [45 1 2] [46 1 2] [47 1 2] [48 1 2] [49 1 2] [50 1 2] [51 1 2] [52 1 2]],[[37 16 25 23 21 19 17 16 25 23 21 19 17 16 25 23 21 19 17] [3850 1352 1352 1352 1352 1352 1352 1356 1356 1356 1356 1356 1356 1955 1955 1955 1955 1955 1955] [10091 90 90 90 90 90 90 90 90 90 90 90 90 131 131 131 131 131 131] [4 10 10 10 10 10 10 10 10 10 10 10 10 10 10 10 10 10 10] [2.9 0.5 0.5 0.5 0.5 0.5 0.5 0.9 0.9 0.9 0.9 0.9 0.9 0.5 0.5 0.5 0.5 0.5 0.5]]
CypD-x0189-pandda-model,[[1 1 1] [2 1 1] [3 1 1] [4 1 1] [5 1 1] [6 1 1] [7 1 1] [8 1 1] [9 1 1] [10 1 1] [11 1 1] [12 1 1] [13 1 1] [14 1 1] [15 1 1] [16 1 1] [17 1 1] [18 1 1] [19 1 1] [20 1 1] [21 1 1] [22 1 1] [23 1 1] [24 1 1]],[[2 7 4 7 5 23 16 14 11 8] [1529 4842 4774 4842 1853 1853 1853 1853 1853 1853] [102 20155 20151 20155 125 125 125 125 125 125] [1 2 7 7 10 10 10 10 10 10] [4.4 18.3 0.9348774024 6.46399897 0.5 0.5 0.5 0.5 0.5 0.5]]
CypD-x0190-pandda-model,[[1 1 1] [2 1 1] [3 1 1] [4 1 1] [5 1 1] [6 1 1] [7 1 1] [8 1 1] [9 1 1] [10 1 1] [11 1 1] [12 1 1] [13 1 1] [14 1 1] [15 1 1] [16 1 1] [17 1 1] [18 1 1] [19 1 1] [20 1 1] [21 1 1] [22 1 1] [23 1 1] [24 1 1] [25 1 1] [26 1 1] [27 1 1] [28 1 1] [29 1 1] [30 1 1] [31 1 1] [32 1 1] [33 1 1] [34 1 1] [35 1 2] [36 1 2] [37 1 2] [38 1 2] [39 1 2] [40 1 2] [41 1 2] [42 1 2] [43 1 2] [44 1 2] [45 1 2] [46 1 2] [47 1 2] [48 1 2] [49 1 2] [50 1 2] [51 1 2] [52 1 2] [53 1 2] [54 1 2] [55 1 2] [56 1 2] [57 1 2] [58 1 2] [59 1 2] [60 1 2] [61 1 2] [62 1 2] [63 1 2] [64 1 2] [65 1 2] [66 1 2] [67 1 2] [68 1 2] [69 1 3] [70 1 3] [71 1 3] [72 1 3] [73 1 3] [74 1 3] [75 1 3] [76 1 3] [77 1 3] [78 1 3] [79 1 3] [80 1 3] [81 1 3] [82 1 3] [83 1 3] [84 1 3] [85 1 3] [86 1 3] [87 1 3] [88 1 3] [89 1 3] [90 1 3] [91 1 3] [92 1 3] [93 1 3] [94 1 3] [95 1 3] [96 1 3] [97 1 3] [98 1 3] [99 1 3] [100 1 3] [101 1 3] [102 1 3]],[[54 7 41 75 24 33 31 29 27 25 24 33 31 29 27 25 58 67 65 63 61 59 92 101 99 97 95 93] [3822 1360 3850 6351 1352 1352 1352 1352 1352 1352 1356 1356 1356 1356 1356 1356 3846 3846 3846 3846 3846 3846 6347 6347 6347 6347 6347 6347] [10089 91 10091 20091 90 90 90 90 90 90 90 90 90 90 90 90 10090 10090 10090 10090 10090 10090 20090 20090 20090 20090 20090 20090] [3 4 4 4 10 10 10 10 10 10 10 10 10 10 10 10 10 10 10 10 10 10 10 10 10 10 10 10] [1.1 4.4 4.7 3.3 0.6 0.6 0.6 0.6 0.6 0.6 0.6 0.6 0.6 0.6 0.6 0.6 0.5 0.5 0.5 0.5 0.5 0.5 0.5 0.5 0.5 0.5 0.5 0.5]]
CypD-x0191-pandda-model,[[1 1 1] [2 1 1] [3 1 1] [4 1 1] [5 1 1] [6 1 1] [7 1 1] [8 1 1] [9 1 1] [10 1 1] [11 1 1] [12 1 1] [13 1 1] [14 1 1] [15 1 1] [16 1 1] [17 1 1] [18 1 1] [19 1 1] [20 1 1] [21 1 1] [22 1 1] [23 1 1] [24 1 1] [25 1 1] [26 1 1]],[[12 12 16] [3594 3609 3616] [20073 20074 20075] [3 3 3] [0.6 0.5 0.5]]
CypD-x0193-pandda-model,[[1 1 1] [2 1 1] [3 1 1] [4 1 1] [5 1 1] [6 1 1] [7 1 1] [8 1 1] [9 1 1] [10 1 1] [11 1 1] [12 1 1] [13 1 1] [14 1 1] [15 1 1] [16 1 1] [17 1 1] [18 1 1] [19 1 1] [20 1 1] [21 1 1] [22 1 1] [23 1 1] [24 1 1] [25 1 1] [26 1 1] [27 1 1] [28 1 1] [29 1 1] [30 1 1]],[4 3470 20063 2 2.7]
CypD-x0194-pandda-model,[[1 1 1] [2 1 1] [3 1 1] [4 1 1] [5 1 1] [6 1 1] [7 1 1] [8 1 1] [9 1 1] [10 1 1] [11 1 1] [12 1 1] [13 1 1] [14 1 1] [15 1 1] [16 1 1] [17 1 1] [18 1 1] [19 1 1] [20 1 1] [21 1 1] [22 1 1] [23 1 1] [24 1 1] [25 1 1] [26 1 1] [27 1 1] [28 1 2] [29 1 2] [30 1 2] [31 1 2] [32 1 2] [33 1 2] [34 1 2] [35 1 2] [36 1 2] [37 1 2] [38 1 2] [39 1 2] [40 1 2] [41 1 2] [42 1 2] [43 1 2] [44 1 2] [45 1 2] [46 1 2] [47 1 2] [48 1 2] [49 1 2] [50 1 2] [51 1 2] [52 1 2] [53 1 2] [54 1 2]],[[25 25 25 25 25 52 52 52 52 52 18 27 25 23 21 19] [1961 1962 1964 1959 1958 4451 4452 4454 4449 4448 1356 1356 1356 1356 1356 1356] [131 131 131 131 131 10131 10131 10131 10131 10131 90 90 90 90 90 90] [10 10 10 10 10 10 10 10 10 10 10 10 10 10 10 10] [0.6 0.6 0.6 0.6 0.6 0.6 0.6 0.6 0.6 0.6 0.6 0.6 0.6 0.6 0.6 0.6]]
CypD-x0195-pandda-model,[[1 1 1] [2 1 1] [3 1 1] [4 1 1] [5 1 1] [6 1 1] [7 1 1] [8 1 1] [9 1 1] [10 1 1] [11 1 1] [12 1 1] [13 1 1] [14 1 1] [15 1 1] [16 1 1] [17 1 1] [18 1 1] [19 1 1] [20 1 1] [21 1 1] [22 1 1] [23 1 1] [24 1 1] [25 1 1] [26 1 1] [27 1 1] [28 1 1] [29 1 1] [30 1 1]],[[6 13 15] [1571 3719 4061] [106 10082 10106] [2 2 2] [3 1.9 2.3]]
CypD-x0196-pandda-model,[[1 1 1] [2 1 1] [3 1 1] [4 1 1] [5 1 1] [6 1 1] [7 1 1] [8 1 1] [9 1 1] [10 1 1] [11 1 1] [12 1 1] [13 1 1] [14 1 1] [15 1 1] [16 1 1] [17 1 1] [18 1 1] [19 1 1] [20 1 1] [21 1 1] [22 1 1] [23 1 1] [24 1 1] [25 1 1] [26 1 1] [27 1 1] [28 1 1] [29 1 1] [30 1 1] [31 1 1] [32 1 1] [33 1 1] [34 1 1] [35 1 1] [36 2 1] [37 2 1] [38 2 1] [39 2 1] [40 2 1] [41 2 1] [42 2 1] [43 2 1] [44 2 1] [45 2 1] [46 2 1] [47 2 1] [48 2 1] [49 2 1] [50 2 1] [51 2 1] [52 2 1] [53 2 1] [54 2 1] [55 2 1] [56 2 1] [57 2 1] [58 2 1] [59 2 1] [60 2 1] [61 2 1] [62 2 1] [63 2 1] [64 2 1] [65 2 1] [66 2 1] [67 2 1] [68 2 1] [69 2 1] [70 2 1] [71 3 1] [72 3 1] [73 3 1] [74 3 1] [75 3 1] [76 3 1] [77 3 1] [78 3 1] [79 3 1] [80 3 1] [81 3 1] [82 3 1] [83 3 1] [84 3 1] [85 3 1] [86 3 1] [87 3 1] [88 3 1] [89 3 1] [90 3 1] [91 3 1] [92 3 1] [93 3 1] [94 3 1] [95 3 1] [96 3 1] [97 3 1] [98 3 1] [99 3 1] [100 3 1] [101 3 1] [102 3 1] [103 3 1] [104 3 1] [105 3 1] [106 1 2] [107 1 2] [108 1 2] [109 1 2] [110 1 2] [111 1 2] [112 1 2] [113 1 2] [114 1 2] [115 1 2] [116 1 2] [117 1 2] [118 1 2] [119 1 2] [120 1 2] [121 1 2] [122 1 2] [123 1 2] [124 1 2] [125 1 2] [126 1 2] [127 1 2] [128 1 2] [129 1 2] [130 1 2] [131 1 2] [132 1 2] [133 1 2] [134 1 2] [135 1 2] [136 1 2] [137 1 2] [138 1 2] [139 1 2] [140 1 2] [141 2 2] [142 2 2] [143 2 2] [144 2 2] [145 2 2] [146 2 2] [147 2 2] [148 2 2] [149 2 2] [150 2 2] [151 2 2] [152 2 2] [153 2 2] [154 2 2] [155 2 2] [156 2 2] [157 2 2] [158 2 2] [159 2 2] [160 2 2] [161 2 2] [162 2 2] [163 2 2] [164 2 2] [165 2 2] [166 2 2] [167 2 2] [168 2 2] [169 2 2] [170 2 2] [171 2 2] [172 2 2] [173 2 2] [174 2 2] [175 2 2] [176 1 3] [177 1 3] [178 1 3] [179 1 3] [180 1 3] [181 1 3] [182 1 3] [183 1 3] [184 1 3] [185 1 3] [186 1 3] [187 1 3] [188 1 3] [189 1 3] [190 1 3] [191 1 3] [192 1 3] [193 1 3] [194 1 3] [195 1 3] [196 1 3] [197 1 3] [198 1 3] [199 1 3] [200 1 3] [201 1 3] [202 1 3] [203 1 3] [204 1 3] [205 1 3] [206 1 3] [207 1 3] [208 1 3] [209 1 3] [210 1 3] [211 2 3] [212 2 3] [213 2 3] [214 2 3] [215 2 3] [216 2 3] [217 2 3] [218 2 3] [219 2 3] [220 2 3] [221 2 3] [222 2 3] [223 2 3] [224 2 3] [225 2 3] [226 2 3] [227 2 3] [228 2 3] [229 2 3] [230 2 3] [231 2 3] [232 2 3] [233 2 3] [234 2 3] [235 2 3] [236 2 3] [237 2 3] [238 2 3] [239 2 3] [240 2 3] [241 2 3] [242 2 3] [243 2 3] [244 2 3] [245 2 3] [246 3 3] [247 3 3] [248 3 3] [249 3 3] [250 3 3] [251 3 3] [252 3 3] [253 3 3] [254 3 3] [255 3 3] [256 3 3] [257 3 3] [258 3 3] [259 3 3] [260 3 3] [261 3 3] [262 3 3] [263 3 3] [264 3 3] [265 3 3] [266 3 3] [267 3 3] [268 3 3] [269 3 3] [270 3 3] [271 3 3] [272 3 3] [273 3 3] [274 3 3] [275 3 3] [276 3 3] [277 3 3] [278 3 3] [279 3 3] [280 3 3]],[[40 145 180 7 42 42 46 77 112 151 151 182 182 186 186 252 256 56 56 56 56 56] [1521 4010 5807 1360 843 970 1516 2229 2876 4005 4375 5812 5959 5829 5832 6794 6878 1887 1889 1883 1882 1885] [102 10102 20054 91 55 63 102 148 10025 10102 10126 20054 20063 20055 20055 20121 20126 126 126 126 126 126] [3 3 1 4 2 2 4 2 2 4 2 2 2 2 2 2 2 10 10 10 10 10] [3.2 2.5 1.6 3.8 0.8 1.9 4.2 8.9 1.2 2.5 2.3 0.6 4.6 1.2 6.1 4.4 5.2 1 1 1 1 1]]
CypD-x0201-pandda-model,[[1 1 1] [2 1 1] [3 1 1] [4 1 1] [5 1 1] [6 1 1] [7 1 1] [8 1 1] [9 1 1] [10 1 1] [11 1 1] [12 1 1] [13 1 1] [14 1 1] [15 1 1] [16 1 1] [17 1 1] [18 1 1] [19 1 1] [20 1 1] [21 1 1] [22 1 1] [23 1 1] [24 1 1] [25 2 1] [26 2 1] [27 2 1] [28 2 1] [29 2 1] [30 2 1] [31 2 1] [32 2 1] [33 2 1] [34 2 1] [35 2 1] [36 2 1] [37 2 1] [38 2 1] [39 2 1] [40 2 1] [41 2 1] [42 2 1] [43 2 1] [44 2 1] [45 2 1] [46 2 1] [47 2 1] [48 2 1] [49 2 1] [50 2 1] [51 1 2] [52 1 2] [53 1 2] [54 1 2] [55 1 2] [56 1 2] [57 1 2] [58 1 2] [59 1 2] [60 1 2] [61 1 2] [62 1 2] [63 1 2] [64 1 2] [65 1 2] [66 1 2] [67 1 2] [68 1 2] [69 1 2] [70 1 2] [71 1 2] [72 1 2]],[[3 59] [1339 4465] [10089 20131] [2 2] [2.9 3.7]]
CypD-x0202-pandda-model,[[1 1 1] [2 1 1] [3 1 1] [4 1 1] [5 1 1] [6 1 1] [7 1 1] [8 1 1] [9 1 1] [10 1 1] [11 1 1] [12 1 1] [13 1 1] [14 1 1] [15 1 1] [16 1 1] [17 1 1] [18 1 1] [19 1 1] [20 1 1] [21 1 1] [22 1 1] [23 1 1] [24 1 1] [25 1 1] [26 1 1] [27 1 1] [28 1 1] [29 1 1] [30 1 2] [31 1 2] [32 1 2] [33 1 2] [34 1 2] [35 1 2] [36 1 2] [37 1 2] [38 1 2] [39 1 2] [40 1 2] [41 1 2] [42 1 2] [43 1 2] [44 1 2] [45 1 2] [46 1 2] [47 1 2] [48 1 2] [49 1 2] [50 1 2] [51 1 2] [52 1 2] [53 1 2] [54 1 2] [55 1 2] [56 1 2] [57 1 2] [58 1 2] [59 1 3] [60 1 3] [61 1 3] [62 1 3] [63 1 3] [64 1 3] [65 1 3] [66 1 3] [67 1 3] [68 1 3] [69 1 3] [70 1 3] [71 1 3] [72 1 3] [73 1 3] [74 1 3] [75 1 3] [76 1 3] [77 1 3] [78 1 3] [79 1 3] [80 1 3] [81 1 3] [82 1 3] [83 1 3] [84 1 3] [85 1 3] [86 1 3] [87 1 3]],[[9 38 67 5 6 34 35 63 64 30 30 30 30 30 30 59 59 59 59 59 59] [1521 4011 6511 1516 970 4006 3460 6506 5960 4157 4160 4164 4166 4162 4158 6657 6660 6664 6666 6662 6658] [102 10102 20102 102 63 10102 10063 20102 20063 10113 10113 10113 10113 10113 10113 20113 20113 20113 20113 20113 20113] [3 3 3 4 2 4 2 4 2 10 10 10 10 10 10 10 10 10 10 10 10] [2 1.5 2 1.1 3 0.8 2.5 1 2.7 0.7 0.7 0.7 0.7 0.7 0.7 0.7 0.7 0.7 0.7 0.7 0.7]]
CypD-x0203-pandda-model,[[1 1 1] [2 1 1] [3 1 1] [4 1 1] [5 1 1] [6 1 1] [7 1 1] [8 1 1] [9 1 1] [10 1 1] [11 1 1] [12 1 1] [13 1 1] [14 1 1] [15 1 1] [16 1 1] [17 1 1] [18 1 1] [19 1 1] [20 1 1] [21 1 1] [22 1 1] [23 1 1] [24 1 1] [25 1 1] [26 1 1] [27 1 1] [28 1 1] [29 1 1] [30 1 2] [31 1 2] [32 1 2] [33 1 2] [34 1 2] [35 1 2] [36 1 2] [37 1 2] [38 1 2] [39 1 2] [40 1 2] [41 1 2] [42 1 2] [43 1 2] [44 1 2] [45 1 2] [46 1 2] [47 1 2] [48 1 2] [49 1 2] [50 1 2] [51 1 2] [52 1 2] [53 1 2] [54 1 2] [55 1 2] [56 1 2] [57 1 2] [58 1 2] [59 1 3] [60 1 3] [61 1 3] [62 1 3] [63 1 3] [64 1 3] [65 1 3] [66 1 3] [67 1 3] [68 1 3] [69 1 3] [70 1 3] [71 1 3] [72 1 3] [73 1 3] [74 1 3] [75 1 3] [76 1 3] [77 1 3] [78 1 3] [79 1 3] [80 1 3] [81 1 3] [82 1 3] [83 1 3] [84 1 3] [85 1 3] [86 1 3] [87 1 3]],[[65 65 65 65 65 65] [5914 5916 5912 5908 5907 5910] [20060 20060 20060 20060 20060 20060] [10 10 10 10 10 10] [0.6 0.6 0.6 0.6 0.6 0.6]]
CypD-x0207-pandda-model,[[1 1 1] [2 1 1] [3 1 1] [4 1 1] [5 1 1] [6 1 1] [7 1 1] [8 1 1] [9 1 1] [10 1 1] [11 1 1] [12 1 1] [13 1 1] [14 1 1] [15 2 1] [16 2 1] [17 2 1] [18 2 1] [19 2 1] [20 2 1] [21 2 1] [22 2 1] [23 2 1] [24 2 1] [25 2 1] [26 2 1] [27 2 1] [28 2 1] [29 1 2] [30 1 2] [31 1 2] [32 1 2] [33 1 2] [34 1 2] [35 1 2] [36 1 2] [37 1 2] [38 1 2] [39 1 2] [40 1 2] [41 1 2] [42 1 2] [43 1 3] [44 1 3] [45 1 3] [46 1 3] [47 1 3] [48 1 3] [49 1 3] [50 1 3] [51 1 3] [52 1 3] [53 1 3] [54 1 3] [55 1 3] [56 1 3] [57 2 3] [58 2 3] [59 2 3] [60 2 3] [61 2 3] [62 2 3] [63 2 3] [64 2 3] [65 2 3] [66 2 3] [67 2 3] [68 2 3] [69 2 3] [70 2 3]],[[11 9 17 31 37 45 59 33 33 33 33 33 33 63 66 67 69 65] [1094 1226 843 3334 5836 5380 5833 4157 4160 4164 4166 4162 4158 5836 5836 5836 5836 5836] [73 82 55 10055 20055 20025 20055 10113 10113 10113 10113 10113 10113 20055 20055 20055 20055 20055] [3 2 2 2 2 2 2 10 10 10 10 10 10 10 10 10 10 10] [5 2.9 2.1 1.3 1.6 12.8 6.3 0.9 0.9 0.9 0.9 0.9 0.9 2.8 2.8 2.8 2.8 2.8]]
CypD-x0208-pandda-model,[[1 1 1] [2 1 1] [3 1 1] [4 1 1] [5 1 1] [6 1 1] [7 1 1] [8 1 1] [9 1 1] [10 1 1] [11 1 1] [12 1 1] [13 1 1] [14 1 1] [15 1 1] [16 1 1] [17 1 1] [18 1 1] [19 1 1] [20 1 1] [21 1 1] [22 1 1] [23 1 1] [24 1 1] [25 1 1] [26 1 1] [27 1 1] [28 1 1] [29 1 2] [30 1 2] [31 1 2] [32 1 2] [33 1 2] [34 1 2] [35 1 2] [36 1 2] [37 1 2] [38 1 2] [39 1 2] [40 1 2] [41 1 2] [42 1 2] [43 1 2] [44 1 2] [45 1 2] [46 1 2] [47 1 2] [48 1 2] [49 1 2] [50 1 2] [51 1 2] [52 1 2] [53 1 2] [54 1 2] [55 1 2] [56 1 2] [57 1 3] [58 1 3] [59 1 3] [60 1 3] [61 1 3] [62 1 3] [63 1 3] [64 1 3] [65 1 3] [66 1 3] [67 1 3] [68 1 3] [69 1 3] [70 1 3] [71 1 3] [72 1 3] [73 1 3] [74 1 3] [75 1 3] [76 1 3] [77 1 3] [78 1 3] [79 1 3] [80 1 3] [81 1 3] [82 1 3] [83 1 3] [84 1 3]],[[7 35] [480 2970] [31 10031] [2 2] [3.9 6.7]]
CypD-x0209-pandda-model,[[1 1 1] [2 1 1] [3 1 1] [4 1 1] [5 1 1] [6 1 1] [7 1 1] [8 1 1] [9 1 1] [10 1 1] [11 1 1] [12 1 1] [13 1 1] [14 1 1] [15 1 1] [16 1 1] [17 1 1] [18 1 1] [19 1 2] [20 1 2] [21 1 2] [22 1 2] [23 1 2] [24 1 2] [25 1 2] [26 1 2] [27 1 2] [28 1 2] [29 1 2] [30 1 2] [31 1 2] [32 1 2] [33 1 2] [34 1 2] [35 1 2] [36 1 2]],[[5 23 14] [1365 4718 1378] [10091 20148 10091] [3 3 2] [3.6 4.7 1.3]]
CypD-x0213-pandda-model,[[1 1 1] [2 1 1] [3 1 1] [4 1 1] [5 1 1] [6 1 1] [7 1 1] [8 1 1] [9 1 1] [10 1 1] [11 1 1] [12 1 1] [13 1 1] [14 1 1] [15 1 1] [16 1 1] [17 1 1] [18 1 1] [19 1 1] [20 1 1] [21 1 1] [22 1 1] [23 1 1] [24 1 1] [25 1 1] [26 1 1] [27 1 1] [28 1 1] [29 1 1]],[[16 24 22 21 19 17] [1263 1263 1263 1263 1263 1263] [84 84 84 84 84 84] [10 10 10 10 10 10] [0.5 0.5 0.5 0.5 0.5 0.5]]
CypD-x0215-pandda-model,[[1 1 1] [2 1 1] [3 1 1] [4 1 1] [5 1 1] [6 1 1] [7 1 1] [8 1 1] [9 1 1] [10 1 1] [11 1 1] [12 1 1] [13 1 1] [14 1 1] [15 1 1] [16 1 1] [17 1 1] [18 1 1] [19 1 1] [20 1 1] [21 1 1] [22 1 1] [23 1 1] [24 1 1] [25 1 1] [26 1 1]],[14 1360 91 4 2.6]
CypD-x0216-pandda-model,[[1 1 1] [2 1 1] [3 1 1] [4 1 1] [5 1 1] [6 1 1] [7 1 1] [8 1 1] [9 1 1] [10 1 1] [11 1 1] [12 1 1] [13 1 1] [14 1 1] [15 1 1] [16 1 1] [17 1 1] [18 1 1] [19 1 1] [20 1 1] [21 1 1] [22 1 1] [23 1 1] [24 1 1] [25 1 1] [26 1 1] [27 1 1] [28 1 1] [29 2 1] [30 2 1] [31 2 1] [32 2 1] [33 2 1] [34 2 1] [35 2 1] [36 2 1] [37 2 1] [38 2 1] [39 2 1] [40 2 1] [41 2 1] [42 2 1] [43 2 1] [44 2 1] [45 2 1] [46 2 1] [47 2 1] [48 2 1] [49 2 1] [50 2 1] [51 2 1] [52 2 1] [53 2 1] [54 2 1] [55 1 2] [56 1 2] [57 1 2] [58 1 2] [59 1 2] [60 1 2] [61 1 2] [62 1 2] [63 1 2] [64 1 2] [65 1 2] [66 1 2] [67 1 2] [68 1 2] [69 1 2] [70 1 2] [71 1 2] [72 1 2] [73 1 2] [74 1 2] [75 1 2] [76 1 2] [77 1 2] [78 1 2] [79 1 2] [80 1 2] [81 2 2] [82 2 2] [83 2 2] [84 2 2] [85 2 2] [86 2 2] [87 2 2] [88 2 2] [89 2 2] [90 2 2] [91 2 2] [92 2 2] [93 2 2] [94 2 2] [95 2 2] [96 2 2] [97 2 2] [98 2 2] [99 2 2] [100 2 2] [101 2 2] [102 2 2] [103 2 2] [104 2 2] [105 2 2] [106 2 2] [107 2 2] [108 2 2]],[[35 39 67 34 64 86] [2430 615 6511 752 6506 3460] [161 40 20102 49 20102 10063] [3 3 3 2 4 2] [1.8 0.8 3.3 7.8 2.6 1]]
CypD-x0217-pandda-model,[[1 1 1] [2 1 1] [3 1 1] [4 1 1] [5 1 1] [6 1 1] [7 1 1] [8 1 1] [9 1 1] [10 1 1] [11 1 1] [12 1 1] [13 1 1] [14 1 1] [15 1 1] [16 1 1] [17 1 1] [18 1 1] [19 1 1] [20 1 1] [21 1 1] [22 1 1] [23 1 1] [24 1 1] [25 1 1] [26 1 1] [27 1 1] [28 1 1] [29 1 1] [30 1 2] [31 1 2] [32 1 2] [33 1 2] [34 1 2] [35 1 2] [36 1 2] [37 1 2] [38 1 2] [39 1 2] [40 1 2] [41 1 2] [42 1 2] [43 1 2] [44 1 2] [45 1 2] [46 1 2] [47 1 2] [48 1 2] [49 1 2] [50 1 2] [51 1 2] [52 1 2] [53 1 2] [54 1 2] [55 1 2] [56 1 2] [57 1 2] [58 1 2] [59 1 3] [60 1 3] [61 1 3] [62 1 3] [63 1 3] [64 1 3] [65 1 3] [66 1 3] [67 1 3] [68 1 3] [69 1 3] [70 1 3] [71 1 3] [72 1 3] [73 1 3] [74 1 3] [75 1 3] [76 1 3] [77 1 3] [78 1 3] [79 1 3] [80 1 3] [81 1 3] [82 1 3] [83 1 3] [84 1 3] [85 1 3] [86 1 3] [87 1 3]],[[65 71 50 50 50 50 50 78 87 85 83 81 79 69 78 87 73 77] [5380 5380 4451 4452 4454 4449 4448 6346 6346 6346 6346 6346 6346 6346 6346 6346 6346 6346] [20025 20025 10131 10131 10131 10131 10131 20090 20090 20090 20090 20090 20090 20090 20090 20090 20090 20090] [2 2 10 10 10 10 10 10 10 10 10 10 10 10 10 10 10 10] [6.8 5.2 0.6 0.6 0.6 0.6 0.6 0.6 0.6 0.6 0.6 0.6 0.6 1.5 1.5 1.5 1.5 1.5]]
CypD-x0220-pandda-model,[[1 1 1] [2 1 1] [3 1 1] [4 1 1] [5 1 1] [6 1 1] [7 1 1] [8 1 1] [9 1 1] [10 1 1] [11 1 1] [12 1 1] [13 1 1] [14 1 1] [15 1 1] [16 1 1] [17 1 1] [18 1 1] [19 1 1] [20 1 1] [21 1 1] [22 1 1] [23 1 1] [24 1 1] [25 1 1] [26 1 1] [27 1 1] [28 1 1] [29 2 1] [30 2 1] [31 2 1] [32 2 1] [33 2 1] [34 2 1] [35 2 1] [36 2 1] [37 2 1] [38 2 1] [39 2 1] [40 2 1] [41 2 1] [42 2 1] [43 2 1] [44 2 1] [45 2 1] [46 2 1] [47 2 1] [48 2 1] [49 2 1] [50 2 1] [51 2 1] [52 2 1] [53 2 1] [54 2 1] [55 2 1] [56 2 1] [57 1 2] [58 1 2] [59 1 2] [60 1 2] [61 1 2] [62 1 2] [63 1 2] [64 1 2] [65 1 2] [66 1 2] [67 1 2] [68 1 2] [69 1 2] [70 1 2] [71 1 2] [72 1 2] [73 1 2] [74 1 2] [75 1 2] [76 1 2] [77 1 2] [78 1 2] [79 1 2] [80 1 2] [81 1 2] [82 1 2] [83 1 2] [84 1 2] [85 2 2] [86 2 2] [87 2 2] [88 2 2] [89 2 2] [90 2 2] [91 2 2] [92 2 2] [93 2 2] [94 2 2] [95 2 2] [96 2 2] [97 2 2] [98 2 2] [99 2 2] [100 2 2] [101 2 2] [102 2 2] [103 2 2] [104 2 2] [105 2 2] [106 2 2] [107 2 2] [108 2 2] [109 2 2] [110 2 2] [111 2 2] [112 2 2]],[[7 15 43 63 91] [4830 4830 3625 5813 6125] [10155 10155 10076 20054 20076] [2 2 2 2 2] [3.6 6.3 10.3 6.1 7.9]]
CypD-x0221-pandda-model,[[1 1 1] [2 1 1] [3 1 1] [4 1 1] [5 1 1] [6 1 1] [7 1 1] [8 1 1] [9 1 1] [10 1 1] [11 1 1] [12 1 1] [13 1 1] [14 1 1] [15 1 1] [16 1 1] [17 1 1] [18 1 1] [19 1 1] [20 1 1] [21 1 1] [22 1 1] [23 1 1] [24 2 1] [25 2 1] [26 2 1] [27 2 1] [28 2 1] [29 2 1] [30 2 1] [31 2 1] [32 2 1] [33 2 1] [34 2 1] [35 2 1] [36 2 1] [37 2 1] [38 2 1] [39 2 1] [40 2 1] [41 2 1] [42 2 1] [43 2 1] [44 2 1] [45 2 1] [46 2 1]],[[8 8 29 31 31] [4016 4387 3470 1091 3591] [20102 20126 20063 10073 20073] [4 2 2 4 4] [4.6 0.5 3.3 0.7 0.9]]
CypD-x0222-pandda-model,[[1 1 1] [2 1 1] [3 1 1] [4 1 1] [5 1 1] [6 1 1] [7 1 1] [8 1 1] [9 1 1] [10 1 1] [11 1 1] [12 1 1] [13 1 1] [14 1 1] [15 1 1] [16 1 1] [17 1 1] [18 1 1] [19 1 1] [20 1 1] [21 1 1] [22 1 1] [23 1 1] [24 1 1] [25 1 1] [26 1 1] [27 1 1] [28 1 1] [29 1 1]],[[1 27 11 9 7 5] [1347 1347 1347 1347 1347 1347] [90 90 90 90 90 90] [10 10 10 10 10 10] [0.5 0.5 0.5 0.5 0.5 0.5]]
CypD-x0225-pandda-model,[[1 1 1] [2 1 1] [3 1 1] [4 1 1] [5 1 1] [6 1 1] [7 1 1] [8 1 1] [9 1 1] [10 1 1] [11 1 1] [12 1 1] [13 1 1] [14 1 1] [15 1 1] [16 1 1] [17 1 1] [18 1 1] [19 1 1] [20 1 1] [21 1 1] [22 1 1] [23 1 1] [24 1 1] [25 1 1] [26 1 1] [27 1 1] [28 1 1] [29 1 1] [30 1 1] [31 1 1] [32 1 1] [33 1 1] [34 1 2] [35 1 2] [36 1 2] [37 1 2] [38 1 2] [39 1 2] [40 1 2] [41 1 2] [42 1 2] [43 1 2] [44 1 2] [45 1 2] [46 1 2] [47 1 2] [48 1 2] [49 1 2] [50 1 2] [51 1 2] [52 1 2] [53 1 2] [54 1 2] [55 1 2] [56 1 2] [57 1 2] [58 1 2] [59 1 2] [60 1 2] [61 1 2] [62 1 2] [63 1 2] [64 1 2] [65 1 3] [66 1 3] [67 1 3] [68 1 3] [69 1 3] [70 1 3] [71 1 3] [72 1 3] [73 1 3] [74 1 3] [75 1 3] [76 1 3] [77 1 3] [78 1 3] [79 1 3] [80 1 3] [81 1 3] [82 1 3] [83 1 3] [84 1 3] [85 1 3] [86 1 3] [87 1 3] [88 1 3] [89 1 3] [90 1 3] [91 1 3] [92 1 3] [93 1 3] [94 1 3] [95 1 3] [96 2 3] [97 2 3] [98 2 3] [99 2 3] [100 2 3] [101 2 3] [102 2 3] [103 2 3] [104 2 3] [105 2 3] [106 2 3] [107 2 3] [108 2 3] [109 2 3] [110 2 3] [111 2 3] [112 2 3] [113 2 3] [114 2 3] [115 2 3] [116 2 3] [117 2 3] [118 2 3] [119 2 3] [120 2 3] [121 2 3] [122 2 3] [123 2 3] [124 2 3] [125 2 3] [126 2 3]],[[6 70] [2230 4719] [148 10148] [2 2] [11.6 9.1]]
CypD-x0226-pandda-model,[[1 1 1] [2 1 1] [3 1 1] [4 1 1] [5 1 1] [6 1 1] [7 1 1] [8 1 1] [9 1 1] [10 1 1] [11 1 1] [12 1 1] [13 1 1] [14 1 1] [15 1 1] [16 1 1] [17 1 1] [18 1 1] [19 1 1] [20 1 1] [21 1 1] [22 1 1] [23 1 1] [24 1 1] [25 1 1] [26 1 1] [27 1 1] [28 1 1] [29 1 1] [30 1 1] [31 1 1] [32 1 1] [33 1 1] [34 1 2] [35 1 2] [36 1 2] [37 1 2] [38 1 2] [39 1 2] [40 1 2] [41 1 2] [42 1 2] [43 1 2] [44 1 2] [45 1 2] [46 1 2] [47 1 2] [48 1 2] [49 1 2] [50 1 2] [51 1 2] [52 1 2] [53 1 2] [54 1 2] [55 1 2] [56 1 2] [57 1 2] [58 1 2] [59 1 2] [60 1 2] [61 1 2] [62 1 2] [63 1 2] [64 1 2] [65 1 2] [66 1 2]],[[6 39] [1360 3850] [91 10091] [4 4] [5 3.5]]
CypD-x0228-pandda-model,[[1 1 1] [2 1 1] [3 1 1] [4 1 1] [5 1 1] [6 1 1] [7 1 1] [8 1 1] [9 1 1] [10 1 1] [11 1 1] [12 1 1] [13 1 1] [14 1 1] [15 1 1] [16 1 1] [17 1 1] [18 1 1] [19 1 1] [20 1 1] [21 1 1] [22 1 1] [23 1 1] [24 1 1] [25 1 1] [26 1 1] [27 1 2] [28 1 2] [29 1 2] [30 1 2] [31 1 2] [32 1 2] [33 1 2] [34 1 2] [35 1 2] [36 1 2] [37 1 2] [38 1 2] [39 1 2] [40 1 2] [41 1 2] [42 1 2] [43 1 2] [44 1 2] [45 1 2] [46 1 2] [47 1 2] [48 1 2] [49 1 2] [50 1 2] [51 1 2] [52 1 2] [53 2 2] [54 2 2] [55 2 2] [56 2 2] [57 2 2] [58 2 2] [59 2 2] [60 2 2] [61 2 2] [62 2 2] [63 2 2] [64 2 2] [65 2 2] [66 2 2] [67 2 2] [68 2 2] [69 2 2] [70 2 2] [71 2 2] [72 2 2] [73 2 2] [74 2 2] [75 2 2] [76 2 2] [77 2 2] [78 2 2]],[[38 6 38 43 41 48 42] [4472 4727 4456 4456 4456 4456 4456] [20132 20148 20131 20131 20131 20131 20131] [3 2 10 10 10 10 10] [5.6 0.5 0.9 0.9 0.9 0.9 0.9]]
CypD-x0229-pandda-model,[[1 1 1] [2 1 1] [3 1 1] [4 1 1] [5 1 1] [6 1 1] [7 1 1] [8 1 1] [9 1 1] [10 1 1] [11 1 1] [12 1 1] [13 1 1] [14 1 1] [15 1 1] [16 1 1] [17 1 1] [18 1 1] [19 1 1] [20 1 1] [21 1 1] [22 1 1] [23 1 1] [24 1 1] [25 1 1] [26 1 1]],[[8 18 18 18 18 18] [401 1969 1972 1973 1975 1970] [20025 20131 20131 20131 20131 20131] [1 10 10 10 10 10] [4.5 0.7 0.7 0.7 0.7 0.7]]
CypD-x0231-pandda-model,[[1 1 1] [2 1 1] [3 1 1] [4 1 1] [5 1 1] [6 1 1] [7 1 1] [8 1 1] [9 1 1] [10 1 1] [11 1 1] [12 1 1] [13 1 1] [14 1 1] [15 1 1] [16 1 1] [17 1 1] [18 1 1] [19 1 1] [20 1 1] [21 1 1] [22 1 1] [23 1 1] [24 1 1] [25 1 1] [26 1 2] [27 1 2] [28 1 2] [29 1 2] [30 1 2] [31 1 2] [32 1 2] [33 1 2] [34 1 2] [35 1 2] [36 1 2] [37 1 2] [38 1 2] [39 1 2] [40 1 2] [41 1 2] [42 1 2] [43 1 2] [44 1 2] [45 1 2] [46 1 2] [47 1 2] [48 1 2] [49 1 2] [50 1 2] [51 2 2] [52 2 2] [53 2 2] [54 2 2] [55 2 2] [56 2 2] [57 2 2] [58 2 2] [59 2 2] [60 2 2] [61 2 2] [62 2 2] [63 2 2] [64 2 2] [65 2 2] [66 2 2] [67 2 2] [68 2 2] [69 2 2] [70 2 2] [71 2 2] [72 2 2] [73 2 2] [74 2 2] [75 2 2]],[[50 6 10 56] [5893 2230 2230 7220] [20059 148 148 20148] [3 2 2 2] [1.4 5.1 3.3 7.6]]
CypD-x0232-pandda-model,[[1 1 1] [2 1 1] [3 1 1] [4 1 1] [5 1 1] [6 1 1] [7 1 1] [8 1 1] [9 1 1] [10 1 1] [11 1 1] [12 1 1] [13 1 1] [14 1 1] [15 1 1] [16 1 1] [17 1 1] [18 1 1] [19 1 1] [20 1 1] [21 1 1] [22 1 1] [23 1 1] [24 2 1] [25 2 1] [26 2 1] [27 2 1] [28 2 1] [29 2 1] [30 2 1] [31 2 1] [32 2 1] [33 2 1] [34 2 1] [35 2 1] [36 2 1] [37 2 1] [38 2 1] [39 2 1] [40 2 1] [41 2 1] [42 2 1] [43 2 1] [44 2 1] [45 2 1] [46 2 1]],[[8 28 31] [3471 4017 970] [20063 20102 10063] [2 4 2] [3.3 4.1 1.9]]
CypD-x0234-pandda-model,[[1 1 1] [2 1 1] [3 1 1] [4 1 1] [5 1 1] [6 1 1] [7 1 1] [8 1 1] [9 1 1] [10 1 1] [11 1 1] [12 1 1] [13 1 1] [14 1 1] [15 1 1] [16 1 1] [17 1 1] [18 1 1] [19 1 1] [20 1 1] [21 1 1] [22 1 1] [23 1 1] [24 1 1] [25 1 1] [26 1 2] [27 1 2] [28 1 2] [29 1 2] [30 1 2] [31 1 2] [32 1 2] [33 1 2] [34 1 2] [35 1 2] [36 1 2] [37 1 2] [38 1 2] [39 1 2] [40 1 2] [41 1 2] [42 1 2] [43 1 2] [44 1 2] [45 1 2] [46 1 2] [47 1 2] [48 1 2] [49 1 2] [50 1 2]],[[8 31] [1580 4016] [10107 20102] [3 4] [2.5 2.5]]
CypD-x0238-pandda-model,[[1 1 1] [2 1 1] [3 1 1] [4 1 1] [5 1 1] [6 1 1] [7 1 1] [8 1 1] [9 1 1] [10 1 1] [11 1 1] [12 1 1] [13 1 1] [14 1 1] [15 1 1] [16 1 1] [17 1 1] [18 1 1] [19 1 1] [20 1 1] [21 1 1] [22 1 1] [23 1 1] [24 1 1] [25 1 1] [26 1 1] [27 1 1] [28 1 2] [29 1 2] [30 1 2] [31 1 2] [32 1 2] [33 1 2] [34 1 2] [35 1 2] [36 1 2] [37 1 2] [38 1 2] [39 1 2] [40 1 2] [41 1 2] [42 1 2] [43 1 2] [44 1 2] [45 1 2] [46 1 2] [47 1 2] [48 1 2] [49 1 2] [50 1 2] [51 1 2] [52 1 2] [53 1 2] [54 1 2] [55 1 3] [56 1 3] [57 1 3] [58 1 3] [59 1 3] [60 1 3] [61 1 3] [62 1 3] [63 1 3] [64 1 3] [65 1 3] [66 1 3] [67 1 3] [68 1 3] [69 1 3] [70 1 3] [71 1 3] [72 1 3] [73 1 3] [74 1 3] [75 1 3] [76 1 3] [77 1 3] [78 1 3] [79 1 3] [80 1 3] [81 1 3]],[[13 40 67 22 22 22 22 22 38 41 39 43 40 71 80 78 76 74 72 71 80 78 76 74 72] [1360 3850 6350 1959 1962 1963 1965 1960 3833 3833 3833 3833 3833 6337 6337 6337 6337 6337 6337 6346 6346 6346 6346 6346 6346] [91 10091 20091 131 131 131 131 131 10090 10090 10090 10090 10090 20090 20090 20090 20090 20090 20090 20090 20090 20090 20090 20090 20090] [4 4 4 10 10 10 10 10 10 10 10 10 10 10 10 10 10 10 10 10 10 10 10 10 10] [4 1.2 2.6 0.6 0.6 0.6 0.6 0.6 0.5 0.5 0.5 0.5 0.5 0.6 0.6 0.6 0.6 0.6 0.6 0.5 0.5 0.5 0.5 0.5 0.5]]
CypD-x0240-pandda-model,[[1 1 1] [2 1 1] [3 1 1] [4 1 1] [5 1 1] [6 1 1] [7 1 1] [8 1 1] [9 1 1] [10 1 1] [11 1 1] [12 1 1] [13 1 1] [14 1 1] [15 1 1] [16 1 1] [17 1 1] [18 1 1] [19 1 1] [20 1 1] [21 1 1] [22 1 1] [23 1 1] [24 1 1] [25 1 1] [26 1 1] [27 1 1] [28 1 1] [29 1 1] [30 1 1] [31 1 2] [32 1 2] [33 1 2] [34 1 2] [35 1 2] [36 1 2] [37 1 2] [38 1 2] [39 1 2] [40 1 2] [41 1 2] [42 1 2] [43 1 2] [44 1 2] [45 1 2] [46 1 2] [47 1 2] [48 1 2] [49 1 2] [50 1 2] [51 1 2] [52 1 2] [53 1 2] [54 1 2] [55 1 2] [56 1 2] [57 1 2] [58 1 2] [59 1 2] [60 1 2]],[[11 11 11 11 11 11 41 41 41 41 41 41 21 30 28 26 24 22 51 60 58 56 54 52] [1179 1183 1187 1185 1181 1178 3670 3674 3678 3676 3672 3669 1263 1263 1263 1263 1263 1263 3754 3754 3754 3754 3754 3754] [79 79 79 79 79 79 10079 10079 10079 10079 10079 10079 84 84 84 84 84 84 10084 10084 10084 10084 10084 10084] [10 10 10 10 10 10 10 10 10 10 10 10 10 10 10 10 10 10 10 10 10 10 10 10] [0.8 0.8 0.8 0.8 0.8 0.8 0.8 0.8 0.8 0.8 0.8 0.8 0.9 0.9 0.9 0.9 0.9 0.9 0.8 0.8 0.8 0.8 0.8 0.8]]
CypD-x0246-pandda-model,[[1 1 1] [2 1 1] [3 1 1] [4 1 1] [5 1 1] [6 1 1] [7 1 1] [8 1 1] [9 1 1] [10 1 1] [11 1 1] [12 1 1] [13 1 1] [14 1 1] [15 1 1] [16 1 1] [17 1 1] [18 1 1] [19 1 1] [20 1 1] [21 1 1] [22 1 1] [23 1 1] [24 1 1] [25 1 1] [26 1 1] [27 1 1] [28 1 1]],[[7 10] [3470 970] [20063 10063] [2 2] [2.3 2.7]]
CypD-x0249-pandda-model,[[1 1 1] [2 1 1] [3 1 1] [4 1 1] [5 1 1] [6 1 1] [7 1 1] [8 1 1] [9 1 1] [10 1 1] [11 1 1] [12 1 1] [13 1 1] [14 1 1] [15 1 1] [16 1 1] [17 1 1] [18 1 1] [19 1 1] [20 1 1] [21 1 1] [22 1 1] [23 1 1] [24 1 1] [25 1 1] [26 1 1] [27 2 1] [28 2 1] [29 2 1] [30 2 1] [31 2 1] [32 2 1] [33 2 1] [34 2 1] [35 2 1] [36 2 1] [37 2 1] [38 2 1] [39 2 1] [40 2 1] [41 2 1] [42 2 1] [43 2 1] [44 2 1] [45 2 1] [46 2 1] [47 2 1] [48 2 1] [49 2 1] [50 2 1] [51 2 1] [52 2 1] [53 1 2] [54 1 2] [55 1 2] [56 1 2] [57 1 2] [58 1 2] [59 1 2] [60 1 2] [61 1 2] [62 1 2] [63 1 2] [64 1 2] [65 1 2] [66 1 2] [67 1 2] [68 1 2] [69 1 2] [70 1 2] [71 1 2] [72 1 2] [73 1 2] [74 1 2] [75 1 2] [76 1 2] [77 1 2] [78 1 2] [79 2 2] [80 2 2] [81 2 2] [82 2 2] [83 2 2] [84 2 2] [85 2 2] [86 2 2] [87 2 2] [88 2 2] [89 2 2] [90 2 2] [91 2 2] [92 2 2] [93 2 2] [94 2 2] [95 2 2] [96 2 2] [97 2 2] [98 2 2] [99 2 2] [100 2 2] [101 2 2] [102 2 2] [103 2 2] [104 2 2] [105 1 3] [106 1 3] [107 1 3] [108 1 3] [109 1 3] [110 1 3] [111 1 3] [112 1 3] [113 1 3] [114 1 3] [115 1 3] [116 1 3] [117 1 3] [118 1 3] [119 1 3] [120 1 3] [121 1 3] [122 1 3] [123 1 3] [124 1 3] [125 1 3] [126 1 3] [127 1 3] [128 1 3] [129 1 3] [130 1 3]],[[] [] [] [] []]
CypD-x0252-pandda-model,[[1 1 1] [2 1 1] [3 1 1] [4 1 1] [5 1 1] [6 1 1] [7 1 1] [8 1 1] [9 1 1] [10 1 1] [11 1 1] [12 1 1] [13 1 1] [14 1 1] [15 1 1] [16 1 1] [17 1 1] [18 1 1] [19 1 1] [20 1 1] [21 1 1] [22 1 1] [23 1 1] [24 1 1] [25 1 1] [26 1 1] [27 1 1] [28 1 1] [29 1 1] [30 2 1] [31 2 1] [32 2 1] [33 2 1] [34 2 1] [35 2 1] [36 2 1] [37 2 1] [38 2 1] [39 2 1] [40 2 1] [41 2 1] [42 2 1] [43 2 1] [44 2 1] [45 2 1] [46 2 1] [47 2 1] [48 2 1] [49 2 1] [50 2 1] [51 2 1] [52 2 1] [53 2 1] [54 2 1] [55 2 1] [56 2 1] [57 2 1] [58 2 1] [59 3 1] [60 3 1] [61 3 1] [62 3 1] [63 3 1] [64 3 1] [65 3 1] [66 3 1] [67 3 1] [68 3 1] [69 3 1] [70 3 1] [71 3 1] [72 3 1] [73 3 1] [74 3 1] [75 3 1] [76 3 1] [77 3 1] [78 3 1] [79 3 1] [80 3 1] [81 3 1] [82 3 1] [83 3 1] [84 3 1] [85 3 1] [86 3 1] [87 3 1] [88 1 2] [89 1 2] [90 1 2] [91 1 2] [92 1 2] [93 1 2] [94 1 2] [95 1 2] [96 1 2] [97 1 2] [98 1 2] [99 1 2] [100 1 2] [101 1 2] [102 1 2] [103 1 2] [104 1 2] [105 1 2] [106 1 2] [107 1 2] [108 1 2] [109 1 2] [110 1 2] [111 1 2] [112 1 2] [113 1 2] [114 1 2] [115 1 2] [116 1 2]],[[94 35 39 64 19 19 19 19 19] [3926 706 1066 2229 1802 1805 1799 1798 1801] [20095 10047 10070 10148 10121 10121 10121 10121 10121] [3 4 2 2 10 10 10 10 10] [0.6 3.6 1 9.7 0.7 0.7 0.7 0.7 0.7]]
CypD-x0256-pandda-model,[[1 1 1] [2 1 1] [3 1 1] [4 1 1] [5 1 1] [6 1 1] [7 1 1] [8 1 1] [9 1 1] [10 1 1] [11 1 1] [12 1 1] [13 1 1] [14 1 1] [15 1 1] [16 1 1] [17 1 1] [18 1 1] [19 1 1] [20 1 1] [21 1 1] [22 1 1] [23 1 1] [24 1 1] [25 1 1] [26 1 1] [27 1 1] [28 1 1] [29 1 1] [30 1 1] [31 1 1]],[[7 5 5 5 5 5 15 15 15 15 15 7 7 7 7 7 6 6 6 6 6 8 8 8 8 8 11 11 11 11 11] [401 1970 1972 1974 1976 1971 1970 1972 1974 1976 1971 1970 1972 1974 1976 1971 1970 1972 1974 1976 1971 1970 1972 1974 1976 1971 1970 1972 1974 1976 1971] [20025 20131 20131 20131 20131 20131 20131 20131 20131 20131 20131 20131 20131 20131 20131 20131 20131 20131 20131 20131 20131 20131 20131 20131 20131 20131 20131 20131 20131 20131 20131] [2 10 10 10 10 10 10 10 10 10 10 10 10 10 10 10 10 10 10 10 10 10 10 10 10 10 10 10 10 10 10] [13 0 0 0 0 0 0 0 0 0 0 0 0 0 0 0 0 0 0 0 0 0 0 0 0 0 0 0 0 0 0]]
CypD-x0257-pandda-model,[[1 1 1] [2 1 1] [3 1 1] [4 1 1] [5 1 1] [6 1 1] [7 1 1] [8 1 1] [9 1 1] [10 1 1] [11 1 1] [12 1 1] [13 1 1] [14 1 1] [15 1 1] [16 1 1] [17 1 1] [18 1 1] [19 1 1] [20 1 1] [21 1 1] [22 1 1] [23 2 1] [24 2 1] [25 2 1] [26 2 1] [27 2 1] [28 2 1] [29 2 1] [30 2 1] [31 2 1] [32 2 1] [33 2 1] [34 2 1] [35 2 1] [36 2 1] [37 2 1] [38 2 1] [39 2 1] [40 2 1] [41 2 1] [42 2 1] [43 2 1] [44 2 1] [45 1 2] [46 1 2] [47 1 2] [48 1 2] [49 1 2] [50 1 2] [51 1 2] [52 1 2] [53 1 2] [54 1 2] [55 1 2] [56 1 2] [57 1 2] [58 1 2] [59 1 2] [60 1 2] [61 1 2] [62 1 2] [63 1 2] [64 1 2] [65 1 2] [66 1 2]],[[28 34 42 40 39 37 35] [1360 1347 1347 1347 1347 1347 1347] [10091 10090 10090 10090 10090 10090 10090] [4 10 10 10 10 10 10] [3.4 0.5 0.5 0.5 0.5 0.5 0.5]]
CypD-x0259-pandda-model,[[1 1 1] [2 1 1] [3 1 1] [4 1 1] [5 1 1] [6 1 1] [7 1 1] [8 1 1] [9 1 1] [10 1 1] [11 1 1] [12 1 1] [13 1 1] [14 1 1] [15 1 1] [16 1 1] [17 1 1] [18 1 1] [19 1 1] [20 1 1] [21 1 1] [22 1 1]],[[2 8 6] [3588 4021 3470] [20072 20102 20063] [3 3 2] [0.6 2.2 0.5]]
CypD-x0263-pandda-model,[[1 1 1] [2 1 1] [3 1 1] [4 1 1] [5 1 1] [6 1 1] [7 1 1] [8 1 1] [9 1 1] [10 1 1] [11 1 1] [12 1 1] [13 1 1] [14 1 1] [15 1 1] [16 1 1] [17 1 1] [18 1 1] [19 1 1] [20 1 1] [21 1 1] [22 1 1] [23 1 1] [24 1 1] [25 1 1] [26 1 1] [27 2 1] [28 2 1] [29 2 1] [30 2 1] [31 2 1] [32 2 1] [33 2 1] [34 2 1] [35 2 1] [36 2 1] [37 2 1] [38 2 1] [39 2 1] [40 2 1] [41 2 1] [42 2 1] [43 2 1] [44 2 1] [45 2 1] [46 2 1] [47 2 1] [48 2 1] [49 2 1] [50 2 1] [51 2 1] [52 2 1] [53 1 2] [54 1 2] [55 1 2] [56 1 2] [57 1 2] [58 1 2] [59 1 2] [60 1 2] [61 1 2] [62 1 2] [63 1 2] [64 1 2] [65 1 2] [66 1 2] [67 1 2] [68 1 2] [69 1 2] [70 1 2] [71 1 2] [72 1 2] [73 1 2] [74 1 2] [75 1 2] [76 1 2] [77 1 2] [78 1 2] [79 1 3] [80 1 3] [81 1 3] [82 1 3] [83 1 3] [84 1 3] [85 1 3] [86 1 3] [87 1 3] [88 1 3] [89 1 3] [90 1 3] [91 1 3] [92 1 3] [93 1 3] [94 1 3] [95 1 3] [96 1 3] [97 1 3] [98 1 3] [99 1 3] [100 1 3] [101 1 3] [102 1 3] [103 1 3] [104 1 3]],[[35 87 6] [641 5631 970] [42 20042 63] [3 3 2] [2.6 2.6 3.9]]
CypD-x0265-pandda-model,[[1 1 1] [2 1 1] [3 1 1] [4 1 1] [5 1 1] [6 1 1] [7 1 1] [8 1 1] [9 1 1] [10 1 1] [11 1 1] [12 1 1] [13 1 1] [14 1 1] [15 1 1] [16 1 1] [17 1 1] [18 1 1] [19 1 1] [20 1 1] [21 1 1] [22 1 1] [23 1 1] [24 1 1] [25 1 1] [26 1 1] [27 1 1] [28 1 1] [29 1 2] [30 1 2] [31 1 2] [32 1 2] [33 1 2] [34 1 2] [35 1 2] [36 1 2] [37 1 2] [38 1 2] [39 1 2] [40 1 2] [41 1 2] [42 1 2] [43 1 2] [44 1 2] [45 1 2] [46 1 2] [47 1 2] [48 1 2] [49 1 2] [50 1 2] [51 1 2] [52 1 2] [53 1 2] [54 1 2] [55 1 2] [56 1 2]],[[7 35] [1360 3850] [91 10091] [4 4] [2.6 2.3]]
CypD-x0268-pandda-model,[[1 1 1] [2 1 1] [3 1 1] [4 1 1] [5 1 1] [6 1 1] [7 1 1] [8 1 1] [9 1 1] [10 1 1] [11 1 1] [12 1 1] [13 1 1] [14 1 1] [15 1 1] [16 1 1] [17 1 1] [18 1 1] [19 1 1] [20 1 1] [21 1 1] [22 1 1] [23 1 1] [24 1 1] [25 1 1] [26 1 1] [27 1 1] [28 2 1] [29 2 1] [30 2 1] [31 2 1] [32 2 1] [33 2 1] [34 2 1] [35 2 1] [36 2 1] [37 2 1] [38 2 1] [39 2 1] [40 2 1] [41 2 1] [42 2 1] [43 2 1] [44 2 1] [45 2 1] [46 2 1] [47 2 1] [48 2 1] [49 2 1] [50 2 1] [51 2 1] [52 2 1] [53 2 1] [54 1 2] [55 1 2] [56 1 2] [57 1 2] [58 1 2] [59 1 2] [60 1 2] [61 1 2] [62 1 2] [63 1 2] [64 1 2] [65 1 2] [66 1 2] [67 1 2] [68 1 2] [69 1 2] [70 1 2] [71 1 2] [72 1 2] [73 1 2] [74 1 2] [75 1 2] [76 1 2] [77 1 2] [78 1 2] [79 1 2]],[[5 40 5 69 69 69 69 69 69 78 78 78 78 78 78 76 76 76 76 76 76 74 74 74 74 74 74 72 72 72 72 72 72 70 70 70 70 70 70] [351 1088 351 3414 3416 3412 3408 3407 3410 3414 3416 3412 3408 3407 3410 3414 3416 3412 3408 3407 3410 3414 3416 3412 3408 3407 3410 3414 3416 3412 3408 3407 3410 3414 3416 3412 3408 3407 3410] [23 72 23 10060 10060 10060 10060 10060 10060 10060 10060 10060 10060 10060 10060 10060 10060 10060 10060 10060 10060 10060 10060 10060 10060 10060 10060 10060 10060 10060 10060 10060 10060 10060 10060 10060 10060 10060 10060] [1 3 7 10 10 10 10 10 10 10 10 10 10 10 10 10 10 10 10 10 10 10 10 10 10 10 10 10 10 10 10 10 10 10 10 10 10 10 10] [14.4 0.5 6.697316471 -0 -0 -0 -0 -0 -0 -0 -0 -0 -0 -0 -0 -0 -0 -0 -0 -0 -0 -0 -0 -0 -0 -0 -0 -0 -0 -0 -0 -0 -0 -0 -0 -0 -0 -0 -0]]
CypD-x0270-pandda-model,[[1 1 1] [2 1 1] [3 1 1] [4 1 1] [5 1 1] [6 1 1] [7 1 1] [8 1 1] [9 1 1] [10 1 1] [11 1 1] [12 1 1] [13 1 1] [14 1 1] [15 1 1] [16 1 1] [17 1 1] [18 1 1] [19 1 1] [20 1 1] [21 1 1] [22 1 1] [23 1 1] [24 1 1] [25 1 1] [26 1 1] [27 1 1] [28 1 1] [29 1 1] [30 1 1] [31 1 1] [32 1 1] [33 1 1] [34 1 2] [35 1 2] [36 1 2] [37 1 2] [38 1 2] [39 1 2] [40 1 2] [41 1 2] [42 1 2] [43 1 2] [44 1 2] [45 1 2] [46 1 2] [47 1 2] [48 1 2] [49 1 2] [50 1 2] [51 1 2] [52 1 2] [53 1 2] [54 1 2] [55 1 2] [56 1 2] [57 1 2] [58 1 2] [59 1 2] [60 1 2] [61 1 2] [62 1 2] [63 1 2] [64 1 2] [65 1 2] [66 1 2]],[[5 8 38] [1869 1521 4359] [125 102 10125] [1 3 1] [11.9 1 10.1]]
CypD-x0271-pandda-model,[[1 1 1] [2 1 1] [3 1 1] [4 1 1] [5 1 1] [6 1 1] [7 1 1] [8 1 1] [9 1 1] [10 1 1] [11 1 1] [12 1 1] [13 1 1] [14 1 1] [15 1 1] [16 1 1] [17 1 1] [18 1 1] [19 1 1] [20 1 1] [21 1 1] [22 1 1] [23 1 1] [24 1 1] [25 1 1] [26 1 1] [27 1 1] [28 1 1] [29 1 1] [30 1 1] [31 1 1] [32 1 2] [33 1 2] [34 1 2] [35 1 2] [36 1 2] [37 1 2] [38 1 2] [39 1 2] [40 1 2] [41 1 2] [42 1 2] [43 1 2] [44 1 2] [45 1 2] [46 1 2] [47 1 2] [48 1 2] [49 1 2] [50 1 2] [51 1 2] [52 1 2] [53 1 2] [54 1 2] [55 1 2] [56 1 2] [57 1 2] [58 1 2] [59 1 2] [60 1 2] [61 1 2] [62 1 2]],[[9 1 1 1 1 1 11 11 11 11 11 42 42 42 42 42] [1360 1962 1963 1965 1960 1959 1962 1963 1965 1960 1959 4448 4451 4453 4455 4449] [91 131 131 131 131 131 131 131 131 131 131 10131 10131 10131 10131 10131] [4 10 10 10 10 10 10 10 10 10 10 10 10 10 10 10] [1.9 0.5 0.5 0.5 0.5 0.5 0.6 0.6 0.6 0.6 0.6 1 1 1 1 1]]
CypD-x0273-pandda-model,[[1 1 1] [2 1 1] [3 1 1] [4 1 1] [5 1 1] [6 1 1] [7 1 1] [8 1 1] [9 1 1] [10 1 1] [11 1 1] [12 1 1] [13 1 1] [14 1 1] [15 1 1] [16 1 1] [17 1 1] [18 1 1] [19 1 1] [20 1 1] [21 1 1] [22 1 1] [23 1 1] [24 1 1] [25 1 1] [26 1 1] [27 1 1] [28 1 1] [29 1 1] [30 1 1] [31 1 1] [32 1 2] [33 1 2] [34 1 2] [35 1 2] [36 1 2] [37 1 2] [38 1 2] [39 1 2] [40 1 2] [41 1 2] [42 1 2] [43 1 2] [44 1 2] [45 1 2] [46 1 2] [47 1 2] [48 1 2] [49 1 2] [50 1 2] [51 1 2] [52 1 2] [53 1 2] [54 1 2] [55 1 2] [56 1 2] [57 1 2] [58 1 2] [59 1 2] [60 1 2] [61 1 2] [62 1 2] [63 2 2] [64 2 2] [65 2 2] [66 2 2] [67 2 2] [68 2 2] [69 2 2] [70 2 2] [71 2 2] [72 2 2] [73 2 2] [74 2 2] [75 2 2] [76 2 2] [77 2 2] [78 2 2] [79 2 2] [80 2 2] [81 2 2] [82 2 2] [83 2 2] [84 2 2] [85 2 2] [86 2 2] [87 2 2] [88 2 2] [89 2 2] [90 2 2] [91 2 2] [92 2 2] [93 2 2] [94 1 3] [95 1 3] [96 1 3] [97 1 3] [98 1 3] [99 1 3] [100 1 3] [101 1 3] [102 1 3] [103 1 3] [104 1 3] [105 1 3] [106 1 3] [107 1 3] [108 1 3] [109 1 3] [110 1 3] [111 1 3] [112 1 3] [113 1 3] [114 1 3] [115 1 3] [116 1 3] [117 1 3] [118 1 3] [119 1 3] [120 1 3] [121 1 3] [122 1 3] [123 1 3] [124 1 3] [125 2 3] [126 2 3] [127 2 3] [128 2 3] [129 2 3] [130 2 3] [131 2 3] [132 2 3] [133 2 3] [134 2 3] [135 2 3] [136 2 3] [137 2 3] [138 2 3] [139 2 3] [140 2 3] [141 2 3] [142 2 3] [143 2 3] [144 2 3] [145 2 3] [146 2 3] [147 2 3] [148 2 3] [149 2 3] [150 2 3] [151 2 3] [152 2 3] [153 2 3] [154 2 3] [155 2 3]],[[42 104 6 130 45 61 60 50 48 46] [4070 6192 2230 7307 4117 4117 4117 4117 4117 4117] [10107 20081 148 20154 10111 10111 10111 10111 10111 10111] [3 3 2 2 10 10 10 10 10 10] [2.9 1.4 12.9 7.8 0.5 0.5 0.5 0.5 0.5 0.5]]
CypD-x0274-pandda-model,[[1 1 1] [2 1 1] [3 1 1] [4 1 1] [5 1 1] [6 1 1] [7 1 1] [8 1 1] [9 1 1] [10 1 1] [11 1 1] [12 1 1] [13 1 1] [14 1 1] [15 1 1] [16 1 1] [17 1 1] [18 1 1] [19 1 1] [20 1 1] [21 1 1] [22 1 1] [23 1 1] [24 1 2] [25 1 2] [26 1 2] [27 1 2] [28 1 2] [29 1 2] [30 1 2] [31 1 2] [32 1 2] [33 1 2] [34 1 2] [35 1 2] [36 1 2] [37 1 2] [38 1 2] [39 1 2] [40 1 2] [41 1 2] [42 1 2] [43 1 2] [44 1 2] [45 1 2] [46 1 2]],[[11 22 20 18 16 15 34 45 43 41 39 38 34 45 43 41 39 38] [1356 1356 1356 1356 1356 1356 3841 3841 3841 3841 3841 3841 3845 3845 3845 3845 3845 3845] [90 90 90 90 90 90 10090 10090 10090 10090 10090 10090 10090 10090 10090 10090 10090 10090] [10 10 10 10 10 10 10 10 10 10 10 10 10 10 10 10 10 10] [0.7 0.7 0.7 0.7 0.7 0.7 0.5 0.5 0.5 0.5 0.5 0.5 0.7 0.7 0.7 0.7 0.7 0.7]]
CypD-x0275-pandda-model,[[1 1 1] [2 1 1] [3 1 1] [4 1 1] [5 1 1] [6 1 1] [7 1 1] [8 1 1] [9 1 1] [10 1 1] [11 1 1] [12 1 1] [13 1 1] [14 1 1] [15 1 1] [16 1 1] [17 1 1] [18 1 1] [19 1 1] [20 1 1] [21 1 1] [22 1 1] [23 1 1] [24 1 1] [25 1 1] [26 1 1] [27 1 1] [28 1 1] [29 1 1] [30 1 1] [31 1 1] [32 1 1] [33 1 1] [34 1 1] [35 1 1]],[[] [] [] [] []]
CypD-x0280-pandda-model,[[1 1 1] [2 1 1] [3 1 1] [4 1 1] [5 1 1] [6 1 1] [7 1 1] [8 1 1] [9 1 1] [10 1 1] [11 1 1] [12 1 1] [13 1 1] [14 1 1] [15 1 1] [16 1 1] [17 1 1] [18 1 1] [19 1 1] [20 1 1] [21 1 1] [22 1 1] [23 1 1] [24 1 1] [25 1 1] [26 1 1] [27 1 1] [28 1 1] [29 1 1] [30 1 1]],[[13 6 10] [1521 970 1516] [102 63 102] [3 2 4] [1.6 2.2 1.6]]
CypD-x0282-pandda-model,[[1 1 1] [2 1 1] [3 1 1] [4 1 1] [5 1 1] [6 1 1] [7 1 1] [8 1 1] [9 1 1] [10 1 1] [11 1 1] [12 1 1] [13 1 1] [14 1 1] [15 1 1] [16 1 1] [17 1 1] [18 1 1] [19 1 1] [20 1 1] [21 1 1] [22 1 1] [23 1 1] [24 1 1] [25 1 1] [26 1 1] [27 1 1] [28 1 1] [29 1 2] [30 1 2] [31 1 2] [32 1 2] [33 1 2] [34 1 2] [35 1 2] [36 1 2] [37 1 2] [38 1 2] [39 1 2] [40 1 2] [41 1 2] [42 1 2] [43 1 2] [44 1 2] [45 1 2] [46 1 2] [47 1 2] [48 1 2] [49 1 2] [50 1 2] [51 1 2] [52 1 2] [53 1 2] [54 1 2] [55 1 2] [56 1 2] [57 2 2] [58 2 2] [59 2 2] [60 2 2] [61 2 2] [62 2 2] [63 2 2] [64 2 2] [65 2 2] [66 2 2] [67 2 2] [68 2 2] [69 2 2] [70 2 2] [71 2 2] [72 2 2] [73 2 2] [74 2 2] [75 2 2] [76 2 2] [77 2 2] [78 2 2] [79 2 2] [80 2 2] [81 2 2] [82 2 2] [83 2 2] [84 2 2]],[[11 39 67] [970 3459 5959] [63 10063 20063] [2 2 2] [1.7 2.9 3.1]]
CypD-x0285-pandda-model,[[1 1 1] [2 1 1] [3 1 1] [4 1 1] [5 1 1] [6 1 1] [7 1 1] [8 1 1] [9 1 1] [10 1 1] [11 1 1] [12 1 1] [13 1 1] [14 1 1] [15 1 1] [16 1 1] [17 1 1] [18 1 1] [19 1 1] [20 1 1] [21 1 1] [22 1 1] [23 1 1] [24 1 1] [25 1 1] [26 1 1] [27 1 1] [28 1 1] [29 1 1] [30 1 1] [31 1 2] [32 1 2] [33 1 2] [34 1 2] [35 1 2] [36 1 2] [37 1 2] [38 1 2] [39 1 2] [40 1 2] [41 1 2] [42 1 2] [43 1 2] [44 1 2] [45 1 2] [46 1 2] [47 1 2] [48 1 2] [49 1 2] [50 1 2] [51 1 2] [52 1 2] [53 1 2] [54 1 2] [55 1 2] [56 1 2] [57 1 2] [58 1 2] [59 1 2] [60 1 2] [61 1 3] [62 1 3] [63 1 3] [64 1 3] [65 1 3] [66 1 3] [67 1 3] [68 1 3] [69 1 3] [70 1 3] [71 1 3] [72 1 3] [73 1 3] [74 1 3] [75 1 3] [76 1 3] [77 1 3] [78 1 3] [79 1 3] [80 1 3] [81 1 3] [82 1 3] [83 1 3] [84 1 3] [85 1 3] [86 1 3] [87 1 3] [88 1 3] [89 1 3] [90 1 3] [91 2 3] [92 2 3] [93 2 3] [94 2 3] [95 2 3] [96 2 3] [97 2 3] [98 2 3] [99 2 3] [100 2 3] [101 2 3] [102 2 3] [103 2 3] [104 2 3] [105 2 3] [106 2 3] [107 2 3] [108 2 3] [109 2 3] [110 2 3] [111 2 3] [112 2 3] [113 2 3] [114 2 3] [115 2 3] [116 2 3] [117 2 3] [118 2 3] [119 3 3] [120 3 3] [121 3 3] [122 3 3] [123 3 3] [124 3 3] [125 3 3] [126 3 3] [127 3 3] [128 3 3] [129 3 3] [130 3 3] [131 3 3] [132 3 3] [133 3 3] [134 3 3] [135 3 3] [136 3 3] [137 3 3] [138 3 3] [139 3 3] [140 3 3] [141 3 3] [142 3 3] [143 3 3] [144 3 3] [145 3 3] [146 3 3]],[[37 136 136 136 136 136] [5836 4292 4295 4289 4288 4291] [20055 10121 10121 10121 10121 10121] [2 10 10 10 10 10] [3.2 0.5 0.5 0.5 0.5 0.5]]
CypD-x0286-pandda-model,[[1 1 1] [2 1 1] [3 1 1] [4 1 1] [5 1 1] [6 1 1] [7 1 1] [8 1 1] [9 1 1] [10 1 1] [11 1 1] [12 1 1] [13 1 1] [14 1 1] [15 1 1] [16 1 1] [17 1 1] [18 1 1] [19 1 1] [20 1 2] [21 1 2] [22 1 2] [23 1 2] [24 1 2] [25 1 2] [26 1 2] [27 1 2] [28 1 2] [29 1 2] [30 1 2] [31 1 2] [32 1 2] [33 1 2] [34 1 2] [35 1 2] [36 1 2] [37 1 2] [38 1 2]],[[6 6 9 25 6 6 10 25] [2267 2273 2267 3879 2267 2273 2341 3879] [151 151 151 20091 151 151 155 20091] [2 2 2 2 7 7 7 7] [4.7 11.7 0.8 18.8 4.384892692 6.843685884 1.522224492 7.111242351]]
CypD-x0288-pandda-model,[[1 1 1] [2 1 1] [3 1 1] [4 1 1] [5 1 1] [6 1 1] [7 1 1] [8 1 1] [9 1 1] [10 1 1] [11 1 1] [12 1 1] [13 1 1] [14 1 1] [15 1 1] [16 1 1] [17 1 1] [18 1 1] [19 1 1] [20 1 1] [21 1 1] [22 1 1] [23 1 1] [24 1 1] [25 1 1] [26 1 1] [27 1 1] [28 1 1] [29 1 1] [30 1 1] [31 1 1] [32 1 2] [33 1 2] [34 1 2] [35 1 2] [36 1 2] [37 1 2] [38 1 2] [39 1 2] [40 1 2] [41 1 2] [42 1 2] [43 1 2] [44 1 2] [45 1 2] [46 1 2] [47 1 2] [48 1 2] [49 1 2] [50 1 2] [51 1 2] [52 1 2] [53 1 2] [54 1 2] [55 1 2] [56 1 2] [57 1 2] [58 1 2] [59 1 2] [60 1 2] [61 1 2]],[[] [] [] [] []]
CypD-x0289-pandda-model,[[1 1 1] [2 1 1] [3 1 1] [4 1 1] [5 1 1] [6 1 1] [7 1 1] [8 1 1] [9 1 1] [10 1 1] [11 1 1] [12 1 1] [13 1 1] [14 1 1] [15 1 1] [16 1 1] [17 1 1] [18 1 1] [19 1 1] [20 1 1] [21 1 1]],[[] [] [] [] []]
CypD-x0290-pandda-model,[[1 1 1] [2 1 1] [3 1 1] [4 1 1] [5 1 1] [6 1 1] [7 1 1] [8 1 1] [9 1 1] [10 1 1] [11 1 1] [12 1 1] [13 1 1] [14 1 1] [15 1 1] [16 1 1] [17 1 1] [18 1 1] [19 1 1] [20 1 1] [21 1 1] [22 1 1] [23 1 1] [24 1 1] [25 1 1] [26 1 1] [27 1 1] [28 1 2] [29 1 2] [30 1 2] [31 1 2] [32 1 2] [33 1 2] [34 1 2] [35 1 2] [36 1 2] [37 1 2] [38 1 2] [39 1 2] [40 1 2] [41 1 2] [42 1 2] [43 1 2] [44 1 2] [45 1 2] [46 1 2] [47 1 2] [48 1 2] [49 1 2] [50 1 2] [51 1 2] [52 1 2] [53 1 2] [54 1 2] [55 2 2] [56 2 2] [57 2 2] [58 2 2] [59 2 2] [60 2 2] [61 2 2] [62 2 2] [63 2 2] [64 2 2] [65 2 2] [66 2 2] [67 2 2] [68 2 2] [69 2 2] [70 2 2] [71 2 2] [72 2 2] [73 2 2] [74 2 2] [75 2 2] [76 2 2] [77 2 2] [78 2 2] [79 2 2] [80 2 2] [81 2 2] [82 3 2] [83 3 2] [84 3 2] [85 3 2] [86 3 2] [87 3 2] [88 3 2] [89 3 2] [90 3 2] [91 3 2] [92 3 2] [93 3 2] [94 3 2] [95 3 2] [96 3 2] [97 3 2] [98 3 2] [99 3 2] [100 3 2] [101 3 2] [102 3 2] [103 3 2] [104 3 2] [105 3 2] [106 3 2] [107 3 2] [108 3 2] [109 1 3] [110 1 3] [111 1 3] [112 1 3] [113 1 3] [114 1 3] [115 1 3] [116 1 3] [117 1 3] [118 1 3] [119 1 3] [120 1 3] [121 1 3] [122 1 3] [123 1 3] [124 1 3] [125 1 3] [126 1 3] [127 1 3] [128 1 3] [129 1 3] [130 1 3] [131 1 3] [132 1 3] [133 1 3] [134 1 3] [135 1 3] [136 2 3] [137 2 3] [138 2 3] [139 2 3] [140 2 3] [141 2 3] [142 2 3] [143 2 3] [144 2 3] [145 2 3] [146 2 3] [147 2 3] [148 2 3] [149 2 3] [150 2 3] [151 2 3] [152 2 3] [153 2 3] [154 2 3] [155 2 3] [156 2 3] [157 2 3] [158 2 3] [159 2 3] [160 2 3] [161 2 3] [162 2 3] [163 3 3] [164 3 3] [165 3 3] [166 3 3] [167 3 3] [168 3 3] [169 3 3] [170 3 3] [171 3 3] [172 3 3] [173 3 3] [174 3 3] [175 3 3] [176 3 3] [177 3 3] [178 3 3] [179 3 3] [180 3 3] [181 3 3] [182 3 3] [183 3 3] [184 3 3] [185 3 3] [186 3 3] [187 3 3] [188 3 3] [189 3 3] [190 4 3] [191 4 3] [192 4 3] [193 4 3] [194 4 3] [195 4 3] [196 4 3] [197 4 3] [198 4 3] [199 4 3] [200 4 3] [201 4 3] [202 4 3] [203 4 3] [204 4 3] [205 4 3] [206 4 3] [207 4 3] [208 4 3] [209 4 3] [210 4 3] [211 4 3] [212 4 3] [213 4 3] [214 4 3] [215 4 3] [216 4 3]],[[91 118 118 172 172 199 6 33 87 141 195 10 10 10 10 10 208 208 208 208 208 208 45 53 52 50 48 46 45 53 52 50 48 46 99 107 106 104 102 100 180 188 187 185 183 181] [3277 6194 6572 6527 6543 5880 1360 3851 4832 6352 7222 1960 1966 1964 1962 1959 4298 4302 4300 4294 4292 4293 3838 3838 3838 3838 3838 3838 3847 3847 3847 3847 3847 3847 4823 4823 4823 4823 4823 4823 6550 6550 6550 6550 6550 6550] [10052 20081 20107 20103 20105 20058 91 10091 10155 20091 20148 131 131 131 131 131 10121 10121 10121 10121 10121 10121 10090 10090 10090 10090 10090 10090 10090 10090 10090 10090 10090 10090 10155 10155 10155 10155 10155 10155 20105 20105 20105 20105 20105 20105] [1 3 3 3 3 3 4 4 2 4 2 10 10 10 10 10 10 10 10 10 10 10 10 10 10 10 10 10 10 10 10 10 10 10 10 10 10 10 10 10 10 10 10 10 10 10] [1.8 2.6 1.9 2.2 2.1 2 3 3.8 10.4 2.6 11.4 1.3 1.3 1.3 1.3 1.3 0.5 0.5 0.5 0.5 0.5 0.5 0.5 0.5 0.5 0.5 0.5 0.5 0.5 0.5 0.5 0.5 0.5 0.5 0.5 0.5 0.5 0.5 0.5 0.5 0.7 0.7 0.7 0.7 0.7 0.7]]
CypD-x0291-pandda-model,[[1 1 1] [2 1 1] [3 1 1] [4 1 1] [5 1 1] [6 1 1] [7 1 1] [8 1 1] [9 1 1] [10 1 1] [11 1 1] [12 1 1] [13 1 1] [14 1 1] [15 1 1] [16 1 1] [17 1 1] [18 1 1] [19 1 1] [20 1 1] [21 1 1] [22 1 1] [23 1 1] [24 2 1] [25 2 1] [26 2 1] [27 2 1] [28 2 1] [29 2 1] [30 2 1] [31 2 1] [32 2 1] [33 2 1] [34 2 1] [35 2 1] [36 2 1] [37 2 1] [38 2 1] [39 2 1] [40 2 1] [41 2 1] [42 2 1] [43 2 1] [44 2 1] [45 2 1] [46 2 1] [47 3 1] [48 3 1] [49 3 1] [50 3 1] [51 3 1] [52 3 1] [53 3 1] [54 3 1] [55 3 1] [56 3 1] [57 3 1] [58 3 1] [59 3 1] [60 3 1] [61 3 1] [62 3 1] [63 3 1] [64 3 1] [65 3 1] [66 3 1] [67 3 1] [68 3 1] [69 3 1] [70 1 2] [71 1 2] [72 1 2] [73 1 2] [74 1 2] [75 1 2] [76 1 2] [77 1 2] [78 1 2] [79 1 2] [80 1 2] [81 1 2] [82 1 2] [83 1 2] [84 1 2] [85 1 2] [86 1 2] [87 1 2] [88 1 2] [89 1 2] [90 1 2] [91 1 2] [92 1 2] [93 2 2] [94 2 2] [95 2 2] [96 2 2] [97 2 2] [98 2 2] [99 2 2] [100 2 2] [101 2 2] [102 2 2] [103 2 2] [104 2 2] [105 2 2] [106 2 2] [107 2 2] [108 2 2] [109 2 2] [110 2 2] [111 2 2] [112 2 2] [113 2 2] [114 2 2] [115 2 2] [116 1 3] [117 1 3] [118 1 3] [119 1 3] [120 1 3] [121 1 3] [122 1 3] [123 1 3] [124 1 3] [125 1 3] [126 1 3] [127 1 3] [128 1 3] [129 1 3] [130 1 3] [131 1 3] [132 1 3] [133 1 3] [134 1 3] [135 1 3] [136 1 3] [137 1 3] [138 1 3] [139 2 3] [140 2 3] [141 2 3] [142 2 3] [143 2 3] [144 2 3] [145 2 3] [146 2 3] [147 2 3] [148 2 3] [149 2 3] [150 2 3] [151 2 3] [152 2 3] [153 2 3] [154 2 3] [155 2 3] [156 2 3] [157 2 3] [158 2 3] [159 2 3] [160 2 3] [161 2 3]],[[86 29 31 52 55 55 98 121 29 29 52 55 55 98 101 101 121 66 66 66 66 66 7 19 17 15 13 10 7 19 17 15 13 10 5 20 22 8 12 76 88 86 84 82 79 76 88 86 84 82 79 74 89 91 77 81 145 157 155 153 151 148 145 157 155 153 151 148 143 158 160 146 150] [3856 843 846 390 384 390 2881 6370 843 846 390 390 1966 2881 2881 4456 6370 1960 1966 1964 1962 1959 1347 1347 1347 1347 1347 1347 1352 1352 1352 1352 1352 1352 1360 1360 1360 1360 1360 3838 3838 3838 3838 3838 3838 3847 3847 3847 3847 3847 3847 3851 3851 3851 3851 3851 6339 6339 6339 6339 6339 6339 6348 6348 6348 6348 6348 6348 6352 6352 6352 6352 6352] [10091 55 55 25 25 25 10025 20091 55 55 25 25 131 10025 10025 10131 20091 131 131 131 131 131 90 90 90 90 90 90 90 90 90 90 90 90 91 91 91 91 91 10090 10090 10090 10090 10090 10090 10090 10090 10090 10090 10090 10090 10091 10091 10091 10091 10091 20090 20090 20090 20090 20090 20090 20090 20090 20090 20090 20090 20090 20091 20091 20091 20091 20091] [3 2 2 2 2 2 2 2 7 7 7 7 7 7 7 7 7 10 10 10 10 10 10 10 10 10 10 10 10 10 10 10 10 10 10 10 10 10 10 10 10 10 10 10 10 10 10 10 10 10 10 10 10 10 10 10 10 10 10 10 10 10 10 10 10 10 10 10 10 10 10 10 10] [0.5 9.3 2.9 15.2 0.5 1.5 17.8 18.5 7.274722527 0.6444942632 6.883506313 2.154138945 5.419588935 7.020888277 3.552011543 5.48482635 7.066330336 1 1 1 1 1 0.6 0.6 0.6 0.6 0.6 0.6 0.8 0.8 0.8 0.8 0.8 0.8 1 1 1 1 1 0.6 0.6 0.6 0.6 0.6 0.6 0.5 0.5 0.5 0.5 0.5 0.5 1.5 1.5 1.5 1.5 1.5 0.5 0.5 0.5 0.5 0.5 0.5 0.7 0.7 0.7 0.7 0.7 0.7 0.7 0.7 0.7 0.7 0.7]]
CypD-x0292-pandda-model,[[1 1 1] [2 1 1] [3 1 1] [4 1 1] [5 1 1] [6 1 1] [7 1 1] [8 1 1] [9 1 1] [10 1 1] [11 1 1] [12 1 1] [13 1 1] [14 1 1] [15 1 1] [16 1 1] [17 1 1] [18 1 1] [19 1 1] [20 1 1] [21 1 1] [22 1 1] [23 1 1] [24 1 1] [25 1 1] [26 1 1] [27 1 1] [28 1 1] [29 1 1] [30 1 1] [31 1 1] [32 1 1] [33 1 2] [34 1 2] [35 1 2] [36 1 2] [37 1 2] [38 1 2] [39 1 2] [40 1 2] [41 1 2] [42 1 2] [43 1 2] [44 1 2] [45 1 2] [46 1 2] [47 1 2] [48 1 2] [49 1 2] [50 1 2] [51 1 2] [52 1 2] [53 1 2] [54 1 2] [55 1 2] [56 1 2] [57 1 2] [58 1 2] [59 1 2] [60 1 2] [61 1 2] [62 1 2] [63 1 2] [64 1 2] [65 1 3] [66 1 3] [67 1 3] [68 1 3] [69 1 3] [70 1 3] [71 1 3] [72 1 3] [73 1 3] [74 1 3] [75 1 3] [76 1 3] [77 1 3] [78 1 3] [79 1 3] [80 1 3] [81 1 3] [82 1 3] [83 1 3] [84 1 3] [85 1 3] [86 1 3] [87 1 3] [88 1 3] [89 1 3] [90 1 3] [91 1 3] [92 1 3] [93 1 3] [94 1 3] [95 1 3] [96 1 3]],[[5 37 69 9 41 73 30 30 30 30 30 53 53 53 53 53 94 94 94 94 94] [1522 4012 6512 1517 4007 6507 1886 1888 1890 1884 1883 4376 4378 4380 4374 4373 6876 6878 6880 6874 6873] [102 10102 20102 102 10102 20102 126 126 126 126 126 10126 10126 10126 10126 10126 20126 20126 20126 20126 20126] [3 3 3 4 4 4 10 10 10 10 10 10 10 10 10 10 10 10 10 10 10] [10.6 9.2 11.2 4.4 4.1 4.6 1.1 1.1 1.1 1.1 1.1 1.5 1.5 1.5 1.5 1.5 0.6 0.6 0.6 0.6 0.6]]
CypD-x0294-pandda-model,[[1 1 1] [2 1 1] [3 1 1] [4 1 1] [5 1 1] [6 1 1] [7 1 1] [8 1 1] [9 1 1] [10 1 1] [11 1 1] [12 1 1] [13 1 1] [14 1 1] [15 1 1] [16 1 1] [17 1 1] [18 1 1] [19 1 1] [20 1 1] [21 1 1] [22 1 1] [23 1 1] [24 1 1] [25 1 1] [26 1 1] [27 1 1] [28 1 1] [29 1 1] [30 1 1] [31 1 2] [32 1 2] [33 1 2] [34 1 2] [35 1 2] [36 1 2] [37 1 2] [38 1 2] [39 1 2] [40 1 2] [41 1 2] [42 1 2] [43 1 2] [44 1 2] [45 1 2] [46 1 2] [47 1 2] [48 1 2] [49 1 2] [50 1 2] [51 1 2] [52 1 2] [53 1 2] [54 1 2] [55 1 2] [56 1 2] [57 1 2] [58 1 2] [59 1 2] [60 1 2] [61 1 3] [62 1 3] [63 1 3] [64 1 3] [65 1 3] [66 1 3] [67 1 3] [68 1 3] [69 1 3] [70 1 3] [71 1 3] [72 1 3] [73 1 3] [74 1 3] [75 1 3] [76 1 3] [77 1 3] [78 1 3] [79 1 3] [80 1 3] [81 1 3] [82 1 3] [83 1 3] [84 1 3] [85 1 3] [86 1 3] [87 1 3] [88 1 3] [89 1 3] [90 1 3]],[[5 35 35 65 65 65 65 40 56 51 49 45 42] [6040 3761 3773 5012 7474 7474 7480 3747 3747 3747 3747 3747 3747] [20069 10085 10086 20002 20165 20165 20165 10084 10084 10084 10084 10084 10084] [1 3 3 3 3 7 7 10 10 10 10 10 10] [9.6 9.1 7.8 4.6 16.6 6.723130039 0.5222378959 0.6 0.6 0.6 0.6 0.6 0.6]]
CypD-x0295-pandda-model,[[1 1 1] [2 1 1] [3 1 1] [4 1 1] [5 1 1] [6 1 1] [7 1 1] [8 1 1] [9 1 1] [10 1 1] [11 1 1] [12 1 1] [13 1 1] [14 1 1] [15 1 1] [16 1 1] [17 1 1] [18 1 1] [19 1 1] [20 1 1] [21 1 1] [22 1 1] [23 1 1] [24 1 1] [25 1 1] [26 1 1] [27 1 1] [28 1 1] [29 1 1] [30 1 1] [31 1 1] [32 1 1] [33 1 2] [34 1 2] [35 1 2] [36 1 2] [37 1 2] [38 1 2] [39 1 2] [40 1 2] [41 1 2] [42 1 2] [43 1 2] [44 1 2] [45 1 2] [46 1 2] [47 1 2] [48 1 2] [49 1 2] [50 1 2] [51 1 2] [52 1 2] [53 1 2] [54 1 2] [55 1 2] [56 1 2] [57 1 2] [58 1 2] [59 1 2] [60 1 2] [61 1 2] [62 1 2] [63 1 2] [64 1 2]],[[5 22 26 37 37 41] [615 626 626 3116 4931 3127] [40 41 41 20040 20161 20041] [3 3 3 3 3 3] [2.6 0.8 0.8 1.2 1.8 9.9]]
CypD-x0296-pandda-model,[[1 1 1] [2 1 1] [3 1 1] [4 1 1] [5 1 1] [6 1 1] [7 1 1] [8 1 1] [9 1 1] [10 1 1] [11 1 1] [12 1 1] [13 1 1] [14 1 1] [15 1 1] [16 1 1] [17 1 1] [18 1 1] [19 1 1] [20 1 1] [21 1 1] [22 1 1] [23 1 1] [24 1 1] [25 1 1] [26 1 1] [27 1 1] [28 1 1] [29 1 1] [30 1 1] [31 2 1] [32 2 1] [33 2 1] [34 2 1] [35 2 1] [36 2 1] [37 2 1] [38 2 1] [39 2 1] [40 2 1] [41 2 1] [42 2 1] [43 2 1] [44 2 1] [45 2 1] [46 2 1] [47 2 1] [48 2 1] [49 2 1] [50 2 1] [51 2 1] [52 2 1] [53 2 1] [54 2 1] [55 2 1] [56 2 1] [57 2 1] [58 2 1] [59 2 1] [60 2 1] [61 2 1] [62 1 2] [63 1 2] [64 1 2] [65 1 2] [66 1 2] [67 1 2] [68 1 2] [69 1 2] [70 1 2] [71 1 2] [72 1 2] [73 1 2] [74 1 2] [75 1 2] [76 1 2] [77 1 2] [78 1 2] [79 1 2] [80 1 2] [81 1 2] [82 1 2] [83 1 2] [84 1 2] [85 1 2] [86 1 2] [87 1 2] [88 1 2] [89 1 2] [90 1 2] [91 1 2] [92 2 2] [93 2 2] [94 2 2] [95 2 2] [96 2 2] [97 2 2] [98 2 2] [99 2 2] [100 2 2] [101 2 2] [102 2 2] [103 2 2] [104 2 2] [105 2 2] [106 2 2] [107 2 2] [108 2 2] [109 2 2] [110 2 2] [111 2 2] [112 2 2] [113 2 2] [114 2 2] [115 2 2] [116 2 2] [117 2 2] [118 2 2] [119 2 2] [120 2 2] [121 2 2] [122 2 2] [123 1 3] [124 1 3] [125 1 3] [126 1 3] [127 1 3] [128 1 3] [129 1 3] [130 1 3] [131 1 3] [132 1 3] [133 1 3] [134 1 3] [135 1 3] [136 1 3] [137 1 3] [138 1 3] [139 1 3] [140 1 3] [141 1 3] [142 1 3] [143 1 3] [144 1 3] [145 1 3] [146 1 3] [147 1 3] [148 1 3] [149 1 3] [150 1 3] [151 1 3] [152 1 3] [153 1 3] [154 1 3] [155 1 3]],[[11 25 68 84 150 127 129 19 19 19 19 19 19] [903 903 3855 3855 5878 7220 4716 918 921 925 927 923 919] [59 59 10091 10091 20058 20148 10148 60 60 60 60 60 60] [3 3 3 3 3 2 2 10 10 10 10 10 10] [0.5 1.2 0.6 0.7 0.5 7.3 0.7 1 1 1 1 1 1]]
CypD-x0303-pandda-model,[[1 1 1] [2 1 1] [3 1 1] [4 1 1] [5 1 1] [6 1 1] [7 1 1] [8 1 1] [9 1 1] [10 1 1] [11 1 1] [12 1 1] [13 1 1] [14 1 1] [15 1 1] [16 1 1] [17 1 1] [18 1 1] [19 1 1] [20 1 1] [21 1 1] [22 1 1] [23 1 1] [24 1 1] [25 1 1] [26 1 1] [27 1 1] [28 1 1] [29 1 1] [30 1 2] [31 1 2] [32 1 2] [33 1 2] [34 1 2] [35 1 2] [36 1 2] [37 1 2] [38 1 2] [39 1 2] [40 1 2] [41 1 2] [42 1 2] [43 1 2] [44 1 2] [45 1 2] [46 1 2] [47 1 2] [48 1 2] [49 1 2] [50 1 2] [51 1 2] [52 1 2] [53 1 2] [54 1 2] [55 1 2] [56 1 2] [57 1 2] [58 1 2]],[[5 34 7 9 36 36 39 8 28 9 15 13 11] [1521 4021 843 970 3343 3470 846 1516 1516 1516 1516 1516 1516] [10102 20102 10055 10063 20055 20063 10055 10102 10102 10102 10102 10102 10102] [3 3 2 2 2 2 2 10 10 10 10 10 10] [2.4 5.2 6.7 1.2 3.8 2.7 4.3 0.6 0.6 0.6 0.6 0.6 0.6]]
CypD-x0305-pandda-model,[[1 1 1] [2 1 1] [3 1 1] [4 1 1] [5 1 1] [6 1 1] [7 1 1] [8 1 1] [9 1 1] [10 1 1] [11 1 1] [12 1 1] [13 1 1] [14 1 1] [15 1 1] [16 1 1] [17 1 1] [18 1 1] [19 1 1] [20 1 1] [21 1 1] [22 1 1] [23 1 1] [24 1 1] [25 1 1] [26 1 1] [27 1 1]],[[10 10 10 10 10 10] [3418 3421 3425 3427 3423 3419] [20060 20060 20060 20060 20060 20060] [10 10 10 10 10 10] [0.6 0.6 0.6 0.6 0.6 0.6]]
CypD-x0306-pandda-model,[[1 1 1] [2 1 1] [3 1 1] [4 1 1] [5 1 1] [6 1 1] [7 1 1] [8 1 1] [9 1 1] [10 1 1] [11 1 1] [12 1 1] [13 1 1] [14 1 1] [15 1 1] [16 1 1] [17 1 1] [18 1 1] [19 1 1] [20 1 1] [21 1 1] [22 1 1] [23 1 1] [24 1 1] [25 1 1] [26 1 1] [27 1 1] [28 1 1] [29 1 1] [30 1 1] [31 1 1] [32 1 1] [33 1 1] [34 1 1] [35 1 1] [36 1 1] [37 1 2] [38 1 2] [39 1 2] [40 1 2] [41 1 2] [42 1 2] [43 1 2] [44 1 2] [45 1 2] [46 1 2] [47 1 2] [48 1 2] [49 1 2] [50 1 2] [51 1 2] [52 1 2] [53 1 2] [54 1 2] [55 1 2] [56 1 2] [57 1 2] [58 1 2] [59 1 2] [60 1 2] [61 1 2] [62 1 2] [63 1 2] [64 1 2] [65 1 2] [66 1 2] [67 1 2] [68 1 2] [69 1 2] [70 1 2] [71 1 2] [72 1 2]],[[7 43 12 12 12 12 12 12 48 48 48 48 48 48 8 35 33 14 12 10 8 35 33 14 12 10 8 35 33 14 12 10 44 71 69 50 48 46 44 71 69 50 48 46] [480 2970 1179 1183 1187 1185 1181 1178 3671 3675 3677 3673 3669 3668 480 480 480 480 480 480 1238 1238 1238 1238 1238 1238 1263 1263 1263 1263 1263 1263 3728 3728 3728 3728 3728 3728 3753 3753 3753 3753 3753 3753] [31 10031 79 79 79 79 79 79 10079 10079 10079 10079 10079 10079 31 31 31 31 31 31 83 83 83 83 83 83 84 84 84 84 84 84 10083 10083 10083 10083 10083 10083 10084 10084 10084 10084 10084 10084] [2 2 10 10 10 10 10 10 10 10 10 10 10 10 10 10 10 10 10 10 10 10 10 10 10 10 10 10 10 10 10 10 10 10 10 10 10 10 10 10 10 10 10 10] [11 12 0.5 0.5 0.5 0.5 0.5 0.5 0.5 0.5 0.5 0.5 0.5 0.5 0.7 0.7 0.7 0.7 0.7 0.7 0.7 0.7 0.7 0.7 0.7 0.7 0.6 0.6 0.6 0.6 0.6 0.6 0.6 0.6 0.6 0.6 0.6 0.6 1 1 1 1 1 1]]
CypD-x0307-pandda-model,[[1 1 1] [2 1 1] [3 1 1] [4 1 1] [5 1 1] [6 1 1] [7 1 1] [8 1 1] [9 1 1] [10 1 1] [11 1 1] [12 1 1] [13 1 1] [14 1 1] [15 1 1] [16 1 1] [17 1 1] [18 1 1] [19 1 1] [20 1 1] [21 1 1] [22 1 1] [23 1 1] [24 1 1] [25 1 1] [26 1 1] [27 1 1] [28 1 1] [29 1 1] [30 1 1] [31 1 1] [32 1 1] [33 2 1] [34 2 1] [35 2 1] [36 2 1] [37 2 1] [38 2 1] [39 2 1] [40 2 1] [41 2 1] [42 2 1] [43 2 1] [44 2 1] [45 2 1] [46 2 1] [47 2 1] [48 2 1] [49 2 1] [50 2 1] [51 2 1] [52 2 1] [53 2 1] [54 2 1] [55 2 1] [56 2 1] [57 2 1] [58 2 1] [59 2 1] [60 2 1] [61 2 1] [62 2 1] [63 2 1] [64 2 1]],[[17 14 19] [1521 823 970] [10102 10054 10063] [3 2 2] [1.5 4.2 3.8]]
CypD-x0308-pandda-model,[[1 1 1] [2 1 1] [3 1 1] [4 1 1] [5 1 1] [6 1 1] [7 1 1] [8 1 1] [9 1 1] [10 1 1] [11 1 1] [12 1 1] [13 1 1] [14 1 1] [15 1 1] [16 1 1] [17 1 1] [18 1 1] [19 1 1] [20 1 1] [21 1 1] [22 1 1] [23 1 1] [24 1 1] [25 1 1] [26 1 1] [27 1 1] [28 1 1] [29 1 1] [30 1 1] [31 1 1] [32 1 1] [33 1 1]],[11 401 20025 2 12.6]
CypD-x0309-pandda-model,[[1 1 1] [2 1 1] [3 1 1] [4 1 1] [5 1 1] [6 1 1] [7 1 1] [8 1 1] [9 1 1] [10 1 1] [11 1 1] [12 1 1] [13 1 1] [14 1 1] [15 1 1] [16 1 1] [17 1 1] [18 1 1] [19 1 1] [20 1 1] [21 1 1] [22 1 1] [23 1 1] [24 1 1] [25 2 1] [26 2 1] [27 2 1] [28 2 1] [29 2 1] [30 2 1] [31 2 1] [32 2 1] [33 2 1] [34 2 1] [35 2 1] [36 2 1] [37 2 1] [38 2 1] [39 2 1] [40 2 1] [41 2 1] [42 2 1] [43 2 1] [44 2 1] [45 2 1] [46 2 1] [47 2 1] [48 2 1] [49 1 2] [50 1 2] [51 1 2] [52 1 2] [53 1 2] [54 1 2] [55 1 2] [56 1 2] [57 1 2] [58 1 2] [59 1 2] [60 1 2] [61 1 2] [62 1 2] [63 1 2] [64 1 2] [65 1 2] [66 1 2] [67 1 2] [68 1 2] [69 1 2] [70 1 2] [71 1 2] [72 1 2] [73 2 2] [74 2 2] [75 2 2] [76 2 2] [77 2 2] [78 2 2] [79 2 2] [80 2 2] [81 2 2] [82 2 2] [83 2 2] [84 2 2] [85 2 2] [86 2 2] [87 2 2] [88 2 2] [89 2 2] [90 2 2] [91 2 2] [92 2 2] [93 2 2] [94 2 2] [95 2 2] [96 2 2] [97 2 2] [98 2 2] [99 1 3] [100 1 3] [101 1 3] [102 1 3] [103 1 3] [104 1 3] [105 1 3] [106 1 3] [107 1 3] [108 1 3] [109 1 3] [110 1 3] [111 1 3] [112 1 3] [113 1 3] [114 1 3] [115 1 3] [116 1 3] [117 1 3] [118 1 3] [119 1 3] [120 1 3] [121 1 3] [122 1 3] [123 1 3] [124 1 3] [125 2 3] [126 2 3] [127 2 3] [128 2 3] [129 2 3] [130 2 3] [131 2 3] [132 2 3] [133 2 3] [134 2 3] [135 2 3] [136 2 3] [137 2 3] [138 2 3] [139 2 3] [140 2 3] [141 2 3] [142 2 3] [143 2 3] [144 2 3] [145 2 3] [146 2 3] [147 2 3] [148 2 3]],[[83 83 109 10 14 29 34 58 62 82 83 109 109 138 49 49 49 49 49 5 12 15 9 8 5 12 15 9 8 5 12 15 9 8 53 60 63 57 56 129 136 139 133 132] [3915 4460 6962 387 1360 846 1805 2879 3849 4512 3927 6427 6949 6349 4447 4450 4451 4453 4448 1347 1347 1347 1347 1347 1352 1352 1352 1352 1352 1356 1356 1356 1356 1356 3845 3845 3845 3845 3845 6345 6345 6345 6345 6345] [10095 10132 20132 25 91 55 121 10025 10091 10136 10096 20096 20131 20091 10131 10131 10131 10131 10131 90 90 90 90 90 90 90 90 90 90 90 90 90 90 90 10090 10090 10090 10090 10090 20090 20090 20090 20090 20090] [3 3 3 2 4 2 2 2 4 4 4 4 2 4 10 10 10 10 10 10 10 10 10 10 10 10 10 10 10 10 10 10 10 10 10 10 10 10 10 10 10 10 10 10] [0.7 0.5 1.1 1 4.4 1.8 3.1 5.2 2.2 3.5 1 0.7 1.3 1.2 1.9 1.9 1.9 1.9 1.9 0.7 0.7 0.7 0.7 0.7 0.8 0.8 0.8 0.8 0.8 0.5 0.5 0.5 0.5 0.5 0.6 0.6 0.6 0.6 0.6 0.7 0.7 0.7 0.7 0.7]]
CypD-x0310-pandda-model,[[1 1 1] [2 1 1] [3 1 1] [4 1 1] [5 1 1] [6 1 1] [7 1 1] [8 1 1] [9 1 1] [10 1 1] [11 1 1] [12 1 1] [13 1 1] [14 1 1] [15 1 1] [16 1 1] [17 1 1] [18 1 1] [19 1 1] [20 1 1] [21 1 1] [22 1 1] [23 1 1] [24 1 1] [25 1 1] [26 1 1] [27 1 1] [28 1 1] [29 1 1] [30 2 1] [31 2 1] [32 2 1] [33 2 1] [34 2 1] [35 2 1] [36 2 1] [37 2 1] [38 2 1] [39 2 1] [40 2 1] [41 2 1] [42 2 1] [43 2 1] [44 2 1] [45 2 1] [46 2 1] [47 2 1] [48 2 1] [49 2 1] [50 2 1] [51 2 1] [52 2 1] [53 2 1] [54 2 1] [55 2 1] [56 2 1] [57 2 1] [58 2 1] [59 1 2] [60 1 2] [61 1 2] [62 1 2] [63 1 2] [64 1 2] [65 1 2] [66 1 2] [67 1 2] [68 1 2] [69 1 2] [70 1 2] [71 1 2] [72 1 2] [73 1 2] [74 1 2] [75 1 2] [76 1 2] [77 1 2] [78 1 2] [79 1 2] [80 1 2] [81 1 2] [82 1 2] [83 1 2] [84 1 2] [85 1 2] [86 1 2] [87 1 2]],[[69 72] [4473 2890] [20132 20025] [3 2] [4 13.7]]
CypD-x0313-pandda-model,[[1 1 1] [2 1 1] [3 1 1] [4 1 1] [5 1 1] [6 1 1] [7 1 1] [8 1 1] [9 1 1] [10 1 1] [11 1 1] [12 1 1] [13 1 1] [14 1 1] [15 1 1] [16 1 1] [17 1 1] [18 1 1] [19 1 1] [20 1 1] [21 1 1] [22 1 1] [23 1 1] [24 1 1] [25 1 1] [26 1 1] [27 1 1] [28 1 1] [29 1 1] [30 1 1] [31 1 1] [32 1 1] [33 1 1] [34 1 1]],[[11 16 21 11 16 16] [2015 2050 2014 2023 2023 2040] [134 137 134 136 136 137] [1 1 1 4 4 4] [1.6 2.3 0.7 1 1 0.8]]
CypD-x0314-pandda-model,[[1 1 1] [2 1 1] [3 1 1] [4 1 1] [5 1 1] [6 1 1] [7 1 1] [8 1 1] [9 1 1] [10 1 1] [11 1 1] [12 1 1] [13 1 1] [14 1 1] [15 1 1] [16 1 1] [17 1 1] [18 1 1] [19 1 1] [20 1 1] [21 1 1] [22 1 1] [23 1 1] [24 1 1] [25 1 1] [26 1 1] [27 1 1] [28 1 1] [29 1 1]],[[6 10 6] [2445 626 745] [20161 20040 20049] [1 3 4] [0.8 1.3 2.1]]
CypD-x0316-pandda-model,[[1 1 1] [2 1 1] [3 1 1] [4 1 1] [5 1 1] [6 1 1] [7 1 1] [8 1 1] [9 1 1] [10 1 1] [11 1 1] [12 1 1] [13 1 1] [14 1 1] [15 1 1] [16 1 1] [17 1 1] [18 1 1] [19 1 1] [20 1 1] [21 1 1] [22 1 1] [23 1 1] [24 1 1] [25 1 1] [26 1 1] [27 1 1] [28 1 1] [29 1 1] [30 1 1] [31 1 1] [32 1 1] [33 1 1] [34 1 1]],[17 3588 20072 3 8.9]
CypD-x0319-pandda-model,[[1 1 1] [2 1 1] [3 1 1] [4 1 1] [5 1 1] [6 1 1] [7 1 1] [8 1 1] [9 1 1] [10 1 1] [11 1 1] [12 1 1] [13 1 1] [14 1 1] [15 1 1] [16 1 1] [17 1 1] [18 1 1] [19 1 1]],[10 2470 20163 1 1.8]
CypD-x0323-pandda-model,[[1 1 1] [2 1 1] [3 1 1] [4 1 1] [5 1 1] [6 1 1] [7 1 1] [8 1 1] [9 1 1] [10 1 1] [11 1 1] [12 1 1] [13 1 1] [14 1 1] [15 1 1] [16 1 1] [17 1 1] [18 1 1] [19 1 1] [20 1 1] [21 1 1] [22 1 1] [23 1 1] [24 1 1] [25 1 2] [26 1 2] [27 1 2] [28 1 2] [29 1 2] [30 1 2] [31 1 2] [32 1 2] [33 1 2] [34 1 2] [35 1 2] [36 1 2] [37 1 2] [38 1 2] [39 1 2] [40 1 2] [41 1 2] [42 1 2] [43 1 2] [44 1 2] [45 1 2] [46 1 2] [47 1 2] [48 1 2]],[[34 34 10] [3616 3702 4305] [20075 20081 20121] [3 3 2] [5.4 2.6 1.3]]
CypD-x0324-pandda-model,[[1 1 1] [2 1 1] [3 1 1] [4 1 1] [5 1 1] [6 1 1] [7 1 1] [8 1 1] [9 1 1] [10 1 1] [11 1 1] [12 1 1] [13 1 1] [14 1 1] [15 1 1] [16 1 1] [17 1 1] [18 1 1] [19 1 1] [20 1 1] [21 1 1] [22 1 1] [23 1 1] [24 1 1] [25 1 1] [26 1 2] [27 1 2] [28 1 2] [29 1 2] [30 1 2] [31 1 2] [32 1 2] [33 1 2] [34 1 2] [35 1 2] [36 1 2] [37 1 2] [38 1 2] [39 1 2] [40 1 2] [41 1 2] [42 1 2] [43 1 2] [44 1 2] [45 1 2] [46 1 2] [47 1 2] [48 1 2] [49 1 2] [50 1 2] [51 2 2] [52 2 2] [53 2 2] [54 2 2] [55 2 2] [56 2 2] [57 2 2] [58 2 2] [59 2 2] [60 2 2] [61 2 2] [62 2 2] [63 2 2] [64 2 2] [65 2 2] [66 2 2] [67 2 2] [68 2 2] [69 2 2] [70 2 2] [71 2 2] [72 2 2] [73 2 2] [74 2 2] [75 2 2]],[[11 36 61 70 7 57] [1256 4438 3746 3761 480 2970] [84 10130 10084 10085 31 10031] [3 3 3 3 2 2] [4.2 6.5 4.5 0.5 11.9 8.9]]
CypD-x0329-pandda-model,[[1 1 1] [2 1 1] [3 1 1] [4 1 1] [5 1 1] [6 1 1] [7 1 1] [8 1 1] [9 1 1] [10 1 1] [11 1 1] [12 1 1] [13 1 1] [14 1 1] [15 1 1] [16 1 1] [17 1 1] [18 1 1] [19 1 1] [20 1 1] [21 1 1] [22 1 1] [23 1 1] [24 1 1] [25 1 1] [26 1 1] [27 1 1] [28 1 1] [29 1 1] [30 1 1] [31 1 2] [32 1 2] [33 1 2] [34 1 2] [35 1 2] [36 1 2] [37 1 2] [38 1 2] [39 1 2] [40 1 2] [41 1 2] [42 1 2] [43 1 2] [44 1 2] [45 1 2] [46 1 2] [47 1 2] [48 1 2] [49 1 2] [50 1 2] [51 1 2] [52 1 2] [53 1 2] [54 1 2] [55 1 2] [56 1 2] [57 1 2] [58 1 2] [59 1 2] [60 1 2]],[[5 5 13 15 45] [2016 2017 2042 2025 3851] [134 134 137 136 10091] [1 1 4 4 4] [2 6.8 3.8 2.8 2.7]]
CypD-x0330-pandda-model,[[1 1 1] [2 1 1] [3 1 1] [4 1 1] [5 1 1] [6 1 1] [7 1 1] [8 1 1] [9 1 1] [10 1 1] [11 1 1] [12 1 1] [13 1 1] [14 1 1] [15 1 1] [16 1 1] [17 1 1] [18 1 1] [19 1 1] [20 1 1] [21 1 1] [22 1 1] [23 1 1] [24 1 1] [25 1 1] [26 1 1] [27 1 1] [28 1 1] [29 1 1] [30 1 1] [31 1 1] [32 1 1] [33 1 1] [34 1 1] [35 1 2] [36 1 2] [37 1 2] [38 1 2] [39 1 2] [40 1 2] [41 1 2] [42 1 2] [43 1 2] [44 1 2] [45 1 2] [46 1 2] [47 1 2] [48 1 2] [49 1 2] [50 1 2] [51 1 2] [52 1 2] [53 1 2] [54 1 2] [55 1 2] [56 1 2] [57 1 2] [58 1 2] [59 1 2] [60 1 2] [61 1 2] [62 1 2] [63 1 2] [64 1 2] [65 1 2] [66 1 2] [67 1 2] [68 1 2] [69 1 3] [70 1 3] [71 1 3] [72 1 3] [73 1 3] [74 1 3] [75 1 3] [76 1 3] [77 1 3] [78 1 3] [79 1 3] [80 1 3] [81 1 3] [82 1 3] [83 1 3] [84 1 3] [85 1 3] [86 1 3] [87 1 3] [88 1 3] [89 1 3] [90 1 3] [91 1 3] [92 1 3] [93 1 3] [94 1 3] [95 1 3] [96 1 3] [97 1 3] [98 1 3] [99 1 3] [100 1 3] [101 1 3] [102 1 3] [103 2 3] [104 2 3] [105 2 3] [106 2 3] [107 2 3] [108 2 3] [109 2 3] [110 2 3] [111 2 3] [112 2 3] [113 2 3] [114 2 3] [115 2 3] [116 2 3] [117 2 3] [118 2 3] [119 2 3] [120 2 3] [121 2 3] [122 2 3] [123 2 3] [124 2 3] [125 2 3] [126 2 3] [127 2 3] [128 2 3] [129 2 3] [130 2 3] [131 2 3] [132 2 3] [133 2 3] [134 2 3] [135 2 3] [136 2 3] [137 3 3] [138 3 3] [139 3 3] [140 3 3] [141 3 3] [142 3 3] [143 3 3] [144 3 3] [145 3 3] [146 3 3] [147 3 3] [148 3 3] [149 3 3] [150 3 3] [151 3 3] [152 3 3] [153 3 3] [154 3 3] [155 3 3] [156 3 3] [157 3 3] [158 3 3] [159 3 3] [160 3 3] [161 3 3] [162 3 3] [163 3 3] [164 3 3] [165 3 3] [166 3 3] [167 3 3] [168 3 3] [169 3 3] [170 3 3] [171 3 3] [172 3 3]],[[21 39 46 55 76 114 123] [2217 3131 3116 4919 7207 5616 7420] [148 10042 10041 10161 20148 20041 20161] [3 3 3 3 3 3 3] [0.5 2.8 1.2 0.7 1.1 1.5 0.5]]
CypD-x0333-pandda-model,[[1 1 1] [2 1 1] [3 1 1] [4 1 1] [5 1 1] [6 1 1] [7 1 1] [8 1 1] [9 1 1] [10 1 1] [11 1 1] [12 1 1] [13 1 1] [14 1 1] [15 1 1] [16 1 1] [17 1 1] [18 1 1] [19 1 1] [20 1 1] [21 1 1] [22 1 1] [23 1 1] [24 1 1] [25 2 1] [26 2 1] [27 2 1] [28 2 1] [29 2 1] [30 2 1] [31 2 1] [32 2 1] [33 2 1] [34 2 1] [35 2 1] [36 2 1] [37 2 1] [38 2 1] [39 2 1] [40 2 1] [41 2 1] [42 2 1] [43 2 1] [44 2 1] [45 2 1] [46 2 1] [47 2 1] [48 2 1] [49 1 2] [50 1 2] [51 1 2] [52 1 2] [53 1 2] [54 1 2] [55 1 2] [56 1 2] [57 1 2] [58 1 2] [59 1 2] [60 1 2] [61 1 2] [62 1 2] [63 1 2] [64 1 2] [65 1 2] [66 1 2] [67 1 2] [68 1 2] [69 1 2] [70 1 2] [71 1 2] [72 1 2] [73 2 2] [74 2 2] [75 2 2] [76 2 2] [77 2 2] [78 2 2] [79 2 2] [80 2 2] [81 2 2] [82 2 2] [83 2 2] [84 2 2] [85 2 2] [86 2 2] [87 2 2] [88 2 2] [89 2 2] [90 2 2] [91 2 2] [92 2 2] [93 2 2] [94 2 2] [95 2 2] [96 2 2] [97 3 2] [98 3 2] [99 3 2] [100 3 2] [101 3 2] [102 3 2] [103 3 2] [104 3 2] [105 3 2] [106 3 2] [107 3 2] [108 3 2] [109 3 2] [110 3 2] [111 3 2] [112 3 2] [113 3 2] [114 3 2] [115 3 2] [116 3 2] [117 3 2] [118 3 2] [119 3 2] [120 3 2] [121 1 3] [122 1 3] [123 1 3] [124 1 3] [125 1 3] [126 1 3] [127 1 3] [128 1 3] [129 1 3] [130 1 3] [131 1 3] [132 1 3] [133 1 3] [134 1 3] [135 1 3] [136 1 3] [137 1 3] [138 1 3] [139 1 3] [140 1 3] [141 1 3] [142 1 3] [143 1 3] [144 1 3]],[[7 9 9 33 35 57 83 103 105 107 107 127 129 33 35 81 83 105 107 10 20 18 16 14 12 10 20 18 16 14 12 10 20 18 16 14 12 58 68 66 64 62 60 130 140 138 136 134 132 130 140 138 136 134 132] [390 1343 1360 480 480 3850 2970 2709 4810 2680 4810 5382 6352 480 480 2970 2970 4810 4810 1347 1347 1347 1347 1347 1347 1352 1352 1352 1352 1352 1352 1356 1356 1356 1356 1356 1356 3842 3842 3842 3842 3842 3842 6339 6339 6339 6339 6339 6339 6344 6344 6344 6344 6344 6344] [25 90 91 31 31 10091 10031 10015 10154 10013 10154 20025 20091 31 31 10031 10031 10154 10154 90 90 90 90 90 90 90 90 90 90 90 90 90 90 90 90 90 90 10090 10090 10090 10090 10090 10090 20090 20090 20090 20090 20090 20090 20090 20090 20090 20090 20090 20090] [2 4 4 2 2 4 2 2 2 2 2 2 4 7 7 7 7 7 7 10 10 10 10 10 10 10 10 10 10 10 10 10 10 10 10 10 10 10 10 10 10 10 10 10 10 10 10 10 10 10 10 10 10 10 10] [1.6 0.5 6.8 8.9 3.2 7.5 5.5 9.2 14 5 7.6 7.5 7.3 6.482675345 5.797230025 4.808711453 5.858327665 7.216691852 5.258984949 0.5 0.5 0.5 0.5 0.5 0.5 0.8 0.8 0.8 0.8 0.8 0.8 0.5 0.5 0.5 0.5 0.5 0.5 0.8 0.8 0.8 0.8 0.8 0.8 0.7 0.7 0.7 0.7 0.7 0.7 0.7 0.7 0.7 0.7 0.7 0.7]]
CypD-x0334-pandda-model,[[1 1 1] [2 1 1] [3 1 1] [4 1 1] [5 1 1] [6 1 1] [7 1 1] [8 1 1] [9 1 1] [10 1 1] [11 1 1] [12 1 1] [13 1 1] [14 1 1] [15 1 1] [16 1 1] [17 1 1] [18 1 1] [19 1 1] [20 1 1] [21 1 1] [22 1 2] [23 1 2] [24 1 2] [25 1 2] [26 1 2] [27 1 2] [28 1 2] [29 1 2] [30 1 2] [31 1 2] [32 1 2] [33 1 2] [34 1 2] [35 1 2] [36 1 2] [37 1 2] [38 1 2] [39 1 2] [40 1 2] [41 1 2] [42 1 2] [43 1 3] [44 1 3] [45 1 3] [46 1 3] [47 1 3] [48 1 3] [49 1 3] [50 1 3] [51 1 3] [52 1 3] [53 1 3] [54 1 3] [55 1 3] [56 1 3] [57 1 3] [58 1 3] [59 1 3] [60 1 3] [61 1 3] [62 1 3] [63 1 3]],[[9 11 30 51 53 53 9 11 11 30 30 32 32 51 53 53 10 19 18 16 14 12 10 19 18 16 14 12 52 61 60 58 56 54] [390 390 2880 5381 5381 6953 390 390 1965 2880 4455 4451 4455 5381 5381 6953 1347 1347 1347 1347 1347 1347 1352 1352 1352 1352 1352 1352 6343 6343 6343 6343 6343 6343] [25 25 10025 20025 20025 20131 25 25 131 10025 10131 10131 10131 20025 20025 20131 90 90 90 90 90 90 90 90 90 90 90 90 20090 20090 20090 20090 20090 20090] [2 2 2 2 2 2 7 7 7 7 7 7 7 7 7 7 10 10 10 10 10 10 10 10 10 10 10 10 10 10 10 10 10 10] [1.7 16.1 21.4 3 15.9 4.2 5.403245659 6.311861562 4.021505573 6.359249945 1.258968566 2.715721954 1.327731128 5.481756665 6.394954938 7.313812867 0.5 0.5 0.5 0.5 0.5 0.5 0.5 0.5 0.5 0.5 0.5 0.5 0.7 0.7 0.7 0.7 0.7 0.7]]
CypD-x0336-pandda-model,[[1 1 1] [2 1 1] [3 1 1] [4 1 1] [5 1 1] [6 1 1] [7 1 1] [8 1 1] [9 1 1] [10 1 1] [11 1 1] [12 1 1] [13 1 1] [14 1 1] [15 1 1] [16 1 1] [17 1 1] [18 1 1] [19 1 1] [20 1 1] [21 1 1] [22 1 1] [23 1 1] [24 1 1] [25 1 1] [26 1 1]],[[16 16 16 16 16] [1802 1805 1799 1798 1801] [10121 10121 10121 10121 10121] [10 10 10 10 10] [1.1 1.1 1.1 1.1 1.1]]
CypD-x0339-pandda-model,[[1 1 1] [2 1 1] [3 1 1] [4 1 1] [5 1 1] [6 1 1] [7 1 1] [8 1 1] [9 1 1] [10 1 1] [11 1 1] [12 1 1] [13 1 1] [14 1 1] [15 1 1] [16 1 1] [17 1 1] [18 1 1] [19 1 1] [20 1 1] [21 1 1] [22 1 1] [23 1 1] [24 1 1] [25 1 1] [26 1 1] [27 1 1] [28 1 1] [29 1 1]],[7 6069 20071 2 3.2]
CypD-x0351-pandda-model,[[1 1 1] [2 1 1] [3 1 1] [4 1 1] [5 1 1] [6 1 1] [7 1 1] [8 1 1] [9 1 1] [10 1 1] [11 1 1] [12 1 1] [13 1 1] [14 1 1] [15 1 1] [16 1 1] [17 1 1] [18 1 1] [19 1 1] [20 1 1] [21 1 1] [22 1 1] [23 1 1] [24 1 1] [25 1 1] [26 1 1] [27 1 1] [28 1 1] [29 1 1] [30 1 1] [31 1 1] [32 1 2] [33 1 2] [34 1 2] [35 1 2] [36 1 2] [37 1 2] [38 1 2] [39 1 2] [40 1 2] [41 1 2] [42 1 2] [43 1 2] [44 1 2] [45 1 2] [46 1 2] [47 1 2] [48 1 2] [49 1 2] [50 1 2] [51 1 2] [52 1 2] [53 1 2] [54 1 2] [55 1 2] [56 1 2] [57 1 2] [58 1 2] [59 1 2] [60 1 2] [61 1 2] [62 2 2] [63 2 2] [64 2 2] [65 2 2] [66 2 2] [67 2 2] [68 2 2] [69 2 2] [70 2 2] [71 2 2] [72 2 2] [73 2 2] [74 2 2] [75 2 2] [76 2 2] [77 2 2] [78 2 2] [79 2 2] [80 2 2] [81 2 2] [82 2 2] [83 2 2] [84 2 2] [85 2 2] [86 2 2] [87 2 2] [88 2 2] [89 2 2] [90 2 2] [91 2 2] [92 2 2] [93 1 3] [94 1 3] [95 1 3] [96 1 3] [97 1 3] [98 1 3] [99 1 3] [100 1 3] [101 1 3] [102 1 3] [103 1 3] [104 1 3] [105 1 3] [106 1 3] [107 1 3] [108 1 3] [109 1 3] [110 1 3] [111 1 3] [112 1 3] [113 1 3] [114 1 3] [115 1 3] [116 1 3] [117 1 3] [118 1 3] [119 1 3] [120 1 3] [121 1 3] [122 1 3] [123 1 3] [124 2 3] [125 2 3] [126 2 3] [127 2 3] [128 2 3] [129 2 3] [130 2 3] [131 2 3] [132 2 3] [133 2 3] [134 2 3] [135 2 3] [136 2 3] [137 2 3] [138 2 3] [139 2 3] [140 2 3] [141 2 3] [142 2 3] [143 2 3] [144 2 3] [145 2 3] [146 2 3] [147 2 3] [148 2 3] [149 2 3] [150 2 3] [151 2 3] [152 2 3] [153 2 3] [154 2 3]],[[142 44 44 74 104 105 105 136 39 39 39 39 39] [6571 3999 4007 3716 5834 6499 6507 6220 4378 4380 4374 4373 4376] [20107 10101 10102 10082 20055 20101 20102 20082 10126 10126 10126 10126 10126] [3 4 4 2 2 4 4 2 10 10 10 10 10] [1.2 0.5 2.1 5.6 1.1 0.5 1 5.7 1.3 1.3 1.3 1.3 1.3]]
CypD-x0353-pandda-model,[[1 1 1] [2 1 1] [3 1 1] [4 1 1] [5 1 1] [6 1 1] [7 1 1] [8 1 1] [9 1 1] [10 1 1] [11 1 1] [12 1 1] [13 1 1] [14 1 1] [15 1 1] [16 1 1] [17 1 1] [18 1 1] [19 1 1] [20 1 1] [21 1 2] [22 1 2] [23 1 2] [24 1 2] [25 1 2] [26 1 2] [27 1 2] [28 1 2] [29 1 2] [30 1 2] [31 1 2] [32 1 2] [33 1 2] [34 1 2] [35 1 2] [36 1 2] [37 1 2] [38 1 2] [39 1 2] [40 1 2]],[[5 25 36 38 40 35] [1960 3857 3857 3857 3857 3857] [131 20090 20090 20090 20090 20090] [1 10 10 10 10 10] [1.5 0.7 0.7 0.7 0.7 0.7]]
CypD-x0354-pandda-model,[[1 1 1] [2 1 1] [3 1 1] [4 1 1] [5 1 1] [6 1 1] [7 1 1] [8 1 1] [9 1 1] [10 1 1] [11 1 1] [12 1 1] [13 1 1] [14 1 1] [15 1 1] [16 1 1] [17 1 1] [18 1 1] [19 1 1] [20 1 1] [21 1 1] [22 1 1] [23 1 1] [24 1 1] [25 1 1] [26 1 1] [27 1 1] [28 1 1] [29 1 1] [30 2 1] [31 2 1] [32 2 1] [33 2 1] [34 2 1] [35 2 1] [36 2 1] [37 2 1] [38 2 1] [39 2 1] [40 2 1] [41 2 1] [42 2 1] [43 2 1] [44 2 1] [45 2 1] [46 2 1] [47 2 1] [48 2 1] [49 2 1] [50 2 1] [51 2 1] [52 2 1] [53 2 1] [54 2 1] [55 2 1] [56 2 1] [57 2 1] [58 2 1] [59 3 1] [60 3 1] [61 3 1] [62 3 1] [63 3 1] [64 3 1] [65 3 1] [66 3 1] [67 3 1] [68 3 1] [69 3 1] [70 3 1] [71 3 1] [72 3 1] [73 3 1] [74 3 1] [75 3 1] [76 3 1] [77 3 1] [78 3 1] [79 3 1] [80 3 1] [81 3 1] [82 3 1] [83 3 1] [84 3 1] [85 3 1] [86 3 1] [87 3 1] [88 1 2] [89 1 2] [90 1 2] [91 1 2] [92 1 2] [93 1 2] [94 1 2] [95 1 2] [96 1 2] [97 1 2] [98 1 2] [99 1 2] [100 1 2] [101 1 2] [102 1 2] [103 1 2] [104 1 2] [105 1 2] [106 1 2] [107 1 2] [108 1 2] [109 1 2] [110 1 2] [111 1 2] [112 1 2] [113 1 2] [114 1 2] [115 1 2] [116 1 2] [117 2 2] [118 2 2] [119 2 2] [120 2 2] [121 2 2] [122 2 2] [123 2 2] [124 2 2] [125 2 2] [126 2 2] [127 2 2] [128 2 2] [129 2 2] [130 2 2] [131 2 2] [132 2 2] [133 2 2] [134 2 2] [135 2 2] [136 2 2] [137 2 2] [138 2 2] [139 2 2] [140 2 2] [141 2 2] [142 2 2] [143 2 2] [144 2 2] [145 2 2] [146 1 3] [147 1 3] [148 1 3] [149 1 3] [150 1 3] [151 1 3] [152 1 3] [153 1 3] [154 1 3] [155 1 3] [156 1 3] [157 1 3] [158 1 3] [159 1 3] [160 1 3] [161 1 3] [162 1 3] [163 1 3] [164 1 3] [165 1 3] [166 1 3] [167 1 3] [168 1 3] [169 1 3] [170 1 3] [171 1 3] [172 1 3] [173 1 3] [174 1 3]],[[5 34 92 121 150 143 143 143 143 143 143 36 46 44 42 40 38 7 17 15 13 11 9 7 17 15 13 11 9 7 17 15 13 11 9 123 133 131 129 127 125 94 104 102 100 98 96] [1360 480 3850 2970 1339 3668 3671 3675 3677 3673 3669 1263 1263 1263 1263 1263 1263 1347 1347 1347 1347 1347 1347 1352 1352 1352 1352 1352 1352 1356 1356 1356 1356 1356 1356 3753 3753 3753 3753 3753 3753 3846 3846 3846 3846 3846 3846] [91 31 10091 10031 89 10079 10079 10079 10079 10079 10079 84 84 84 84 84 84 90 90 90 90 90 90 90 90 90 90 90 90 90 90 90 90 90 90 10084 10084 10084 10084 10084 10084 10090 10090 10090 10090 10090 10090] [4 2 4 2 2 10 10 10 10 10 10 10 10 10 10 10 10 10 10 10 10 10 10 10 10 10 10 10 10 10 10 10 10 10 10 10 10 10 10 10 10 10 10 10 10 10 10] [2.5 6.9 2.7 5.9 0.7 0.8 0.8 0.8 0.8 0.8 0.8 0.8 0.8 0.8 0.8 0.8 0.8 0.6 0.6 0.6 0.6 0.6 0.6 0.8 0.8 0.8 0.8 0.8 0.8 0.7 0.7 0.7 0.7 0.7 0.7 1.1 1.1 1.1 1.1 1.1 1.1 0.8 0.8 0.8 0.8 0.8 0.8]]
CypD-x0355-pandda-model,[[1 1 1] [2 1 1] [3 1 1] [4 1 1] [5 1 1] [6 1 1] [7 1 1] [8 1 1] [9 1 1] [10 1 1] [11 1 1] [12 1 1] [13 1 1] [14 1 1] [15 1 1] [16 1 1] [17 1 1] [18 1 1] [19 1 1] [20 1 1] [21 1 1] [22 1 1] [23 1 1] [24 1 1] [25 1 1] [26 1 1] [27 1 1] [28 1 1] [29 1 1] [30 1 1] [31 1 2] [32 1 2] [33 1 2] [34 1 2] [35 1 2] [36 1 2] [37 1 2] [38 1 2] [39 1 2] [40 1 2] [41 1 2] [42 1 2] [43 1 2] [44 1 2] [45 1 2] [46 1 2] [47 1 2] [48 1 2] [49 1 2] [50 1 2] [51 1 2] [52 1 2] [53 1 2] [54 1 2] [55 1 2] [56 1 2] [57 1 2] [58 1 2] [59 1 2] [60 1 2]],[[2 20 28 26 25 23 21 20 28 26 25 23 21 50 58 56 55 53 51 50 58 56 55 53 51] [1174 480 480 480 480 480 480 1263 1263 1263 1263 1263 1263 2970 2970 2970 2970 2970 2970 3753 3753 3753 3753 3753 3753] [79 31 31 31 31 31 31 84 84 84 84 84 84 10031 10031 10031 10031 10031 10031 10084 10084 10084 10084 10084 10084] [3 10 10 10 10 10 10 10 10 10 10 10 10 10 10 10 10 10 10 10 10 10 10 10 10] [2.7 1.8 1.8 1.8 1.8 1.8 1.8 0.8 0.8 0.8 0.8 0.8 0.8 2 2 2 2 2 2 1 1 1 1 1 1]]
CypD-x0356-pandda-model,[[1 1 1] [2 1 1] [3 1 1] [4 1 1] [5 1 1] [6 1 1] [7 1 1] [8 1 1] [9 1 1] [10 1 1] [11 1 1] [12 1 1] [13 1 1] [14 1 1] [15 1 1] [16 1 1] [17 1 1] [18 1 1] [19 1 1] [20 1 1] [21 1 1] [22 1 1] [23 1 1] [24 1 1] [25 1 1] [26 1 1] [27 1 1] [28 1 1] [29 1 1] [30 1 1] [31 1 2] [32 1 2] [33 1 2] [34 1 2] [35 1 2] [36 1 2] [37 1 2] [38 1 2] [39 1 2] [40 1 2] [41 1 2] [42 1 2] [43 1 2] [44 1 2] [45 1 2] [46 1 2] [47 1 2] [48 1 2] [49 1 2] [50 1 2] [51 1 2] [52 1 2] [53 1 2] [54 1 2] [55 1 2] [56 1 2] [57 1 2] [58 1 2] [59 1 2] [60 1 2]],[[36 9 23 25 27 29 22] [5836 1091 1091 1091 1091 1091 1091] [20055 73 73 73 73 73 73] [2 10 10 10 10 10 10] [4.3 1.2 1.2 1.2 1.2 1.2 1.2]]
CypD-x0357-pandda-model,[[1 1 1] [2 1 1] [3 1 1] [4 1 1] [5 1 1] [6 1 1] [7 1 1] [8 1 1] [9 1 1] [10 1 1] [11 1 1] [12 1 1] [13 1 1] [14 1 1] [15 1 1] [16 1 1] [17 1 1] [18 1 1] [19 1 1] [20 1 1] [21 1 1] [22 1 1] [23 1 1] [24 1 1] [25 1 1] [26 1 1] [27 1 1] [28 1 1] [29 1 1] [30 1 1] [31 1 1] [32 1 1] [33 1 1] [34 1 1] [35 1 1] [36 1 1] [37 1 1] [38 1 1] [39 1 1]],[[6 34 34 34 34 34 34 29 38 36 34 32 30] [3529 1181 1185 1187 1183 1179 1178 1263 1263 1263 1263 1263 1263] [20068 79 79 79 79 79 79 84 84 84 84 84 84] [3 10 10 10 10 10 10 10 10 10 10 10 10] [0.9 0.5 0.5 0.5 0.5 0.5 0.5 0.9 0.9 0.9 0.9 0.9 0.9]]
CypD-x0359-pandda-model,[[1 1 1] [2 1 1] [3 1 1] [4 1 1] [5 1 1] [6 1 1] [7 1 1] [8 1 1] [9 1 1] [10 1 1] [11 1 1] [12 1 1] [13 1 1] [14 1 1] [15 1 1] [16 1 1] [17 1 1] [18 1 1] [19 1 1] [20 1 1] [21 1 1] [22 1 1] [23 1 1] [24 1 1] [25 1 1] [26 1 1] [27 1 1] [28 1 2] [29 1 2] [30 1 2] [31 1 2] [32 1 2] [33 1 2] [34 1 2] [35 1 2] [36 1 2] [37 1 2] [38 1 2] [39 1 2] [40 1 2] [41 1 2] [42 1 2] [43 1 2] [44 1 2] [45 1 2] [46 1 2] [47 1 2] [48 1 2] [49 1 2] [50 1 2] [51 1 2] [52 1 2] [53 1 2] [54 1 2] [55 1 3] [56 1 3] [57 1 3] [58 1 3] [59 1 3] [60 1 3] [61 1 3] [62 1 3] [63 1 3] [64 1 3] [65 1 3] [66 1 3] [67 1 3] [68 1 3] [69 1 3] [70 1 3] [71 1 3] [72 1 3] [73 1 3] [74 1 3] [75 1 3] [76 1 3] [77 1 3] [78 1 3] [79 1 3] [80 1 3] [81 1 3]],[[4 31 58 10 26 19 20 22 24 10 26 19 20 22 24 59 71 69 67 65 62 59 71 69 67 65 62] [1360 3850 6351 1347 1347 1347 1347 1347 1347 1352 1352 1352 1352 1352 1352 6338 6338 6338 6338 6338 6338 6347 6347 6347 6347 6347 6347] [91 10091 20091 90 90 90 90 90 90 90 90 90 90 90 90 20090 20090 20090 20090 20090 20090 20090 20090 20090 20090 20090 20090] [4 4 4 10 10 10 10 10 10 10 10 10 10 10 10 10 10 10 10 10 10 10 10 10 10 10 10] [6.3 4.1 3.6 0.6 0.6 0.6 0.6 0.6 0.6 0.8 0.8 0.8 0.8 0.8 0.8 0.6 0.6 0.6 0.6 0.6 0.6 0.6 0.6 0.6 0.6 0.6 0.6]]
CypD-x0362-pandda-model,[[1 1 1] [2 1 1] [3 1 1] [4 1 1] [5 1 1] [6 1 1] [7 1 1] [8 1 1] [9 1 1] [10 1 1] [11 1 1] [12 1 1] [13 1 1] [14 1 1] [15 1 1] [16 1 1] [17 1 1] [18 1 1] [19 1 1] [20 1 1] [21 1 1] [22 1 1] [23 1 1] [24 1 1] [25 1 1] [26 1 1] [27 1 1] [28 1 1]],[[2 2 4 2 2 4] [843 846 846 843 846 846] [10055 10055 10055 10055 10055 10055] [2 2 2 7 7 7] [7.7 6.2 7.3 7.105548623 5.49798818 4.494873669]]
CypD-x0364-pandda-model,[[1 1 1] [2 1 1] [3 1 1] [4 1 1] [5 1 1] [6 1 1] [7 1 1] [8 1 1] [9 1 1] [10 1 1] [11 1 1] [12 1 1] [13 1 1] [14 1 1] [15 1 1] [16 1 1] [17 1 1] [18 1 1] [19 1 1] [20 1 1] [21 1 1] [22 1 1] [23 1 1] [24 1 1] [25 1 1] [26 1 1] [27 1 1] [28 1 1] [29 1 1] [30 1 2] [31 1 2] [32 1 2] [33 1 2] [34 1 2] [35 1 2] [36 1 2] [37 1 2] [38 1 2] [39 1 2] [40 1 2] [41 1 2] [42 1 2] [43 1 2] [44 1 2] [45 1 2] [46 1 2] [47 1 2] [48 1 2] [49 1 2] [50 1 2] [51 1 2] [52 1 2] [53 1 2] [54 1 2] [55 1 2] [56 1 2] [57 1 2] [58 1 2] [59 1 3] [60 1 3] [61 1 3] [62 1 3] [63 1 3] [64 1 3] [65 1 3] [66 1 3] [67 1 3] [68 1 3] [69 1 3] [70 1 3] [71 1 3] [72 1 3] [73 1 3] [74 1 3] [75 1 3] [76 1 3] [77 1 3] [78 1 3] [79 1 3] [80 1 3] [81 1 3] [82 1 3] [83 1 3] [84 1 3] [85 1 3] [86 1 3] [87 1 3]],[[10 36 39 65 68 1 1 1 1 1 1 30 30 30 30 30 30 40 40 40 40 40 40 59 59 59 59 59 59] [1517 5837 4007 6507 3337 1668 1671 1675 1677 1673 1669 4161 4165 4167 4163 4159 4158 4161 4165 4167 4163 4159 4158 6658 6661 6665 6667 6663 6659] [102 20055 10102 20102 10055 113 113 113 113 113 113 10113 10113 10113 10113 10113 10113 10113 10113 10113 10113 10113 10113 20113 20113 20113 20113 20113 20113] [4 2 4 4 2 10 10 10 10 10 10 10 10 10 10 10 10 10 10 10 10 10 10 10 10 10 10 10 10] [2.4 4.7 2.6 3 5.1 0.8 0.8 0.8 0.8 0.8 0.8 0.8 0.8 0.8 0.8 0.8 0.8 0.6 0.6 0.6 0.6 0.6 0.6 1.1 1.1 1.1 1.1 1.1 1.1]]
CypD-x0365-pandda-model,[[1 1 1] [2 1 1] [3 1 1] [4 1 1] [5 1 1] [6 1 1] [7 1 1] [8 1 1] [9 1 1] [10 1 1] [11 1 1] [12 1 1] [13 1 1] [14 1 1] [15 1 1] [16 1 1] [17 1 1] [18 1 1] [19 1 1] [20 1 1] [21 1 1] [22 1 1] [23 1 1] [24 1 1] [25 1 1] [26 1 1] [27 1 1] [28 1 1] [29 1 1] [30 1 1] [31 1 1] [32 2 1] [33 2 1] [34 2 1] [35 2 1] [36 2 1] [37 2 1] [38 2 1] [39 2 1] [40 2 1] [41 2 1] [42 2 1] [43 2 1] [44 2 1] [45 2 1] [46 2 1] [47 2 1] [48 2 1] [49 2 1] [50 2 1] [51 2 1] [52 2 1] [53 2 1] [54 2 1] [55 2 1] [56 2 1] [57 2 1] [58 2 1] [59 2 1] [60 2 1] [61 2 1] [62 2 1] [63 2 1] [64 1 2] [65 1 2] [66 1 2] [67 1 2] [68 1 2] [69 1 2] [70 1 2] [71 1 2] [72 1 2] [73 1 2] [74 1 2] [75 1 2] [76 1 2] [77 1 2] [78 1 2] [79 1 2] [80 1 2] [81 1 2] [82 1 2] [83 1 2] [84 1 2] [85 1 2] [86 1 2] [87 1 2] [88 1 2] [89 1 2] [90 1 2] [91 1 2] [92 1 2] [93 1 2] [94 1 2] [95 1 3] [96 1 3] [97 1 3] [98 1 3] [99 1 3] [100 1 3] [101 1 3] [102 1 3] [103 1 3] [104 1 3] [105 1 3] [106 1 3] [107 1 3] [108 1 3] [109 1 3] [110 1 3] [111 1 3] [112 1 3] [113 1 3] [114 1 3] [115 1 3] [116 1 3] [117 1 3] [118 1 3] [119 1 3] [120 1 3] [121 1 3] [122 1 3] [123 1 3] [124 1 3] [125 1 3] [126 1 3]],[[32 36 40 95 99 103 39 70 102 21 30 28 26 24 22 21 30 28 26 24 22 84 93 91 89 87 85 84 93 91 89 87 85] [1522 1638 1088 6512 6628 6079 970 3851 5961 1352 1352 1352 1352 1352 1352 1356 1356 1356 1356 1356 1356 3843 3843 3843 3843 3843 3843 3847 3847 3847 3847 3847 3847] [102 111 72 20102 20111 20072 63 10091 20063 90 90 90 90 90 90 90 90 90 90 90 90 10090 10090 10090 10090 10090 10090 10090 10090 10090 10090 10090 10090] [3 1 3 3 1 3 2 4 2 10 10 10 10 10 10 10 10 10 10 10 10 10 10 10 10 10 10 10 10 10 10 10 10] [0.7 6.8 2.1 1 6.7 1.9 3.7 3.4 2.7 0.7 0.7 0.7 0.7 0.7 0.7 0.8 0.8 0.8 0.8 0.8 0.8 0.6 0.6 0.6 0.6 0.6 0.6 0.6 0.6 0.6 0.6 0.6 0.6]]
CypD-x0373-pandda-model,[[1 1 1] [2 1 1] [3 1 1] [4 1 1] [5 1 1] [6 1 1] [7 1 1] [8 1 1] [9 1 1] [10 1 1] [11 1 1] [12 1 1] [13 1 1] [14 1 1] [15 1 1] [16 1 1] [17 1 1] [18 1 1] [19 1 1] [20 1 1] [21 1 1] [22 1 1] [23 1 1] [24 1 1] [25 1 1] [26 1 1] [27 1 1] [28 1 1] [29 1 1] [30 1 1] [31 1 1] [32 1 1] [33 1 1]],[[8 20 6] [1581 1581 1226] [107 107 82] [3 3 2] [0.9 0.7 4.1]]
CypD-x0374-pandda-model,[[1 1 1] [2 1 1] [3 1 1] [4 1 1] [5 1 1] [6 1 1] [7 1 1] [8 1 1] [9 1 1] [10 1 1] [11 1 1] [12 1 1] [13 1 1] [14 1 1] [15 1 1] [16 1 1] [17 1 1] [18 1 1] [19 1 1] [20 1 1] [21 1 1] [22 1 1] [23 1 1] [24 1 1] [25 1 1] [26 1 1] [27 1 1] [28 1 1] [29 1 1] [30 1 1] [31 1 1] [32 1 1] [33 2 1] [34 2 1] [35 2 1] [36 2 1] [37 2 1] [38 2 1] [39 2 1] [40 2 1] [41 2 1] [42 2 1] [43 2 1] [44 2 1] [45 2 1] [46 2 1] [47 2 1] [48 2 1] [49 2 1] [50 2 1] [51 2 1] [52 2 1] [53 2 1] [54 2 1] [55 2 1] [56 2 1] [57 2 1] [58 2 1] [59 2 1] [60 2 1] [61 2 1] [62 2 1] [63 2 1] [64 2 1] [65 1 2] [66 1 2] [67 1 2] [68 1 2] [69 1 2] [70 1 2] [71 1 2] [72 1 2] [73 1 2] [74 1 2] [75 1 2] [76 1 2] [77 1 2] [78 1 2] [79 1 2] [80 1 2] [81 1 2] [82 1 2] [83 1 2] [84 1 2] [85 1 2] [86 1 2] [87 1 2] [88 1 2] [89 1 2] [90 1 2] [91 1 2] [92 1 2] [93 1 2] [94 1 2] [95 1 2] [96 1 2] [97 2 2] [98 2 2] [99 2 2] [100 2 2] [101 2 2] [102 2 2] [103 2 2] [104 2 2] [105 2 2] [106 2 2] [107 2 2] [108 2 2] [109 2 2] [110 2 2] [111 2 2] [112 2 2] [113 2 2] [114 2 2] [115 2 2] [116 2 2] [117 2 2] [118 2 2] [119 2 2] [120 2 2] [121 2 2] [122 2 2] [123 2 2] [124 2 2] [125 2 2] [126 2 2] [127 2 2] [128 2 2] [129 1 3] [130 1 3] [131 1 3] [132 1 3] [133 1 3] [134 1 3] [135 1 3] [136 1 3] [137 1 3] [138 1 3] [139 1 3] [140 1 3] [141 1 3] [142 1 3] [143 1 3] [144 1 3] [145 1 3] [146 1 3] [147 1 3] [148 1 3] [149 1 3] [150 1 3] [151 1 3] [152 1 3] [153 1 3] [154 1 3] [155 1 3] [156 1 3] [157 1 3] [158 1 3] [159 1 3] [160 1 3]],[[5 37 101 133 41 73 73 14 31 29 19 17 15] [2173 1094 4662 7163 1078 3711 3717 2117 2117 2117 2117 2117 2117] [144 73 10144 20144 71 10082 10082 141 141 141 141 141 141] [1 3 1 1 2 2 2 10 10 10 10 10 10] [6.7 10.3 6.3 7.3 4.1 0.6 3.3 0.6 0.6 0.6 0.6 0.6 0.6]]
CypD-x0378-pandda-model,[[1 1 1] [2 1 1] [3 1 1] [4 1 1] [5 1 1] [6 1 1] [7 1 1] [8 1 1] [9 1 1] [10 1 1] [11 1 1] [12 1 1] [13 1 1] [14 1 1] [15 1 1] [16 1 1] [17 1 1] [18 1 1] [19 1 1] [20 1 1] [21 1 1] [22 1 1] [23 1 1] [24 1 1] [25 1 1] [26 1 1] [27 1 1] [28 1 1] [29 1 1] [30 1 1] [31 1 1] [32 1 1] [33 1 1] [34 1 1] [35 1 1] [36 2 1] [37 2 1] [38 2 1] [39 2 1] [40 2 1] [41 2 1] [42 2 1] [43 2 1] [44 2 1] [45 2 1] [46 2 1] [47 2 1] [48 2 1] [49 2 1] [50 2 1] [51 2 1] [52 2 1] [53 2 1] [54 2 1] [55 2 1] [56 2 1] [57 2 1] [58 2 1] [59 2 1] [60 2 1] [61 2 1] [62 2 1] [63 2 1] [64 2 1] [65 2 1] [66 2 1] [67 2 1] [68 2 1] [69 2 1] [70 2 1] [71 2 1] [72 1 2] [73 1 2] [74 1 2] [75 1 2] [76 1 2] [77 1 2] [78 1 2] [79 1 2] [80 1 2] [81 1 2] [82 1 2] [83 1 2] [84 1 2] [85 1 2] [86 1 2] [87 1 2] [88 1 2] [89 1 2] [90 1 2] [91 1 2] [92 1 2] [93 1 2] [94 1 2] [95 1 2] [96 1 2] [97 1 2] [98 1 2] [99 1 2] [100 1 2] [101 1 2] [102 1 2] [103 1 2] [104 1 2] [105 1 2] [106 1 2] [107 2 2] [108 2 2] [109 2 2] [110 2 2] [111 2 2] [112 2 2] [113 2 2] [114 2 2] [115 2 2] [116 2 2] [117 2 2] [118 2 2] [119 2 2] [120 2 2] [121 2 2] [122 2 2] [123 2 2] [124 2 2] [125 2 2] [126 2 2] [127 2 2] [128 2 2] [129 2 2] [130 2 2] [131 2 2] [132 2 2] [133 2 2] [134 2 2] [135 2 2] [136 2 2] [137 2 2] [138 2 2] [139 2 2] [140 2 2] [141 2 2] [142 2 2] [143 1 3] [144 1 3] [145 1 3] [146 1 3] [147 1 3] [148 1 3] [149 1 3] [150 1 3] [151 1 3] [152 1 3] [153 1 3] [154 1 3] [155 1 3] [156 1 3] [157 1 3] [158 1 3] [159 1 3] [160 1 3] [161 1 3] [162 1 3] [163 1 3] [164 1 3] [165 1 3] [166 1 3] [167 1 3] [168 1 3] [169 1 3] [170 1 3] [171 1 3] [172 1 3] [173 1 3] [174 1 3] [175 1 3] [176 1 3] [177 1 3] [178 2 3] [179 2 3] [180 2 3] [181 2 3] [182 2 3] [183 2 3] [184 2 3] [185 2 3] [186 2 3] [187 2 3] [188 2 3] [189 2 3] [190 2 3] [191 2 3] [192 2 3] [193 2 3] [194 2 3] [195 2 3] [196 2 3] [197 2 3] [198 2 3] [199 2 3] [200 2 3] [201 2 3] [202 2 3] [203 2 3] [204 2 3] [205 2 3] [206 2 3] [207 2 3] [208 2 3] [209 2 3] [210 2 3] [211 2 3] [212 2 3]],[[76 79 147 182 70 70 70 70 70 70 49 68 70 63 64 66 120 139 141 134 135 137 120 139 141 134 135 137] [3392 3377 7157 5892 1178 1181 1185 1187 1183 1179 1263 1263 1263 1263 1263 1263 2963 2963 2963 2963 2963 2963 3752 3752 3752 3752 3752 3752] [10059 10058 20144 20059 79 79 79 79 79 79 84 84 84 84 84 84 10031 10031 10031 10031 10031 10031 10084 10084 10084 10084 10084 10084] [3 3 3 3 10 10 10 10 10 10 10 10 10 10 10 10 10 10 10 10 10 10 10 10 10 10 10 10] [4.2 1.8 6.9 10 0.6 0.6 0.6 0.6 0.6 0.6 0.6 0.6 0.6 0.6 0.6 0.6 0.9 0.9 0.9 0.9 0.9 0.9 1.5 1.5 1.5 1.5 1.5 1.5]]
CypD-x0380-pandda-model,[[1 1 1] [2 1 1] [3 1 1] [4 1 1] [5 1 1] [6 1 1] [7 1 1] [8 1 1] [9 1 1] [10 1 1] [11 1 1] [12 1 1] [13 1 1] [14 1 1] [15 1 1] [16 1 1] [17 1 1] [18 1 1] [19 1 1] [20 1 1] [21 1 1] [22 1 1] [23 1 1] [24 1 1] [25 1 1] [26 1 2] [27 1 2] [28 1 2] [29 1 2] [30 1 2] [31 1 2] [32 1 2] [33 1 2] [34 1 2] [35 1 2] [36 1 2] [37 1 2] [38 1 2] [39 1 2] [40 1 2] [41 1 2] [42 1 2] [43 1 2] [44 1 2] [45 1 2] [46 1 2] [47 1 2] [48 1 2] [49 1 2] [50 1 2] [51 2 2] [52 2 2] [53 2 2] [54 2 2] [55 2 2] [56 2 2] [57 2 2] [58 2 2] [59 2 2] [60 2 2] [61 2 2] [62 2 2] [63 2 2] [64 2 2] [65 2 2] [66 2 2] [67 2 2] [68 2 2] [69 2 2] [70 2 2] [71 2 2] [72 2 2] [73 2 2] [74 2 2] [75 2 2]],[[63 59] [6092 6069] [20073 20071] [1 2] [1.1 0.8]]
CypD-x0385-pandda-model,[[1 1 1] [2 1 1] [3 1 1] [4 1 1] [5 1 1] [6 1 1] [7 1 1] [8 1 1] [9 1 1] [10 1 1] [11 1 1] [12 1 1] [13 1 1] [14 1 1] [15 1 1] [16 1 1] [17 1 1] [18 1 1] [19 1 1] [20 1 1] [21 1 1] [22 1 1] [23 1 1] [24 1 1] [25 1 2] [26 1 2] [27 1 2] [28 1 2] [29 1 2] [30 1 2] [31 1 2] [32 1 2] [33 1 2] [34 1 2] [35 1 2] [36 1 2] [37 1 2] [38 1 2] [39 1 2] [40 1 2] [41 1 2] [42 1 2] [43 1 2] [44 1 2] [45 1 2] [46 1 2] [47 1 2] [48 1 2] [49 1 2] [50 2 2] [51 2 2] [52 2 2] [53 2 2] [54 2 2] [55 2 2] [56 2 2] [57 2 2] [58 2 2] [59 2 2] [60 2 2] [61 2 2] [62 2 2] [63 2 2] [64 2 2] [65 2 2] [66 2 2] [67 2 2] [68 2 2] [69 2 2] [70 2 2] [71 2 2] [72 2 2] [73 2 2] [74 2 2] [75 2 2] [76 1 3] [77 1 3] [78 1 3] [79 1 3] [80 1 3] [81 1 3] [82 1 3] [83 1 3] [84 1 3] [85 1 3] [86 1 3] [87 1 3] [88 1 3] [89 1 3] [90 1 3] [91 1 3] [92 1 3] [93 1 3] [94 1 3] [95 1 3] [96 1 3] [97 1 3] [98 1 3] [99 1 3]],[[29 44 75 5 5 55 80 80 87 5 5 5 80 80 33 44 46 47 37 58 70 72 73 62] [3314 3578 4438 823 970 2877 5833 5836 5836 840 843 846 5833 5836 3460 3460 3460 3460 3460 3846 3846 3846 3846 3846] [10054 10072 10130 54 63 10025 20055 20055 20055 55 55 55 20055 20055 10063 10063 10063 10063 10063 10090 10090 10090 10090 10090] [1 3 3 2 2 2 2 2 2 7 7 7 7 7 10 10 10 10 10 10 10 10 10 10] [5.3 0.5 0.6 6.6 6.9 0.5 4.7 3.6 0.8 2.545069309 3.30962539 0.517377457 6.295195239 6.062729103 5.4 5.4 5.4 5.4 5.4 0.8 0.8 0.8 0.8 0.8]]
CypD-x0386-pandda-model,[[1 1 1] [2 1 1] [3 1 1] [4 1 1] [5 1 1] [6 1 1] [7 1 1] [8 1 1] [9 1 1] [10 1 1] [11 1 1] [12 1 1] [13 1 1] [14 1 1] [15 1 1] [16 1 1] [17 1 1] [18 1 1] [19 1 1] [20 1 1] [21 1 1] [22 1 1] [23 1 1] [24 1 1] [25 2 1] [26 2 1] [27 2 1] [28 2 1] [29 2 1] [30 2 1] [31 2 1] [32 2 1] [33 2 1] [34 2 1] [35 2 1] [36 2 1] [37 2 1] [38 2 1] [39 2 1] [40 2 1] [41 2 1] [42 2 1] [43 2 1] [44 2 1] [45 2 1] [46 2 1] [47 2 1] [48 2 1] [49 1 2] [50 1 2] [51 1 2] [52 1 2] [53 1 2] [54 1 2] [55 1 2] [56 1 2] [57 1 2] [58 1 2] [59 1 2] [60 1 2] [61 1 2] [62 1 2] [63 1 2] [64 1 2] [65 1 2] [66 1 2] [67 1 2] [68 1 2] [69 1 2] [70 1 2] [71 1 2] [72 1 2] [73 2 2] [74 2 2] [75 2 2] [76 2 2] [77 2 2] [78 2 2] [79 2 2] [80 2 2] [81 2 2] [82 2 2] [83 2 2] [84 2 2] [85 2 2] [86 2 2] [87 2 2] [88 2 2] [89 2 2] [90 2 2] [91 2 2] [92 2 2] [93 2 2] [94 2 2] [95 2 2] [96 2 2] [97 1 3] [98 1 3] [99 1 3] [100 1 3] [101 1 3] [102 1 3] [103 1 3] [104 1 3] [105 1 3] [106 1 3] [107 1 3] [108 1 3] [109 1 3] [110 1 3] [111 1 3] [112 1 3] [113 1 3] [114 1 3] [115 1 3] [116 1 3] [117 1 3] [118 1 3] [119 1 3] [120 1 3]],[[12 30 60 78 82 84 102 108 30 34 78 82 102 38 46 44 43 41 39 14 22 20 19 17 15 14 22 20 19 17 15 86 94 92 91 89 87 62 70 68 67 65 63 110 118 116 115 113 111] [1360 480 3851 2971 2971 2971 5380 6353 480 480 2971 2971 5383 1263 1263 1263 1263 1263 1263 1347 1347 1347 1347 1347 1347 1352 1352 1352 1352 1352 1352 3754 3754 3754 3754 3754 3754 3843 3843 3843 3843 3843 3843 6340 6340 6340 6340 6340 6340] [91 31 10091 10031 10031 10031 20025 20091 31 31 10031 10031 20025 84 84 84 84 84 84 90 90 90 90 90 90 90 90 90 90 90 90 10084 10084 10084 10084 10084 10084 10090 10090 10090 10090 10090 10090 20090 20090 20090 20090 20090 20090] [4 2 4 2 2 2 2 4 7 7 7 7 7 10 10 10 10 10 10 10 10 10 10 10 10 10 10 10 10 10 10 10 10 10 10 10 10 10 10 10 10 10 10 10 10 10 10 10 10] [4.9 5.7 3.8 5.5 5.7 3.5 0.7 4.6 7.002074967 1.020536013 5.21516415 6.879843075 4.042140032 0.7 0.7 0.7 0.7 0.7 0.7 0.7 0.7 0.7 0.7 0.7 0.7 0.5 0.5 0.5 0.5 0.5 0.5 0.9 0.9 0.9 0.9 0.9 0.9 0.6 0.6 0.6 0.6 0.6 0.6 0.6 0.6 0.6 0.6 0.6 0.6]]
CypD-x0392-pandda-model,[[1 1 1] [2 1 1] [3 1 1] [4 1 1] [5 1 1] [6 1 1] [7 1 1] [8 1 1] [9 1 1] [10 1 1] [11 1 1] [12 1 1] [13 1 1] [14 1 1] [15 1 1] [16 1 1] [17 1 1] [18 1 1] [19 1 1] [20 1 1] [21 1 1] [22 1 1] [23 1 1] [24 1 1] [25 1 1] [26 1 1] [27 1 1] [28 1 1] [29 1 1] [30 1 1] [31 1 1] [32 1 1] [33 2 1] [34 2 1] [35 2 1] [36 2 1] [37 2 1] [38 2 1] [39 2 1] [40 2 1] [41 2 1] [42 2 1] [43 2 1] [44 2 1] [45 2 1] [46 2 1] [47 2 1] [48 2 1] [49 2 1] [50 2 1] [51 2 1] [52 2 1] [53 2 1] [54 2 1] [55 2 1] [56 2 1] [57 2 1] [58 2 1] [59 2 1] [60 2 1] [61 2 1] [62 2 1] [63 2 1] [64 2 1] [65 1 2] [66 1 2] [67 1 2] [68 1 2] [69 1 2] [70 1 2] [71 1 2] [72 1 2] [73 1 2] [74 1 2] [75 1 2] [76 1 2] [77 1 2] [78 1 2] [79 1 2] [80 1 2] [81 1 2] [82 1 2] [83 1 2] [84 1 2] [85 1 2] [86 1 2] [87 1 2] [88 1 2] [89 1 2] [90 1 2] [91 1 2] [92 1 2] [93 1 2] [94 1 2] [95 1 2] [96 1 2] [97 2 2] [98 2 2] [99 2 2] [100 2 2] [101 2 2] [102 2 2] [103 2 2] [104 2 2] [105 2 2] [106 2 2] [107 2 2] [108 2 2] [109 2 2] [110 2 2] [111 2 2] [112 2 2] [113 2 2] [114 2 2] [115 2 2] [116 2 2] [117 2 2] [118 2 2] [119 2 2] [120 2 2] [121 2 2] [122 2 2] [123 2 2] [124 2 2] [125 2 2] [126 2 2] [127 2 2] [128 2 2] [129 3 2] [130 3 2] [131 3 2] [132 3 2] [133 3 2] [134 3 2] [135 3 2] [136 3 2] [137 3 2] [138 3 2] [139 3 2] [140 3 2] [141 3 2] [142 3 2] [143 3 2] [144 3 2] [145 3 2] [146 3 2] [147 3 2] [148 3 2] [149 3 2] [150 3 2] [151 3 2] [152 3 2] [153 3 2] [154 3 2] [155 3 2] [156 3 2] [157 3 2] [158 3 2] [159 3 2] [160 3 2] [161 1 3] [162 1 3] [163 1 3] [164 1 3] [165 1 3] [166 1 3] [167 1 3] [168 1 3] [169 1 3] [170 1 3] [171 1 3] [172 1 3] [173 1 3] [174 1 3] [175 1 3] [176 1 3] [177 1 3] [178 1 3] [179 1 3] [180 1 3] [181 1 3] [182 1 3] [183 1 3] [184 1 3] [185 1 3] [186 1 3] [187 1 3] [188 1 3] [189 1 3] [190 1 3] [191 1 3] [192 1 3] [193 2 3] [194 2 3] [195 2 3] [196 2 3] [197 2 3] [198 2 3] [199 2 3] [200 2 3] [201 2 3] [202 2 3] [203 2 3] [204 2 3] [205 2 3] [206 2 3] [207 2 3] [208 2 3] [209 2 3] [210 2 3] [211 2 3] [212 2 3] [213 2 3] [214 2 3] [215 2 3] [216 2 3] [217 2 3] [218 2 3] [219 2 3] [220 2 3] [221 2 3] [222 2 3] [223 2 3] [224 2 3]],[[65 82 82 129 146 189 7 39 39 103 167 72 72 72 72 72 72 136 136 136 136 136 136 22 29 28 27 25 23 118 125 124 123 121 119 182 189 188 187 185 183 214 214 214 214 214 221 221 221 221 221 220 220 220 220 220 219 219 219 219 219 217 217 217 217 217 215 215 215 215 215] [3432 3432 3464 5932 5964 6356 1360 843 846 3851 6351 4158 4161 4165 4167 4163 4159 6658 6661 6665 6667 6663 6659 1356 1356 1356 1356 1356 1356 3847 3847 3847 3847 3847 3847 6343 6343 6343 6343 6343 6343 6953 6955 6956 6951 6950 6953 6955 6956 6951 6950 6953 6955 6956 6951 6950 6953 6955 6956 6951 6950 6953 6955 6956 6951 6950 6953 6955 6956 6951 6950] [10061 10061 10063 20061 20063 20091 91 55 55 10091 20091 10113 10113 10113 10113 10113 10113 20113 20113 20113 20113 20113 20113 90 90 90 90 90 90 10090 10090 10090 10090 10090 10090 20090 20090 20090 20090 20090 20090 20131 20131 20131 20131 20131 20131 20131 20131 20131 20131 20131 20131 20131 20131 20131 20131 20131 20131 20131 20131 20131 20131 20131 20131 20131 20131 20131 20131 20131 20131] [1 1 1 1 1 3 4 2 2 4 4 10 10 10 10 10 10 10 10 10 10 10 10 10 10 10 10 10 10 10 10 10 10 10 10 10 10 10 10 10 10 10 10 10 10 10 10 10 10 10 10 10 10 10 10 10 10 10 10 10 10 10 10 10 10 10 10 10 10 10 10] [1.4 0.6 0.8 0.8 1.1 0.5 4.6 3.5 1.6 3.6 3.3 0.5 0.5 0.5 0.5 0.5 0.5 1.1 1.1 1.1 1.1 1.1 1.1 0.5 0.5 0.5 0.5 0.5 0.5 0.5 0.5 0.5 0.5 0.5 0.5 0.7 0.7 0.7 0.7 0.7 0.7 -0 -0 -0 -0 -0 -0 -0 -0 -0 -0 -0 -0 -0 -0 -0 -0 -0 -0 -0 -0 -0 -0 -0 -0 -0 -0 -0 -0 -0 -0]]
CypD-x0393-pandda-model,[[1 1 1] [2 1 1] [3 1 1] [4 1 1] [5 1 1] [6 1 1] [7 1 1] [8 1 1] [9 1 1] [10 1 1] [11 1 1] [12 1 1] [13 1 1] [14 1 1] [15 1 1] [16 1 1] [17 1 1] [18 1 1] [19 1 1] [20 1 1] [21 1 1] [22 1 1] [23 1 1] [24 1 1] [25 1 1] [26 2 1] [27 2 1] [28 2 1] [29 2 1] [30 2 1] [31 2 1] [32 2 1] [33 2 1] [34 2 1] [35 2 1] [36 2 1] [37 2 1] [38 2 1] [39 2 1] [40 2 1] [41 2 1] [42 2 1] [43 2 1] [44 2 1] [45 2 1] [46 2 1] [47 2 1] [48 2 1] [49 2 1] [50 2 1] [51 1 2] [52 1 2] [53 1 2] [54 1 2] [55 1 2] [56 1 2] [57 1 2] [58 1 2] [59 1 2] [60 1 2] [61 1 2] [62 1 2] [63 1 2] [64 1 2] [65 1 2] [66 1 2] [67 1 2] [68 1 2] [69 1 2] [70 1 2] [71 1 2] [72 1 2] [73 1 2] [74 1 2] [75 1 2]],[[1 13 51 57 5 55 60 40 49 47 45 43 41] [1116 1580 4021 4021 1226 4016 3343 1356 1356 1356 1356 1356 1356] [10075 10107 20102 20102 10082 20102 20055 10090 10090 10090 10090 10090 10090] [3 3 3 3 2 4 2 10 10 10 10 10 10] [0.5 2.7 0.6 0.6 5.4 3.1 4.2 0.6 0.6 0.6 0.6 0.6 0.6]]
CypD-x0395-pandda-model,[[1 1 1] [2 1 1] [3 1 1] [4 1 1] [5 1 1] [6 1 1] [7 1 1] [8 1 1] [9 1 1] [10 1 1] [11 1 1] [12 1 1] [13 1 1] [14 1 1] [15 1 1] [16 1 1] [17 1 1] [18 1 1] [19 1 1] [20 1 1] [21 1 1] [22 1 2] [23 1 2] [24 1 2] [25 1 2] [26 1 2] [27 1 2] [28 1 2] [29 1 2] [30 1 2] [31 1 2] [32 1 2] [33 1 2] [34 1 2] [35 1 2] [36 1 2] [37 1 2] [38 1 2] [39 1 2] [40 1 2] [41 1 2] [42 1 2]],[[26 11 28 30 9 9 11 11 30 30] [5802 5835 4358 7256 3335 5835 3335 5835 7256 7262] [20054 20055 10125 20151 10055 20055 10055 20055 20151 20151] [3 2 2 2 7 7 7 7 7 7] [6.5 7.8 7.3 7 0.6216138588 2.506032139 3.284859493 6.075820706 6.676313662 1.795351432]]
CypD-x0398-pandda-model,[[1 1 1] [2 1 1] [3 1 1] [4 1 1] [5 1 1] [6 1 1] [7 1 1] [8 1 1] [9 1 1] [10 1 1] [11 1 1] [12 1 1] [13 1 1] [14 1 1] [15 1 1] [16 1 1] [17 1 1] [18 1 1] [19 1 1] [20 1 1] [21 1 1] [22 1 1] [23 1 1] [24 1 1] [25 1 1] [26 1 1] [27 1 1] [28 2 1] [29 2 1] [30 2 1] [31 2 1] [32 2 1] [33 2 1] [34 2 1] [35 2 1] [36 2 1] [37 2 1] [38 2 1] [39 2 1] [40 2 1] [41 2 1] [42 2 1] [43 2 1] [44 2 1] [45 2 1] [46 2 1] [47 2 1] [48 2 1] [49 2 1] [50 2 1] [51 2 1] [52 2 1] [53 2 1] [54 2 1] [55 1 2] [56 1 2] [57 1 2] [58 1 2] [59 1 2] [60 1 2] [61 1 2] [62 1 2] [63 1 2] [64 1 2] [65 1 2] [66 1 2] [67 1 2] [68 1 2] [69 1 2] [70 1 2] [71 1 2] [72 1 2] [73 1 2] [74 1 2] [75 1 2] [76 1 2] [77 1 2] [78 1 2] [79 1 2] [80 1 2] [81 1 2]],[[36 45 54 52 50 48 46 18 27 25 23 21 19 18 27 25 23 21 19] [6020 1263 1263 1263 1263 1263 1263 1352 1352 1352 1352 1352 1352 1356 1356 1356 1356 1356 1356] [20068 84 84 84 84 84 84 90 90 90 90 90 90 90 90 90 90 90 90] [3 10 10 10 10 10 10 10 10 10 10 10 10 10 10 10 10 10 10] [1.1 0.8 0.8 0.8 0.8 0.8 0.8 0.6 0.6 0.6 0.6 0.6 0.6 0.7 0.7 0.7 0.7 0.7 0.7]]
CypD-x0400-pandda-model,[[1 1 1] [2 1 1] [3 1 1] [4 1 1] [5 1 1] [6 1 1] [7 1 1] [8 1 1] [9 1 1] [10 1 1] [11 1 1] [12 1 1] [13 1 1] [14 1 1] [15 1 1] [16 1 1] [17 1 1] [18 1 1] [19 1 1] [20 1 1] [21 1 1] [22 1 1] [23 1 1] [24 1 1] [25 1 1] [26 1 1] [27 1 1] [28 1 1] [29 1 1] [30 1 1] [31 1 1] [32 1 1] [33 1 1] [34 1 1] [35 1 1] [36 1 2] [37 1 2] [38 1 2] [39 1 2] [40 1 2] [41 1 2] [42 1 2] [43 1 2] [44 1 2] [45 1 2] [46 1 2] [47 1 2] [48 1 2] [49 1 2] [50 1 2] [51 1 2] [52 1 2] [53 1 2] [54 1 2] [55 1 2] [56 1 2] [57 1 2] [58 1 2] [59 1 2] [60 1 2] [61 1 2] [62 1 2] [63 1 2] [64 1 2] [65 1 2] [66 1 2] [67 1 2] [68 1 2] [69 1 2] [70 1 2] [71 1 3] [72 1 3] [73 1 3] [74 1 3] [75 1 3] [76 1 3] [77 1 3] [78 1 3] [79 1 3] [80 1 3] [81 1 3] [82 1 3] [83 1 3] [84 1 3] [85 1 3] [86 1 3] [87 1 3] [88 1 3] [89 1 3] [90 1 3] [91 1 3] [92 1 3] [93 1 3] [94 1 3] [95 1 3] [96 1 3] [97 1 3] [98 1 3] [99 1 3] [100 1 3] [101 1 3] [102 1 3] [103 1 3] [104 1 3] [105 1 3] [106 2 3] [107 2 3] [108 2 3] [109 2 3] [110 2 3] [111 2 3] [112 2 3] [113 2 3] [114 2 3] [115 2 3] [116 2 3] [117 2 3] [118 2 3] [119 2 3] [120 2 3] [121 2 3] [122 2 3] [123 2 3] [124 2 3] [125 2 3] [126 2 3] [127 2 3] [128 2 3] [129 2 3] [130 2 3] [131 2 3] [132 2 3] [133 2 3] [134 2 3] [135 2 3] [136 2 3] [137 2 3] [138 2 3] [139 2 3] [140 2 3] [141 3 3] [142 3 3] [143 3 3] [144 3 3] [145 3 3] [146 3 3] [147 3 3] [148 3 3] [149 3 3] [150 3 3] [151 3 3] [152 3 3] [153 3 3] [154 3 3] [155 3 3] [156 3 3] [157 3 3] [158 3 3] [159 3 3] [160 3 3] [161 3 3] [162 3 3] [163 3 3] [164 3 3] [165 3 3] [166 3 3] [167 3 3] [168 3 3] [169 3 3] [170 3 3] [171 3 3] [172 3 3] [173 3 3] [174 3 3] [175 3 3]],[[8 15 40 50 75 113 88 96 94 93 91 89] [903 903 4011 3578 5893 7158 4719 4719 4719 4719 4719 4719] [59 59 10102 10072 20059 20144 10148 10148 10148 10148 10148 10148] [3 3 3 3 3 3 10 10 10 10 10 10] [0.9 0.8 7.1 0.7 5 0.8 1 1 1 1 1 1]]
CypD-x0402-pandda-model,[[1 1 1] [2 1 1] [3 1 1] [4 1 1] [5 1 1] [6 1 1] [7 1 1] [8 1 1] [9 1 1] [10 1 1] [11 1 1] [12 1 1] [13 1 1] [14 1 1] [15 1 1] [16 1 1] [17 1 1] [18 1 1] [19 1 1] [20 1 1] [21 1 1] [22 1 2] [23 1 2] [24 1 2] [25 1 2] [26 1 2] [27 1 2] [28 1 2] [29 1 2] [30 1 2] [31 1 2] [32 1 2] [33 1 2] [34 1 2] [35 1 2] [36 1 2] [37 1 2] [38 1 2] [39 1 2] [40 1 2] [41 1 2] [42 1 2] [43 1 3] [44 1 3] [45 1 3] [46 1 3] [47 1 3] [48 1 3] [49 1 3] [50 1 3] [51 1 3] [52 1 3] [53 1 3] [54 1 3] [55 1 3] [56 1 3] [57 1 3] [58 1 3] [59 1 3] [60 1 3] [61 1 3] [62 1 3] [63 1 3]],[[5 26 11 30 32 32 53 53 11 30 30 32 32 51 51 53 53 10 18 17 16 14 12] [1529 4019 7331 7257 7257 7263 3336 5836 7331 7257 7263 7257 7263 3336 5836 3336 5836 1853 1853 1853 1853 1853 1853] [102 10102 20155 20151 20151 20151 10055 20055 20155 20151 20151 20151 20151 10055 20055 10055 20055 125 125 125 125 125 125] [1 1 2 2 2 2 2 2 7 7 7 7 7 7 7 7 7 10 10 10 10 10 10] [4.2 4 18.6 3.5 1.3 8.5 2.2 2.4 6.820716675 6.293062166 2.204889965 4.89848816 4.981962164 0.5465428217 2.18975527 4.7888555 6.07636562 0.5 0.5 0.5 0.5 0.5 0.5]]
CypD-x0403-pandda-model,[[1 1 1] [2 1 1] [3 1 1] [4 1 1] [5 1 1] [6 1 1] [7 1 1] [8 1 1] [9 1 1] [10 1 1] [11 1 1] [12 1 1] [13 1 1] [14 1 1] [15 1 1] [16 1 1] [17 1 1] [18 1 1] [19 1 1] [20 1 1] [21 1 1] [22 1 1] [23 1 1] [24 1 1] [25 1 1] [26 1 1] [27 1 1] [28 1 1] [29 1 1] [30 1 1] [31 1 1] [32 1 1] [33 1 1] [34 1 2] [35 1 2] [36 1 2] [37 1 2] [38 1 2] [39 1 2] [40 1 2] [41 1 2] [42 1 2] [43 1 2] [44 1 2] [45 1 2] [46 1 2] [47 1 2] [48 1 2] [49 1 2] [50 1 2] [51 1 2] [52 1 2] [53 1 2] [54 1 2] [55 1 2] [56 1 2] [57 1 2] [58 1 2] [59 1 2] [60 1 2] [61 1 2] [62 1 2] [63 1 2] [64 1 2] [65 1 2] [66 1 2] [67 2 2] [68 2 2] [69 2 2] [70 2 2] [71 2 2] [72 2 2] [73 2 2] [74 2 2] [75 2 2] [76 2 2] [77 2 2] [78 2 2] [79 2 2] [80 2 2] [81 2 2] [82 2 2] [83 2 2] [84 2 2] [85 2 2] [86 2 2] [87 2 2] [88 2 2] [89 2 2] [90 2 2] [91 2 2] [92 2 2] [93 2 2] [94 2 2] [95 2 2] [96 2 2] [97 2 2] [98 2 2] [99 2 2]],[[11 44 13 15 48 72] [1521 4010 1516 970 4005 4060] [102 10102 102 63 10102 10106] [3 3 4 2 4 2] [2.8 2.7 2.9 3.1 3 1.7]]
CypD-x0409-pandda-model,[[1 1 1] [2 1 1] [3 1 1] [4 1 1] [5 1 1] [6 1 1] [7 1 1] [8 1 1] [9 1 1] [10 1 1] [11 1 1] [12 1 1] [13 1 1] [14 1 1] [15 1 1] [16 1 1] [17 1 1] [18 1 1] [19 1 1] [20 1 1] [21 1 1] [22 1 1] [23 1 1] [24 1 1] [25 1 1] [26 1 1] [27 1 1] [28 1 2] [29 1 2] [30 1 2] [31 1 2] [32 1 2] [33 1 2] [34 1 2] [35 1 2] [36 1 2] [37 1 2] [38 1 2] [39 1 2] [40 1 2] [41 1 2] [42 1 2] [43 1 2] [44 1 2] [45 1 2] [46 1 2] [47 1 2] [48 1 2] [49 1 2] [50 1 2] [51 1 2] [52 1 2] [53 1 2] [54 1 2]],[[6 41 47 49 51 53 46] [390 3846 3846 3846 3846 3846 3846] [25 10090 10090 10090 10090 10090 10090] [2 10 10 10 10 10 10] [5.8 0.6 0.6 0.6 0.6 0.6 0.6]]
CypD-x0414-pandda-model,[[1 1 1] [2 1 1] [3 1 1] [4 1 1] [5 1 1] [6 1 1] [7 1 1] [8 1 1] [9 1 1] [10 1 1] [11 1 1] [12 1 1] [13 1 1] [14 1 1] [15 1 1] [16 1 1] [17 1 1] [18 1 1] [19 1 1] [20 1 1] [21 1 1] [22 2 1] [23 2 1] [24 2 1] [25 2 1] [26 2 1] [27 2 1] [28 2 1] [29 2 1] [30 2 1] [31 2 1] [32 2 1] [33 2 1] [34 2 1] [35 2 1] [36 2 1] [37 2 1] [38 2 1] [39 2 1] [40 2 1] [41 2 1] [42 2 1]],[[] [] [] [] []]
CypD-x0416-pandda-model,[[1 1 1] [2 1 1] [3 1 1] [4 1 1] [5 1 1] [6 1 1] [7 1 1] [8 1 1] [9 1 1] [10 1 1] [11 1 1] [12 1 1] [13 1 1] [14 1 1] [15 1 1] [16 1 1] [17 1 1] [18 1 1] [19 1 1] [20 1 1] [21 1 1] [22 1 1] [23 1 1] [24 1 2] [25 1 2] [26 1 2] [27 1 2] [28 1 2] [29 1 2] [30 1 2] [31 1 2] [32 1 2] [33 1 2] [34 1 2] [35 1 2] [36 1 2] [37 1 2] [38 1 2] [39 1 2] [40 1 2] [41 1 2] [42 1 2] [43 1 2] [44 1 2] [45 1 2] [46 1 2]],[[7 11 30 34 13 22 20 18 16 14 13 22 20 18 16 14] [1360 387 3849 2876 1347 1347 1347 1347 1347 1347 1352 1352 1352 1352 1352 1352] [91 25 10091 10025 90 90 90 90 90 90 90 90 90 90 90 90] [4 2 4 2 10 10 10 10 10 10 10 10 10 10 10 10] [6.1 1 5.9 0.5 0.5 0.5 0.5 0.5 0.5 0.5 0.5 0.5 0.5 0.5 0.5 0.5]]
CypD-x0417-pandda-model,[[1 1 1] [2 1 1] [3 1 1] [4 1 1] [5 1 1] [6 1 1] [7 1 1] [8 1 1] [9 1 1] [10 1 1] [11 1 1] [12 1 1] [13 1 1] [14 1 1] [15 1 1] [16 1 1] [17 1 1] [18 1 1] [19 1 1] [20 1 1] [21 1 1] [22 1 1] [23 1 1] [24 1 1] [25 1 1] [26 1 1] [27 1 1] [28 2 1] [29 2 1] [30 2 1] [31 2 1] [32 2 1] [33 2 1] [34 2 1] [35 2 1] [36 2 1] [37 2 1] [38 2 1] [39 2 1] [40 2 1] [41 2 1] [42 2 1] [43 2 1] [44 2 1] [45 2 1] [46 2 1] [47 2 1] [48 2 1] [49 2 1] [50 2 1] [51 2 1] [52 2 1] [53 2 1] [54 2 1] [55 1 2] [56 1 2] [57 1 2] [58 1 2] [59 1 2] [60 1 2] [61 1 2] [62 1 2] [63 1 2] [64 1 2] [65 1 2] [66 1 2] [67 1 2] [68 1 2] [69 1 2] [70 1 2] [71 1 2] [72 1 2] [73 1 2] [74 1 2] [75 1 2] [76 1 2] [77 1 2] [78 1 2] [79 1 2] [80 1 2] [81 1 2] [82 2 2] [83 2 2] [84 2 2] [85 2 2] [86 2 2] [87 2 2] [88 2 2] [89 2 2] [90 2 2] [91 2 2] [92 2 2] [93 2 2] [94 2 2] [95 2 2] [96 2 2] [97 2 2] [98 2 2] [99 2 2] [100 2 2] [101 2 2] [102 2 2] [103 2 2] [104 2 2] [105 2 2] [106 2 2] [107 2 2] [108 2 2]],[[11 7 34 61 88 65 65 65 65 65 92 92 92 92 92 92 101 101 101 101 101 101 42 50 49 47 45 43 96 104 103 101 99 97 69 77 76 74 72 70] [351 1360 480 3850 2970 4448 4451 4453 4455 4449 3668 3671 3675 3677 3673 3669 3668 3671 3675 3677 3673 3669 1263 1263 1263 1263 1263 1263 3753 3753 3753 3753 3753 3753 3846 3846 3846 3846 3846 3846] [23 91 31 10091 10031 10131 10131 10131 10131 10131 10079 10079 10079 10079 10079 10079 10079 10079 10079 10079 10079 10079 84 84 84 84 84 84 10084 10084 10084 10084 10084 10084 10090 10090 10090 10090 10090 10090] [1 4 2 4 2 10 10 10 10 10 10 10 10 10 10 10 10 10 10 10 10 10 10 10 10 10 10 10 10 10 10 10 10 10 10 10 10 10 10 10] [1.4 4.6 7.4 3.4 11 0.7 0.7 0.7 0.7 0.7 1.5 1.5 1.5 1.5 1.5 1.5 0.6 0.6 0.6 0.6 0.6 0.6 0.5 0.5 0.5 0.5 0.5 0.5 0.7 0.7 0.7 0.7 0.7 0.7 0.7 0.7 0.7 0.7 0.7 0.7]]
CypD-x0419-pandda-model,[[1 1 1] [2 1 1] [3 1 1] [4 1 1] [5 1 1] [6 1 1] [7 1 1] [8 1 1] [9 1 1] [10 1 1] [11 1 1] [12 1 1] [13 1 1] [14 1 1] [15 1 1] [16 1 1] [17 1 1] [18 1 1] [19 1 1] [20 1 1] [21 1 1] [22 1 1] [23 1 1] [24 1 1] [25 1 1] [26 1 1] [27 2 1] [28 2 1] [29 2 1] [30 2 1] [31 2 1] [32 2 1] [33 2 1] [34 2 1] [35 2 1] [36 2 1] [37 2 1] [38 2 1] [39 2 1] [40 2 1] [41 2 1] [42 2 1] [43 2 1] [44 2 1] [45 2 1] [46 2 1] [47 2 1] [48 2 1] [49 2 1] [50 2 1] [51 2 1] [52 2 1] [53 1 2] [54 1 2] [55 1 2] [56 1 2] [57 1 2] [58 1 2] [59 1 2] [60 1 2] [61 1 2] [62 1 2] [63 1 2] [64 1 2] [65 1 2] [66 1 2] [67 1 2] [68 1 2] [69 1 2] [70 1 2] [71 1 2] [72 1 2] [73 1 2] [74 1 2] [75 1 2] [76 1 2] [77 1 2] [78 1 2] [79 1 3] [80 1 3] [81 1 3] [82 1 3] [83 1 3] [84 1 3] [85 1 3] [86 1 3] [87 1 3] [88 1 3] [89 1 3] [90 1 3] [91 1 3] [92 1 3] [93 1 3] [94 1 3] [95 1 3] [96 1 3] [97 1 3] [98 1 3] [99 1 3] [100 1 3] [101 1 3] [102 1 3] [103 1 3] [104 1 3]],[[34 31 52 50 48 43 34 85 85 85 85 85 90 90 90 90 90 87 87 87 87 87 91 91 91 91 91 88 88 88 88 88] [2023 2003 2003 2003 2003 2003 2003 6948 6950 6952 6954 6949 6948 6950 6952 6954 6949 6948 6950 6952 6954 6949 6948 6950 6952 6954 6949 6948 6950 6952 6954 6949] [136 134 134 134 134 134 134 20131 20131 20131 20131 20131 20131 20131 20131 20131 20131 20131 20131 20131 20131 20131 20131 20131 20131 20131 20131 20131 20131 20131 20131 20131] [4 10 10 10 10 10 10 10 10 10 10 10 10 10 10 10 10 10 10 10 10 10 10 10 10 10 10 10 10 10 10 10] [2 1.3 1.3 1.3 1.3 1.3 1.3 -0 -0 -0 -0 -0 -0 -0 -0 -0 -0 -0 -0 -0 -0 -0 -0 -0 -0 -0 -0 -0 -0 -0 -0 -0]]
CypD-x0420-pandda-model,[[1 1 1] [2 1 1] [3 1 1] [4 1 1] [5 1 1] [6 1 1] [7 1 1] [8 1 1] [9 1 1] [10 1 1] [11 1 1] [12 1 1] [13 1 1] [14 1 1] [15 1 1] [16 1 1] [17 1 1] [18 1 1] [19 1 1] [20 1 1] [21 1 2] [22 1 2] [23 1 2] [24 1 2] [25 1 2] [26 1 2] [27 1 2] [28 1 2] [29 1 2] [30 1 2] [31 1 2] [32 1 2] [33 1 2] [34 1 2] [35 1 2] [36 1 2] [37 1 2] [38 1 2] [39 1 2] [40 1 2] [41 1 3] [42 1 3] [43 1 3] [44 1 3] [45 1 3] [46 1 3] [47 1 3] [48 1 3] [49 1 3] [50 1 3] [51 1 3] [52 1 3] [53 1 3] [54 1 3] [55 1 3] [56 1 3] [57 1 3] [58 1 3] [59 1 3] [60 1 3]],[[7 27 11 20 18 16 14 12 31 40 38 36 34 32 51 60 58 56 54 52] [1360 3850 1356 1356 1356 1356 1356 1356 3846 3846 3846 3846 3846 3846 6346 6346 6346 6346 6346 6346] [91 10091 90 90 90 90 90 90 10090 10090 10090 10090 10090 10090 20090 20090 20090 20090 20090 20090] [4 4 10 10 10 10 10 10 10 10 10 10 10 10 10 10 10 10 10 10] [2.5 2.4 0.6 0.6 0.6 0.6 0.6 0.6 0.7 0.7 0.7 0.7 0.7 0.7 0.6 0.6 0.6 0.6 0.6 0.6]]
CypD-x0422-pandda-model,[[1 1 1] [2 1 1] [3 1 1] [4 1 1] [5 1 1] [6 1 1] [7 1 1] [8 1 1] [9 1 1] [10 1 1] [11 1 1] [12 1 1] [13 1 1] [14 1 1] [15 1 1] [16 1 1] [17 1 1] [18 1 1] [19 1 1] [20 1 1] [21 1 1] [22 1 1] [23 1 1] [24 1 1] [25 1 1] [26 1 1] [27 1 1] [28 1 1] [29 1 1] [30 2 1] [31 2 1] [32 2 1] [33 2 1] [34 2 1] [35 2 1] [36 2 1] [37 2 1] [38 2 1] [39 2 1] [40 2 1] [41 2 1] [42 2 1] [43 2 1] [44 2 1] [45 2 1] [46 2 1] [47 2 1] [48 2 1] [49 2 1] [50 2 1] [51 2 1] [52 2 1] [53 2 1] [54 2 1] [55 2 1] [56 2 1] [57 2 1] [58 2 1] [59 1 2] [60 1 2] [61 1 2] [62 1 2] [63 1 2] [64 1 2] [65 1 2] [66 1 2] [67 1 2] [68 1 2] [69 1 2] [70 1 2] [71 1 2] [72 1 2] [73 1 2] [74 1 2] [75 1 2] [76 1 2] [77 1 2] [78 1 2] [79 1 2] [80 1 2] [81 1 2] [82 1 2] [83 1 2] [84 1 2] [85 1 2] [86 1 2] [87 1 2] [88 2 2] [89 2 2] [90 2 2] [91 2 2] [92 2 2] [93 2 2] [94 2 2] [95 2 2] [96 2 2] [97 2 2] [98 2 2] [99 2 2] [100 2 2] [101 2 2] [102 2 2] [103 2 2] [104 2 2] [105 2 2] [106 2 2] [107 2 2] [108 2 2] [109 2 2] [110 2 2] [111 2 2] [112 2 2] [113 2 2] [114 2 2] [115 2 2] [116 2 2] [117 1 3] [118 1 3] [119 1 3] [120 1 3] [121 1 3] [122 1 3] [123 1 3] [124 1 3] [125 1 3] [126 1 3] [127 1 3] [128 1 3] [129 1 3] [130 1 3] [131 1 3] [132 1 3] [133 1 3] [134 1 3] [135 1 3] [136 1 3] [137 1 3] [138 1 3] [139 1 3] [140 1 3] [141 1 3] [142 1 3] [143 1 3] [144 1 3] [145 1 3]],[[5 9 63 67 9 38 65 67 94 123 8 28 23 18 13 11 95 115 110 105 100 98 95 115 110 105 100 98 66 86 81 76 71 69] [1522 1522 4012 4012 1517 480 3461 4007 2971 4720 1537 1537 1537 1537 1537 1537 2971 2971 2971 2971 2971 2971 3754 3754 3754 3754 3754 3754 4027 4027 4027 4027 4027 4027] [102 102 10102 10102 102 31 10063 10102 10031 10148 103 103 103 103 103 103 10031 10031 10031 10031 10031 10031 10084 10084 10084 10084 10084 10084 10103 10103 10103 10103 10103 10103] [3 3 3 3 4 2 2 4 2 2 10 10 10 10 10 10 10 10 10 10 10 10 10 10 10 10 10 10 10 10 10 10 10 10] [1.9 2.8 2 2.9 1.3 5.2 2 1.4 8.8 11.2 0.6 0.6 0.6 0.6 0.6 0.6 0.5 0.5 0.5 0.5 0.5 0.5 0.7 0.7 0.7 0.7 0.7 0.7 1 1 1 1 1 1]]
CypD-x0425-pandda-model,[[1 1 1] [2 1 1] [3 1 1] [4 1 1] [5 1 1] [6 1 1] [7 1 1] [8 1 1] [9 1 1] [10 1 1] [11 1 1] [12 1 1] [13 1 1] [14 1 1] [15 1 1] [16 1 1] [17 1 1] [18 1 1] [19 1 1] [20 1 1] [21 1 1] [22 1 1] [23 1 1] [24 1 1] [25 1 1] [26 1 1] [27 1 1] [28 1 1] [29 1 1] [30 1 1] [31 1 2] [32 1 2] [33 1 2] [34 1 2] [35 1 2] [36 1 2] [37 1 2] [38 1 2] [39 1 2] [40 1 2] [41 1 2] [42 1 2] [43 1 2] [44 1 2] [45 1 2] [46 1 2] [47 1 2] [48 1 2] [49 1 2] [50 1 2] [51 1 2] [52 1 2] [53 1 2] [54 1 2] [55 1 2] [56 1 2] [57 1 2] [58 1 2] [59 1 2] [60 1 2]],[[7 13 43 11 41] [1521 1521 4021 970 3470] [10102 10102 20102 10063 20063] [3 3 3 2 2] [0.5 1.3 2 3 2.7]]
CypD-x0426-pandda-model,[[1 1 1] [2 1 1] [3 1 1] [4 1 1] [5 1 1] [6 1 1] [7 1 1] [8 1 1] [9 1 1] [10 1 1] [11 1 1] [12 1 1] [13 1 1] [14 1 1] [15 1 1] [16 1 1] [17 1 1] [18 1 1] [19 1 1] [20 1 1] [21 1 1] [22 1 1] [23 1 1] [24 1 1] [25 1 1] [26 1 1] [27 1 1] [28 1 1] [29 1 1] [30 1 1] [31 1 1] [32 1 2] [33 1 2] [34 1 2] [35 1 2] [36 1 2] [37 1 2] [38 1 2] [39 1 2] [40 1 2] [41 1 2] [42 1 2] [43 1 2] [44 1 2] [45 1 2] [46 1 2] [47 1 2] [48 1 2] [49 1 2] [50 1 2] [51 1 2] [52 1 2] [53 1 2] [54 1 2] [55 1 2] [56 1 2] [57 1 2] [58 1 2] [59 1 2] [60 1 2] [61 1 2] [62 1 2]],[[11 42 42] [2431 3117 4932] [161 20040 20161] [3 3 3] [4 0.7 4]]
CypD-x0429-pandda-model,[[1 1 1] [2 1 1] [3 1 1] [4 1 1] [5 1 1] [6 1 1] [7 1 1] [8 1 1] [9 1 1] [10 1 1] [11 1 1] [12 1 1] [13 1 1] [14 1 1] [15 1 1] [16 1 1] [17 1 1] [18 1 1] [19 1 1] [20 1 1] [21 1 1] [22 1 1] [23 1 1] [24 1 2] [25 1 2] [26 1 2] [27 1 2] [28 1 2] [29 1 2] [30 1 2] [31 1 2] [32 1 2] [33 1 2] [34 1 2] [35 1 2] [36 1 2] [37 1 2] [38 1 2] [39 1 2] [40 1 2] [41 1 2] [42 1 2] [43 1 2] [44 1 2] [45 1 2] [46 1 2]],[[8 31 10 19 17 15 14 12] [480 4360 1263 1263 1263 1263 1263 1263] [31 10125 84 84 84 84 84 84] [2 2 10 10 10 10 10 10] [9.8 1.6 0.8 0.8 0.8 0.8 0.8 0.8]]
CypD-x0435-pandda-model,[[1 1 1] [2 1 1] [3 1 1] [4 1 1] [5 1 1] [6 1 1] [7 1 1] [8 1 1] [9 1 1] [10 1 1] [11 1 1] [12 1 1] [13 1 1] [14 1 1] [15 1 1] [16 1 1] [17 1 1] [18 1 1] [19 1 1] [20 1 1] [21 1 1] [22 1 1] [23 1 1] [24 1 1] [25 1 1] [26 1 1] [27 1 1] [28 1 1] [29 1 1] [30 1 1] [31 1 2] [32 1 2] [33 1 2] [34 1 2] [35 1 2] [36 1 2] [37 1 2] [38 1 2] [39 1 2] [40 1 2] [41 1 2] [42 1 2] [43 1 2] [44 1 2] [45 1 2] [46 1 2] [47 1 2] [48 1 2] [49 1 2] [50 1 2] [51 1 2] [52 1 2] [53 1 2] [54 1 2] [55 1 2] [56 1 2] [57 1 2] [58 1 2] [59 1 2] [60 1 2] [61 2 2] [62 2 2] [63 2 2] [64 2 2] [65 2 2] [66 2 2] [67 2 2] [68 2 2] [69 2 2] [70 2 2] [71 2 2] [72 2 2] [73 2 2] [74 2 2] [75 2 2] [76 2 2] [77 2 2] [78 2 2] [79 2 2] [80 2 2] [81 2 2] [82 2 2] [83 2 2] [84 2 2] [85 2 2] [86 2 2] [87 2 2] [88 2 2] [89 2 2] [90 2 2] [91 1 3] [92 1 3] [93 1 3] [94 1 3] [95 1 3] [96 1 3] [97 1 3] [98 1 3] [99 1 3] [100 1 3] [101 1 3] [102 1 3] [103 1 3] [104 1 3] [105 1 3] [106 1 3] [107 1 3] [108 1 3] [109 1 3] [110 1 3] [111 1 3] [112 1 3] [113 1 3] [114 1 3] [115 1 3] [116 1 3] [117 1 3] [118 1 3] [119 1 3] [120 1 3]],[[10 40 66 70 100 9 25 27 29 14 9 25 27 29 14 9 25 27 29 14] [1360 3851 2968 2971 6562 1347 1347 1347 1347 1347 1352 1352 1352 1352 1352 1356 1356 1356 1356 1356] [91 10091 10031 10031 20106 90 90 90 90 90 90 90 90 90 90 90 90 90 90 90] [4 4 2 2 2 10 10 10 10 10 10 10 10 10 10 10 10 10 10 10] [2.9 4.4 1 2.9 2.1 0.5 0.5 0.5 0.5 0.5 0.6 0.6 0.6 0.6 0.6 1.1 1.1 1.1 1.1 1.1]]
CypD-x0436-pandda-model,[[1 1 1] [2 1 1] [3 1 1] [4 1 1] [5 1 1] [6 1 1] [7 1 1] [8 1 1] [9 1 1] [10 1 1] [11 1 1] [12 1 1] [13 1 1] [14 1 1] [15 1 1] [16 1 1] [17 1 1] [18 1 1] [19 1 1] [20 1 1] [21 1 1] [22 1 1] [23 1 1] [24 1 1] [25 1 1] [26 1 1] [27 1 1] [28 1 1] [29 1 1] [30 1 1] [31 1 1] [32 1 1]],[[10 10 10 10 10 10 28 28 28 28 28 14 14 14 14 14 20 20 20 20 20 21 21 21 21 21 23 23 23 23 23] [401 1976 1975 1973 1970 1971 1976 1975 1973 1970 1971 1976 1975 1973 1970 1971 1976 1975 1973 1970 1971 1976 1975 1973 1970 1971 1976 1975 1973 1970 1971] [20025 20131 20131 20131 20131 20131 20131 20131 20131 20131 20131 20131 20131 20131 20131 20131 20131 20131 20131 20131 20131 20131 20131 20131 20131 20131 20131 20131 20131 20131 20131] [2 10 10 10 10 10 10 10 10 10 10 10 10 10 10 10 10 10 10 10 10 10 10 10 10 10 10 10 10 10 10] [7.2 -0 -0 -0 -0 -0 -0 -0 -0 -0 -0 -0 -0 -0 -0 -0 -0 -0 -0 -0 -0 -0 -0 -0 -0 -0 -0 -0 -0 -0 -0]]
CypD-x0437-pandda-model,[[1 1 1] [2 1 1] [3 1 1] [4 1 1] [5 1 1] [6 1 1] [7 1 1] [8 1 1] [9 1 1] [10 1 1] [11 1 1] [12 1 1] [13 1 1] [14 1 1] [15 1 1] [16 1 1] [17 1 1] [18 1 1] [19 1 1] [20 1 1] [21 1 1]],[[13 13 13 13 13 13 9 13 15 17 10 11 9 13 15 17 10 11] [1178 1181 1185 1187 1183 1179 474 474 474 474 474 474 1263 1263 1263 1263 1263 1263] [79 79 79 79 79 79 31 31 31 31 31 31 84 84 84 84 84 84] [10 10 10 10 10 10 10 10 10 10 10 10 10 10 10 10 10 10] [0.7 0.7 0.7 0.7 0.7 0.7 0.9 0.9 0.9 0.9 0.9 0.9 0.9 0.9 0.9 0.9 0.9 0.9]]
CypD-x0440-pandda-model,[[1 1 1] [2 1 1] [3 1 1] [4 1 1] [5 1 1] [6 1 1] [7 1 1] [8 1 1] [9 1 1] [10 1 1] [11 1 1] [12 1 1] [13 1 1] [14 1 1] [15 1 1] [16 1 1] [17 1 1] [18 1 1] [19 1 1] [20 1 1] [21 1 1] [22 1 1] [23 1 1] [24 1 1] [25 1 1] [26 1 1] [27 1 1] [28 1 1]],[[2 1 1 1 1 1 1 18 18 18 18 18 18 16 16 16 16 16 16 15 15 15 15 15 15 11 11 11 11 11 11 7 7 7 7 7 7] [3403 3418 3421 3425 3427 3423 3419 3418 3421 3425 3427 3423 3419 3418 3421 3425 3427 3423 3419 3418 3421 3425 3427 3423 3419 3418 3421 3425 3427 3423 3419 3418 3421 3425 3427 3423 3419] [20059 20060 20060 20060 20060 20060 20060 20060 20060 20060 20060 20060 20060 20060 20060 20060 20060 20060 20060 20060 20060 20060 20060 20060 20060 20060 20060 20060 20060 20060 20060 20060 20060 20060 20060 20060 20060] [3 10 10 10 10 10 10 10 10 10 10 10 10 10 10 10 10 10 10 10 10 10 10 10 10 10 10 10 10 10 10 10 10 10 10 10 10] [1.1 -0 -0 -0 -0 -0 -0 -0 -0 -0 -0 -0 -0 -0 -0 -0 -0 -0 -0 -0 -0 -0 -0 -0 -0 -0 -0 -0 -0 -0 -0 -0 -0 -0 -0 -0 -0]]
CypD-x0441-pandda-model,[[1 1 1] [2 1 1] [3 1 1] [4 1 1] [5 1 1] [6 1 1] [7 1 1] [8 1 1] [9 1 1] [10 1 1] [11 1 1] [12 1 1] [13 1 1] [14 1 1] [15 1 1] [16 1 1] [17 1 1] [18 1 1] [19 1 1] [20 1 1] [21 1 1] [22 1 1] [23 1 1] [24 1 1] [25 1 1] [26 1 1] [27 1 1] [28 1 1] [29 1 1] [30 1 1] [31 1 1]],[[3 3 7 3 3] [2423 2429 2442 2422 2423] [10160 10161 10163 10160 10160] [1 3 4 7 7] [15.9 7.5 3.8 6.218340803 6.026319659]]
CypD-x0442-pandda-model,[[1 1 1] [2 1 1] [3 1 1] [4 1 1] [5 1 1] [6 1 1] [7 1 1] [8 1 1] [9 1 1] [10 1 1] [11 1 1] [12 1 1] [13 1 1] [14 1 1] [15 1 1] [16 1 1] [17 1 1] [18 1 1] [19 1 1] [20 1 1] [21 1 1] [22 1 1] [23 1 1] [24 1 2] [25 1 2] [26 1 2] [27 1 2] [28 1 2] [29 1 2] [30 1 2] [31 1 2] [32 1 2] [33 1 2] [34 1 2] [35 1 2] [36 1 2] [37 1 2] [38 1 2] [39 1 2] [40 1 2] [41 1 2] [42 1 2] [43 1 2] [44 1 2] [45 1 2] [46 1 2] [47 1 3] [48 1 3] [49 1 3] [50 1 3] [51 1 3] [52 1 3] [53 1 3] [54 1 3] [55 1 3] [56 1 3] [57 1 3] [58 1 3] [59 1 3] [60 1 3] [61 1 3] [62 1 3] [63 1 3] [64 1 3] [65 1 3] [66 1 3] [67 1 3] [68 1 3] [69 1 3] [70 2 3] [71 2 3] [72 2 3] [73 2 3] [74 2 3] [75 2 3] [76 2 3] [77 2 3] [78 2 3] [79 2 3] [80 2 3] [81 2 3] [82 2 3] [83 2 3] [84 2 3] [85 2 3] [86 2 3] [87 2 3] [88 2 3] [89 2 3] [90 2 3] [91 2 3] [92 2 3]],[[11 34 51 57 7 30 38 61 84 20 20 20 20 20 20 89 89 89 89 89 13 19 17 16 15] [1521 4011 6511 6511 970 3460 4006 6506 5836 1672 1676 1674 1670 1667 1668 6875 6877 6879 6873 6872 1508 1508 1508 1508 1508] [102 10102 20102 20102 63 10063 10102 20102 20055 113 113 113 113 113 113 20126 20126 20126 20126 20126 101 101 101 101 101] [3 3 3 3 2 2 4 4 2 10 10 10 10 10 10 10 10 10 10 10 10 10 10 10 10] [3.6 4.6 1.1 5 1.1 3.2 1.5 0.6 4.7 0.6 0.6 0.6 0.6 0.6 0.6 0.8 0.8 0.8 0.8 0.8 1 1 1 1 1]]
CypD-x0443-pandda-model,[[1 1 1] [2 1 1] [3 1 1] [4 1 1] [5 1 1] [6 1 1] [7 1 1] [8 1 1] [9 1 1] [10 1 1] [11 1 1] [12 1 1] [13 1 1] [14 1 1] [15 1 1] [16 1 1] [17 1 1] [18 1 1] [19 1 1] [20 1 1] [21 1 1] [22 1 1] [23 1 1] [24 1 1] [25 1 1] [26 1 1] [27 1 1] [28 1 1] [29 1 1] [30 1 1] [31 1 1]],[5 4022 20102 3 8.3]
CypD-x0444-pandda-model,[[1 1 1] [2 1 1] [3 1 1] [4 1 1] [5 1 1] [6 1 1] [7 1 1] [8 1 1] [9 1 1] [10 1 1] [11 1 1] [12 1 1] [13 1 1] [14 1 1] [15 1 1] [16 1 1] [17 1 1] [18 1 1] [19 1 1] [20 1 1] [21 1 1] [22 1 1] [23 1 1] [24 1 1] [25 1 1] [26 1 1] [27 1 2] [28 1 2] [29 1 2] [30 1 2] [31 1 2] [32 1 2] [33 1 2] [34 1 2] [35 1 2] [36 1 2] [37 1 2] [38 1 2] [39 1 2] [40 1 2] [41 1 2] [42 1 2] [43 1 2] [44 1 2] [45 1 2] [46 1 2] [47 1 2] [48 1 2] [49 1 2] [50 1 2] [51 1 2] [52 1 2]],[[11 37 45 45 45 45 45 16 25 23 21 19 17 16 25 23 21 19 17 16 25 23 21 19 17] [1360 3851 4449 4452 4453 4455 4450 1347 1347 1347 1347 1347 1347 1352 1352 1352 1352 1352 1352 1356 1356 1356 1356 1356 1356] [91 10091 10131 10131 10131 10131 10131 90 90 90 90 90 90 90 90 90 90 90 90 90 90 90 90 90 90] [4 4 10 10 10 10 10 10 10 10 10 10 10 10 10 10 10 10 10 10 10 10 10 10 10] [1.6 5.3 0.5 0.5 0.5 0.5 0.5 0.5 0.5 0.5 0.5 0.5 0.5 0.9 0.9 0.9 0.9 0.9 0.9 0.9 0.9 0.9 0.9 0.9 0.9]]
CypD-x0446-pandda-model,[[1 1 1] [2 1 1] [3 1 1] [4 1 1] [5 1 1] [6 1 1] [7 1 1] [8 1 1] [9 1 1] [10 1 1] [11 1 1] [12 1 1] [13 1 1] [14 1 1] [15 1 1] [16 1 1] [17 1 1] [18 1 1] [19 1 1] [20 1 1] [21 1 2] [22 1 2] [23 1 2] [24 1 2] [25 1 2] [26 1 2] [27 1 2] [28 1 2] [29 1 2] [30 1 2] [31 1 2] [32 1 2] [33 1 2] [34 1 2] [35 1 2] [36 1 2] [37 1 2] [38 1 2] [39 1 2] [40 1 2] [41 2 2] [42 2 2] [43 2 2] [44 2 2] [45 2 2] [46 2 2] [47 2 2] [48 2 2] [49 2 2] [50 2 2] [51 2 2] [52 2 2] [53 2 2] [54 2 2] [55 2 2] [56 2 2] [57 2 2] [58 2 2] [59 2 2] [60 2 2] [61 3 2] [62 3 2] [63 3 2] [64 3 2] [65 3 2] [66 3 2] [67 3 2] [68 3 2] [69 3 2] [70 3 2] [71 3 2] [72 3 2] [73 3 2] [74 3 2] [75 3 2] [76 3 2] [77 3 2] [78 3 2] [79 3 2] [80 3 2] [81 1 3] [82 1 3] [83 1 3] [84 1 3] [85 1 3] [86 1 3] [87 1 3] [88 1 3] [89 1 3] [90 1 3] [91 1 3] [92 1 3] [93 1 3] [94 1 3] [95 1 3] [96 1 3] [97 1 3] [98 1 3] [99 1 3] [100 1 3]],[[2 47 62 62 82 82 65 85 6 11 12 7 9 86 91 92 87 89] [2429 4769 4911 4918 5604 7419 3241 5741 637 637 637 637 637 5626 5626 5626 5626 5626] [161 10152 10160 10161 20040 20161 10049 20049 42 42 42 42 42 20042 20042 20042 20042 20042] [3 3 1 3 3 3 2 2 10 10 10 10 10 10 10 10 10 10] [2.5 2.8 4.4 3.8 1.4 2.8 5.8 2.5 0.7 0.7 0.7 0.7 0.7 2.5 2.5 2.5 2.5 2.5]]
CypD-x0448-pandda-model,[[1 1 1] [2 1 1] [3 1 1] [4 1 1] [5 1 1] [6 1 1] [7 1 1] [8 1 1] [9 1 1] [10 1 1] [11 1 1] [12 1 1] [13 1 1] [14 1 1] [15 1 1] [16 1 1] [17 1 1] [18 1 1] [19 1 1] [20 1 1] [21 1 2] [22 1 2] [23 1 2] [24 1 2] [25 1 2] [26 1 2] [27 1 2] [28 1 2] [29 1 2] [30 1 2] [31 1 2] [32 1 2] [33 1 2] [34 1 2] [35 1 2] [36 1 2] [37 1 2] [38 1 2] [39 1 2] [40 1 2] [41 2 2] [42 2 2] [43 2 2] [44 2 2] [45 2 2] [46 2 2] [47 2 2] [48 2 2] [49 2 2] [50 2 2] [51 2 2] [52 2 2] [53 2 2] [54 2 2] [55 2 2] [56 2 2] [57 2 2] [58 2 2] [59 2 2] [60 2 2]],[[5 9 25 29 45 49 54 54 54 54 54 54] [903 903 3393 3393 5894 5894 5909 5912 5916 5918 5914 5910] [59 59 10059 10059 20059 20059 20060 20060 20060 20060 20060 20060] [3 3 3 3 3 3 10 10 10 10 10 10] [2.6 0.5 3.5 1.1 3.8 0.9 0.5 0.5 0.5 0.5 0.5 0.5]]
CypD-x0449-pandda-model,[[1 1 1] [2 1 1] [3 1 1] [4 1 1] [5 1 1] [6 1 1] [7 1 1] [8 1 1] [9 1 1] [10 1 1] [11 1 1] [12 1 1] [13 1 1] [14 1 1] [15 1 1] [16 1 1] [17 1 1] [18 1 1] [19 1 1] [20 1 1] [21 1 1] [22 1 1] [23 1 1] [24 1 1] [25 1 1] [26 1 1] [27 1 1] [28 1 1] [29 1 1] [30 1 1] [31 1 1]],[[11 15 15 15 15 15 30 30 30 30 30 28 28 28 28 28 26 26 26 26 26 25 25 25 25 25] [2340 1060 1063 1064 1066 1061 1060 1063 1064 1066 1061 1060 1063 1064 1066 1061 1060 1063 1064 1066 1061 1060 1063 1064 1066 1061] [10155 10070 10070 10070 10070 10070 10070 10070 10070 10070 10070 10070 10070 10070 10070 10070 10070 10070 10070 10070 10070 10070 10070 10070 10070 10070] [2 10 10 10 10 10 10 10 10 10 10 10 10 10 10 10 10 10 10 10 10 10 10 10 10 10] [7.7 -0 -0 -0 -0 -0 -0 -0 -0 -0 -0 -0 -0 -0 -0 -0 -0 -0 -0 -0 -0 -0 -0 -0 -0 -0]]
CypD-x0450-pandda-model,[[1 1 1] [2 1 1] [3 1 1] [4 1 1] [5 1 1] [6 1 1] [7 1 1] [8 1 1] [9 1 1] [10 1 1] [11 1 1] [12 1 1] [13 1 1] [14 1 1] [15 1 1] [16 1 1] [17 1 1] [18 1 1] [19 1 1] [20 1 1] [21 1 1] [22 1 1] [23 1 1] [24 1 1] [25 1 1] [26 1 1] [27 1 1] [28 1 1] [29 1 1] [30 1 1] [31 1 1] [32 1 1] [33 1 2] [34 1 2] [35 1 2] [36 1 2] [37 1 2] [38 1 2] [39 1 2] [40 1 2] [41 1 2] [42 1 2] [43 1 2] [44 1 2] [45 1 2] [46 1 2] [47 1 2] [48 1 2] [49 1 2] [50 1 2] [51 1 2] [52 1 2] [53 1 2] [54 1 2] [55 1 2] [56 1 2] [57 1 2] [58 1 2] [59 1 2] [60 1 2] [61 1 2] [62 1 2] [63 1 2] [64 1 2] [65 2 2] [66 2 2] [67 2 2] [68 2 2] [69 2 2] [70 2 2] [71 2 2] [72 2 2] [73 2 2] [74 2 2] [75 2 2] [76 2 2] [77 2 2] [78 2 2] [79 2 2] [80 2 2] [81 2 2] [82 2 2] [83 2 2] [84 2 2] [85 2 2] [86 2 2] [87 2 2] [88 2 2] [89 2 2] [90 2 2] [91 2 2] [92 2 2] [93 2 2] [94 2 2] [95 2 2] [96 2 2]],[[4 77 77 77 77 77 77 33 33 33 33 33 33 63 63 63 63 63 63 61 61 61 61 61 61 44 44 44 44 44 44 42 42 42 42 42 42 38 38 38 38 38 38] [903 5909 5913 5917 5915 5911 5908 4297 4301 4299 4293 4291 4292 4297 4301 4299 4293 4291 4292 4297 4301 4299 4293 4291 4292 4297 4301 4299 4293 4291 4292 4297 4301 4299 4293 4291 4292 4297 4301 4299 4293 4291 4292] [59 20060 20060 20060 20060 20060 20060 10121 10121 10121 10121 10121 10121 10121 10121 10121 10121 10121 10121 10121 10121 10121 10121 10121 10121 10121 10121 10121 10121 10121 10121 10121 10121 10121 10121 10121 10121 10121 10121 10121 10121 10121 10121] [3 10 10 10 10 10 10 10 10 10 10 10 10 10 10 10 10 10 10 10 10 10 10 10 10 10 10 10 10 10 10 10 10 10 10 10 10 10 10 10 10 10 10] [4.2 0.8 0.8 0.8 0.8 0.8 0.8 -0 -0 -0 -0 -0 -0 -0 -0 -0 -0 -0 -0 -0 -0 -0 -0 -0 -0 -0 -0 -0 -0 -0 -0 -0 -0 -0 -0 -0 -0 -0 -0 -0 -0 -0 -0]]
CypD-x0453-pandda-model,[[1 1 1] [2 1 1] [3 1 1] [4 1 1] [5 1 1] [6 1 1] [7 1 1] [8 1 1] [9 1 1] [10 1 1] [11 1 1] [12 1 1] [13 1 1] [14 1 1] [15 1 1] [16 1 1] [17 1 1] [18 1 1] [19 1 1] [20 1 1] [21 1 1] [22 1 1] [23 1 1] [24 1 1] [25 1 1] [26 1 1] [27 1 1] [28 1 2] [29 1 2] [30 1 2] [31 1 2] [32 1 2] [33 1 2] [34 1 2] [35 1 2] [36 1 2] [37 1 2] [38 1 2] [39 1 2] [40 1 2] [41 1 2] [42 1 2] [43 1 2] [44 1 2] [45 1 2] [46 1 2] [47 1 2] [48 1 2] [49 1 2] [50 1 2] [51 1 2] [52 1 2] [53 1 2] [54 1 2]],[7 1078 71 2 2.9]
CypD-x0454-pandda-model,[[1 1 1] [2 1 1] [3 1 1] [4 1 1] [5 1 1] [6 1 1] [7 1 1] [8 1 1] [9 1 1] [10 1 1] [11 1 1] [12 1 1] [13 1 1] [14 1 1] [15 1 1] [16 1 1] [17 1 1] [18 1 1] [19 1 1] [20 1 1] [21 1 1] [22 1 1] [23 1 1] [24 1 1] [25 1 1] [26 1 1] [27 1 1] [28 1 1] [29 1 1] [30 1 1] [31 1 1]],[6 970 10063 2 4.4]
CypD-x0455-pandda-model,[[1 1 1] [2 1 1] [3 1 1] [4 1 1] [5 1 1] [6 1 1] [7 1 1] [8 1 1] [9 1 1] [10 1 1] [11 1 1] [12 1 1] [13 1 1] [14 1 1] [15 1 1] [16 1 1] [17 1 1] [18 1 1] [19 1 1] [20 1 1] [21 1 1] [22 1 1] [23 1 2] [24 1 2] [25 1 2] [26 1 2] [27 1 2] [28 1 2] [29 1 2] [30 1 2] [31 1 2] [32 1 2] [33 1 2] [34 1 2] [35 1 2] [36 1 2] [37 1 2] [38 1 2] [39 1 2] [40 1 2] [41 1 2] [42 1 2] [43 1 2] [44 1 2] [45 1 3] [46 1 3] [47 1 3] [48 1 3] [49 1 3] [50 1 3] [51 1 3] [52 1 3] [53 1 3] [54 1 3] [55 1 3] [56 1 3] [57 1 3] [58 1 3] [59 1 3] [60 1 3] [61 1 3] [62 1 3] [63 1 3] [64 1 3] [65 1 3] [66 1 3] [67 2 3] [68 2 3] [69 2 3] [70 2 3] [71 2 3] [72 2 3] [73 2 3] [74 2 3] [75 2 3] [76 2 3] [77 2 3] [78 2 3] [79 2 3] [80 2 3] [81 2 3] [82 2 3] [83 2 3] [84 2 3] [85 2 3] [86 2 3] [87 2 3] [88 2 3]],[[5 27 31 75 13 13 35 78 19 19 19 19 19 19] [1637 4070 3584 6511 846 970 3716 6506 1667 1670 1674 1676 1672 1668] [111 10107 10073 20102 55 63 10082 20102 113 113 113 113 113 113] [1 3 3 3 2 2 2 4 10 10 10 10 10 10] [2.2 3.8 0.6 1.1 1.9 3.3 0.7 1.5 0.7 0.7 0.7 0.7 0.7 0.7]]
CypD-x0456-pandda-model,[[1 1 1] [2 1 1] [3 1 1] [4 1 1] [5 1 1] [6 1 1] [7 1 1] [8 1 1] [9 1 1] [10 1 1] [11 1 1] [12 1 1] [13 1 1] [14 1 1] [15 1 1] [16 1 1] [17 1 1] [18 1 1] [19 1 1] [20 1 1] [21 1 1] [22 1 1] [23 1 1] [24 1 1] [25 1 1] [26 1 1] [27 1 1] [28 1 1] [29 1 1] [30 1 2] [31 1 2] [32 1 2] [33 1 2] [34 1 2] [35 1 2] [36 1 2] [37 1 2] [38 1 2] [39 1 2] [40 1 2] [41 1 2] [42 1 2] [43 1 2] [44 1 2] [45 1 2] [46 1 2] [47 1 2] [48 1 2] [49 1 2] [50 1 2] [51 1 2] [52 1 2] [53 1 2] [54 1 2] [55 1 2] [56 1 2] [57 1 2] [58 1 2] [59 2 2] [60 2 2] [61 2 2] [62 2 2] [63 2 2] [64 2 2] [65 2 2] [66 2 2] [67 2 2] [68 2 2] [69 2 2] [70 2 2] [71 2 2] [72 2 2] [73 2 2] [74 2 2] [75 2 2] [76 2 2] [77 2 2] [78 2 2] [79 2 2] [80 2 2] [81 2 2] [82 2 2] [83 2 2] [84 2 2] [85 2 2] [86 2 2] [87 2 2] [88 3 2] [89 3 2] [90 3 2] [91 3 2] [92 3 2] [93 3 2] [94 3 2] [95 3 2] [96 3 2] [97 3 2] [98 3 2] [99 3 2] [100 3 2] [101 3 2] [102 3 2] [103 3 2] [104 3 2] [105 3 2] [106 3 2] [107 3 2] [108 3 2] [109 3 2] [110 3 2] [111 3 2] [112 3 2] [113 3 2] [114 3 2] [115 3 2] [116 3 2] [117 1 3] [118 1 3] [119 1 3] [120 1 3] [121 1 3] [122 1 3] [123 1 3] [124 1 3] [125 1 3] [126 1 3] [127 1 3] [128 1 3] [129 1 3] [130 1 3] [131 1 3] [132 1 3] [133 1 3] [134 1 3] [135 1 3] [136 1 3] [137 1 3] [138 1 3] [139 1 3] [140 1 3] [141 1 3] [142 1 3] [143 1 3] [144 1 3] [145 1 3]],[[63 38 92 88 88 88 88 88 142 142 142 142 142 9 24 26 28 13 23 9 24 26 28 13 23 38 53 55 57 42 52 125 140 142 144 129 139] [3229 2877 4720 6792 6793 6796 6790 6789 4293 4296 4290 4289 4292 1352 1352 1352 1352 1352 1352 1356 1356 1356 1356 1356 1356 3846 3846 3846 3846 3846 3846 7218 7218 7218 7218 7218 7218] [10049 10025 10148 20121 20121 20121 20121 20121 10121 10121 10121 10121 10121 90 90 90 90 90 90 90 90 90 90 90 90 10090 10090 10090 10090 10090 10090 20148 20148 20148 20148 20148 20148] [3 2 2 10 10 10 10 10 10 10 10 10 10 10 10 10 10 10 10 10 10 10 10 10 10 10 10 10 10 10 10 10 10 10 10 10 10] [1.8 0.8 7.4 0.8 0.8 0.8 0.8 0.8 0.6 0.6 0.6 0.6 0.6 0.7 0.7 0.7 0.7 0.7 0.7 0.7 0.7 0.7 0.7 0.7 0.7 0.9 0.9 0.9 0.9 0.9 0.9 1 1 1 1 1 1]]
CypD-x0458-pandda-model,[[1 1 1] [2 1 1] [3 1 1] [4 1 1] [5 1 1] [6 1 1] [7 1 1] [8 1 1] [9 1 1] [10 1 1] [11 1 1] [12 1 1] [13 1 1] [14 1 1] [15 1 1] [16 1 1] [17 1 1] [18 1 1] [19 1 1] [20 1 1] [21 1 1] [22 1 1] [23 1 1] [24 1 1] [25 1 1] [26 1 1] [27 1 1] [28 1 1] [29 1 1] [30 1 1] [31 1 1] [32 1 1]],[[2 1 13 11 9 8 5] [1365 1356 1356 1356 1356 1356 1356] [10091 10090 10090 10090 10090 10090 10090] [3 10 10 10 10 10 10] [1.5 0.9 0.9 0.9 0.9 0.9 0.9]]
CypD-x0459-pandda-model,[[1 1 1] [2 1 1] [3 1 1] [4 1 1] [5 1 1] [6 1 1] [7 1 1] [8 1 1] [9 1 1] [10 1 1] [11 1 1] [12 1 1] [13 1 1] [14 1 1] [15 1 1] [16 1 1] [17 1 1] [18 1 1] [19 1 1] [20 1 1] [21 1 1] [22 1 1] [23 1 1] [24 1 1] [25 1 1] [26 1 1] [27 1 1]],[[14 20 18 16 15] [1263 1263 1263 1263 1263] [84 84 84 84 84] [10 10 10 10 10] [0.7 0.7 0.7 0.7 0.7]]
CypD-x0460-pandda-model,[[1 1 1] [2 1 1] [3 1 1] [4 1 1] [5 1 1] [6 1 1] [7 1 1] [8 1 1] [9 1 1] [10 1 1] [11 1 1] [12 1 1] [13 1 1] [14 1 1] [15 1 1] [16 1 1] [17 1 1] [18 1 1] [19 1 1] [20 1 1] [21 1 1] [22 1 1] [23 1 1] [24 1 1] [25 1 1] [26 1 1] [27 1 1] [28 1 1] [29 1 1] [30 1 1] [31 1 1] [32 1 1] [33 1 1] [34 1 1] [35 1 1] [36 1 2] [37 1 2] [38 1 2] [39 1 2] [40 1 2] [41 1 2] [42 1 2] [43 1 2] [44 1 2] [45 1 2] [46 1 2] [47 1 2] [48 1 2] [49 1 2] [50 1 2] [51 1 2] [52 1 2] [53 1 2] [54 1 2] [55 1 2] [56 1 2] [57 1 2] [58 1 2] [59 1 2] [60 1 2] [61 1 2] [62 1 2] [63 1 2] [64 1 2] [65 1 2] [66 1 2] [67 1 2] [68 1 2] [69 1 2] [70 1 2]],[[5 40 11 42 46 46] [1521 4022 1516 3471 4017 4388] [10102 20102 10102 20063 20102 20126] [3 3 4 2 4 2] [2.2 2.3 5.1 1.8 3.7 0.7]]
CypD-x0461-pandda-model,[[1 1 1] [2 1 1] [3 1 1] [4 1 1] [5 1 1] [6 1 1] [7 1 1] [8 1 1] [9 1 1] [10 1 1] [11 1 1] [12 1 1] [13 1 1] [14 1 1] [15 1 1] [16 1 1] [17 1 1] [18 1 1] [19 1 1] [20 1 1] [21 1 1] [22 1 1] [23 1 2] [24 1 2] [25 1 2] [26 1 2] [27 1 2] [28 1 2] [29 1 2] [30 1 2] [31 1 2] [32 1 2] [33 1 2] [34 1 2] [35 1 2] [36 1 2] [37 1 2] [38 1 2] [39 1 2] [40 1 2] [41 1 2] [42 1 2] [43 1 2] [44 1 2]],[[6 28 11 17 19 21 13 11 17 19 21 13] [1360 3850 1352 1352 1352 1352 1352 1356 1356 1356 1356 1356] [91 10091 90 90 90 90 90 90 90 90 90 90] [4 4 10 10 10 10 10 10 10 10 10 10] [3.4 4.7 0.7 0.7 0.7 0.7 0.7 0.6 0.6 0.6 0.6 0.6]]
CypD-x0465-pandda-model,[[1 1 1] [2 1 1] [3 1 1] [4 1 1] [5 1 1] [6 1 1] [7 1 1] [8 1 1] [9 1 1] [10 1 1] [11 1 1] [12 1 1] [13 1 1] [14 1 1] [15 1 1] [16 1 1] [17 1 1] [18 1 1] [19 1 1] [20 1 1] [21 1 1] [22 1 1] [23 1 1] [24 1 1] [25 1 1] [26 1 1] [27 1 1] [28 1 1] [29 1 1] [30 1 1] [31 1 1]],[9 970 10063 2 1.1]
CypD-x0468-pandda-model,[[1 1 1] [2 1 1] [3 1 1] [4 1 1] [5 1 1] [6 1 1] [7 1 1] [8 1 1] [9 1 1] [10 1 1] [11 1 1] [12 1 1] [13 1 1] [14 1 1] [15 1 1] [16 1 1] [17 1 1] [18 1 1] [19 1 1] [20 1 1] [21 1 1] [22 1 1] [23 1 1] [24 1 1] [25 1 1] [26 1 1] [27 1 1] [28 1 1] [29 1 1] [30 2 1] [31 2 1] [32 2 1] [33 2 1] [34 2 1] [35 2 1] [36 2 1] [37 2 1] [38 2 1] [39 2 1] [40 2 1] [41 2 1] [42 2 1] [43 2 1] [44 2 1] [45 2 1] [46 2 1] [47 2 1] [48 2 1] [49 2 1] [50 2 1] [51 2 1] [52 2 1] [53 2 1] [54 2 1] [55 2 1] [56 2 1] [57 2 1] [58 2 1]],[4 2300 153 2 1.7]
CypD-x0470-pandda-model,[[1 1 1] [2 1 1] [3 1 1] [4 1 1] [5 1 1] [6 1 1] [7 1 1] [8 1 1] [9 1 1] [10 1 1] [11 1 1] [12 1 1] [13 1 1] [14 1 1] [15 1 1] [16 1 1] [17 1 1] [18 1 1] [19 1 1] [20 1 1] [21 1 1] [22 1 1] [23 1 1] [24 1 1] [25 1 1] [26 2 1] [27 2 1] [28 2 1] [29 2 1] [30 2 1] [31 2 1] [32 2 1] [33 2 1] [34 2 1] [35 2 1] [36 2 1] [37 2 1] [38 2 1] [39 2 1] [40 2 1] [41 2 1] [42 2 1] [43 2 1] [44 2 1] [45 2 1] [46 2 1] [47 2 1] [48 2 1] [49 2 1] [50 2 1] [51 3 1] [52 3 1] [53 3 1] [54 3 1] [55 3 1] [56 3 1] [57 3 1] [58 3 1] [59 3 1] [60 3 1] [61 3 1] [62 3 1] [63 3 1] [64 3 1] [65 3 1] [66 3 1] [67 3 1] [68 3 1] [69 3 1] [70 3 1] [71 3 1] [72 3 1] [73 3 1] [74 3 1] [75 3 1] [76 1 2] [77 1 2] [78 1 2] [79 1 2] [80 1 2] [81 1 2] [82 1 2] [83 1 2] [84 1 2] [85 1 2] [86 1 2] [87 1 2] [88 1 2] [89 1 2] [90 1 2] [91 1 2] [92 1 2] [93 1 2] [94 1 2] [95 1 2] [96 1 2] [97 1 2] [98 1 2] [99 1 2] [100 1 2] [101 1 3] [102 1 3] [103 1 3] [104 1 3] [105 1 3] [106 1 3] [107 1 3] [108 1 3] [109 1 3] [110 1 3] [111 1 3] [112 1 3] [113 1 3] [114 1 3] [115 1 3] [116 1 3] [117 1 3] [118 1 3] [119 1 3] [120 1 3] [121 1 3] [122 1 3] [123 1 3] [124 1 3] [125 1 3]],[[55 80 113 11 11 36 57 111 30 30 30 30 30 30] [1551 4770 5341 1610 1621 480 4061 5380 1178 1181 1185 1187 1183 1179] [105 10152 20023 110 111 31 10106 20025 79 79 79 79 79 79] [3 3 1 4 4 2 2 2 10 10 10 10 10 10] [5.8 3.8 6.4 5.2 5.3 9.3 3.6 5 1.3 1.3 1.3 1.3 1.3 1.3]]
CypD-x0473-pandda-model,[[1 1 1] [2 1 1] [3 1 1] [4 1 1] [5 1 1] [6 1 1] [7 1 1] [8 1 1] [9 1 1] [10 1 1] [11 1 1] [12 1 1] [13 1 1] [14 1 1] [15 1 1] [16 1 1] [17 1 1] [18 1 1] [19 1 1] [20 1 1] [21 1 1] [22 1 1] [23 1 1] [24 1 1] [25 1 1] [26 1 1] [27 1 1] [28 1 1] [29 1 1]],[[] [] [] [] []]
CypD-x0475-pandda-model,[[1 1 1] [2 1 1] [3 1 1] [4 1 1] [5 1 1] [6 1 1] [7 1 1] [8 1 1] [9 1 1] [10 1 1] [11 1 1] [12 1 1] [13 1 1] [14 1 1] [15 1 1] [16 1 1] [17 1 1] [18 1 1] [19 1 1] [20 1 1] [21 1 1] [22 1 1] [23 1 1] [24 1 1] [25 2 1] [26 2 1] [27 2 1] [28 2 1] [29 2 1] [30 2 1] [31 2 1] [32 2 1] [33 2 1] [34 2 1] [35 2 1] [36 2 1] [37 2 1] [38 2 1] [39 2 1] [40 2 1] [41 2 1] [42 2 1] [43 2 1] [44 2 1] [45 2 1] [46 2 1] [47 2 1] [48 2 1]],[[7 9 31 33 9 33 32 42 41 39 37 34] [1360 3254 480 480 3254 480 1263 1263 1263 1263 1263 1263] [91 20049 31 31 20049 31 84 84 84 84 84 84] [4 2 2 2 7 7 10 10 10 10 10 10] [3.5 21.9 3.8 8.2 6.770348642 7.276078584 1.6 1.6 1.6 1.6 1.6 1.6]]
CypD-x0478-pandda-model,[[1 1 1] [2 1 1] [3 1 1] [4 1 1] [5 1 1] [6 1 1] [7 1 1] [8 1 1] [9 1 1] [10 1 1] [11 1 1] [12 1 1] [13 1 1] [14 1 1] [15 1 1] [16 1 1] [17 1 1] [18 1 1] [19 1 1] [20 1 1] [21 1 1] [22 1 1] [23 1 1] [24 1 1] [25 1 1] [26 1 1] [27 1 1] [28 1 1] [29 1 1] [30 1 1] [31 1 1] [32 1 1] [33 1 1] [34 1 2] [35 1 2] [36 1 2] [37 1 2] [38 1 2] [39 1 2] [40 1 2] [41 1 2] [42 1 2] [43 1 2] [44 1 2] [45 1 2] [46 1 2] [47 1 2] [48 1 2] [49 1 2] [50 1 2] [51 1 2] [52 1 2] [53 1 2] [54 1 2] [55 1 2] [56 1 2] [57 1 2] [58 1 2] [59 1 2] [60 1 2] [61 1 2] [62 1 2] [63 1 2] [64 1 2] [65 1 2] [66 1 2] [67 1 3] [68 1 3] [69 1 3] [70 1 3] [71 1 3] [72 1 3] [73 1 3] [74 1 3] [75 1 3] [76 1 3] [77 1 3] [78 1 3] [79 1 3] [80 1 3] [81 1 3] [82 1 3] [83 1 3] [84 1 3] [85 1 3] [86 1 3] [87 1 3] [88 1 3] [89 1 3] [90 1 3] [91 1 3] [92 1 3] [93 1 3] [94 1 3] [95 1 3] [96 1 3] [97 1 3] [98 1 3] [99 1 3]],[[8 49 74 85 7 7 12 40 73] [1109 3605 6568 6097 1223 1226 1226 3715 6214] [74 10075 20107 20074 82 82 82 10082 20082] [3 3 3 3 2 2 2 2 2] [0.7 0.6 0.5 0.9 7.6 4.4 2.4 4.3 8.5]]
CypD-x0483-pandda-model,[[1 1 1] [2 1 1] [3 1 1] [4 1 1] [5 1 1] [6 1 1] [7 1 1] [8 1 1] [9 1 1] [10 1 1] [11 1 1] [12 1 1] [13 1 1] [14 1 1] [15 1 1] [16 1 1] [17 1 1] [18 1 1] [19 1 1] [20 1 1] [21 1 1] [22 1 1] [23 1 1] [24 1 1] [25 1 1] [26 1 1] [27 1 1] [28 1 1] [29 1 1] [30 2 1] [31 2 1] [32 2 1] [33 2 1] [34 2 1] [35 2 1] [36 2 1] [37 2 1] [38 2 1] [39 2 1] [40 2 1] [41 2 1] [42 2 1] [43 2 1] [44 2 1] [45 2 1] [46 2 1] [47 2 1] [48 2 1] [49 2 1] [50 2 1] [51 2 1] [52 2 1] [53 2 1] [54 2 1] [55 2 1] [56 2 1] [57 2 1] [58 2 1] [59 1 2] [60 1 2] [61 1 2] [62 1 2] [63 1 2] [64 1 2] [65 1 2] [66 1 2] [67 1 2] [68 1 2] [69 1 2] [70 1 2] [71 1 2] [72 1 2] [73 1 2] [74 1 2] [75 1 2] [76 1 2] [77 1 2] [78 1 2] [79 1 2] [80 1 2] [81 1 2] [82 1 2] [83 1 2] [84 1 2] [85 1 2] [86 1 2] [87 1 2] [88 2 2] [89 2 2] [90 2 2] [91 2 2] [92 2 2] [93 2 2] [94 2 2] [95 2 2] [96 2 2] [97 2 2] [98 2 2] [99 2 2] [100 2 2] [101 2 2] [102 2 2] [103 2 2] [104 2 2] [105 2 2] [106 2 2] [107 2 2] [108 2 2] [109 2 2] [110 2 2] [111 2 2] [112 2 2] [113 2 2] [114 2 2] [115 2 2] [116 2 2] [117 3 2] [118 3 2] [119 3 2] [120 3 2] [121 3 2] [122 3 2] [123 3 2] [124 3 2] [125 3 2] [126 3 2] [127 3 2] [128 3 2] [129 3 2] [130 3 2] [131 3 2] [132 3 2] [133 3 2] [134 3 2] [135 3 2] [136 3 2] [137 3 2] [138 3 2] [139 3 2] [140 3 2] [141 3 2] [142 3 2] [143 3 2] [144 3 2] [145 3 2]],[[8 95 7 36 65 94 123] [1332 3823 1360 480 4717 3851 2968] [89 10089 91 31 10148 10091 10031] [3 3 4 2 2 4 2] [2.2 1.4 3.4 7.7 0.8 3.5 1]]
CypD-x0490-pandda-model,[[1 1 1] [2 1 1] [3 1 1] [4 1 1] [5 1 1] [6 1 1] [7 1 1] [8 1 1] [9 1 1] [10 1 1] [11 1 1] [12 1 1] [13 1 1] [14 1 1] [15 1 1] [16 1 1] [17 1 1] [18 1 1] [19 1 1] [20 1 1] [21 1 1] [22 1 1] [23 1 1] [24 1 1] [25 1 1] [26 1 1] [27 2 1] [28 2 1] [29 2 1] [30 2 1] [31 2 1] [32 2 1] [33 2 1] [34 2 1] [35 2 1] [36 2 1] [37 2 1] [38 2 1] [39 2 1] [40 2 1] [41 2 1] [42 2 1] [43 2 1] [44 2 1] [45 2 1] [46 2 1] [47 2 1] [48 2 1] [49 2 1] [50 2 1] [51 2 1] [52 1 2] [53 1 2] [54 1 2] [55 1 2] [56 1 2] [57 1 2] [58 1 2] [59 1 2] [60 1 2] [61 1 2] [62 1 2] [63 1 2] [64 1 2] [65 1 2] [66 1 2] [67 1 2] [68 1 2] [69 1 2] [70 1 2] [71 1 2] [72 1 2] [73 1 2] [74 1 2] [75 1 2] [76 1 2] [77 2 2] [78 2 2] [79 2 2] [80 2 2] [81 2 2] [82 2 2] [83 2 2] [84 2 2] [85 2 2] [86 2 2] [87 2 2] [88 2 2] [89 2 2] [90 2 2] [91 2 2] [92 2 2] [93 2 2] [94 2 2] [95 2 2] [96 2 2] [97 2 2] [98 2 2] [99 2 2] [100 2 2] [101 2 2] [102 3 2] [103 3 2] [104 3 2] [105 3 2] [106 3 2] [107 3 2] [108 3 2] [109 3 2] [110 3 2] [111 3 2] [112 3 2] [113 3 2] [114 3 2] [115 3 2] [116 3 2] [117 3 2] [118 3 2] [119 3 2] [120 3 2] [121 3 2] [122 3 2] [123 3 2] [124 3 2] [125 3 2] [126 3 2]],[[14 65 65 65 65 65 65 115 115 115 115 115 115 111 125 114 123 121] [2205 5883 5886 5890 5892 5888 5884 3383 3386 3390 3392 3388 3384 7186 7186 7186 7186 7186] [148 20060 20060 20060 20060 20060 20060 10060 10060 10060 10060 10060 10060 20148 20148 20148 20148 20148] [2 10 10 10 10 10 10 10 10 10 10 10 10 10 10 10 10 10] [4.4 0.7 0.7 0.7 0.7 0.7 0.7 0.8 0.8 0.8 0.8 0.8 0.8 0.5 0.5 0.5 0.5 0.5]]
CypD-x0498-pandda-model,[[1 1 1] [2 1 1] [3 1 1] [4 1 1] [5 1 1] [6 1 1] [7 1 1] [8 1 1] [9 1 1] [10 1 1] [11 1 1] [12 1 1] [13 1 1] [14 1 1] [15 1 1] [16 1 1] [17 1 1] [18 1 1] [19 1 1] [20 1 1] [21 1 1] [22 2 1] [23 2 1] [24 2 1] [25 2 1] [26 2 1] [27 2 1] [28 2 1] [29 2 1] [30 2 1] [31 2 1] [32 2 1] [33 2 1] [34 2 1] [35 2 1] [36 2 1] [37 2 1] [38 2 1] [39 2 1] [40 2 1] [41 2 1] [42 2 1] [43 3 1] [44 3 1] [45 3 1] [46 3 1] [47 3 1] [48 3 1] [49 3 1] [50 3 1] [51 3 1] [52 3 1] [53 3 1] [54 3 1] [55 3 1] [56 3 1] [57 3 1] [58 3 1] [59 3 1] [60 3 1] [61 3 1] [62 3 1] [63 3 1] [64 1 2] [65 1 2] [66 1 2] [67 1 2] [68 1 2] [69 1 2] [70 1 2] [71 1 2] [72 1 2] [73 1 2] [74 1 2] [75 1 2] [76 1 2] [77 1 2] [78 1 2] [79 1 2] [80 1 2] [81 1 2] [82 1 2] [83 1 2] [84 1 2] [85 2 2] [86 2 2] [87 2 2] [88 2 2] [89 2 2] [90 2 2] [91 2 2] [92 2 2] [93 2 2] [94 2 2] [95 2 2] [96 2 2] [97 2 2] [98 2 2] [99 2 2] [100 2 2] [101 2 2] [102 2 2] [103 2 2] [104 2 2] [105 2 2] [106 1 3] [107 1 3] [108 1 3] [109 1 3] [110 1 3] [111 1 3] [112 1 3] [113 1 3] [114 1 3] [115 1 3] [116 1 3] [117 1 3] [118 1 3] [119 1 3] [120 1 3] [121 1 3] [122 1 3] [123 1 3] [124 1 3] [125 1 3] [126 1 3]],[[8 10 29 31 92 94 113 8 10 29 31 92 94 113 115 36 36 36 36 36 36 30 40 38 36 34 32 9 19 17 15 13 11 9 19 17 15 13 11 93 103 101 99 97 95 72 82 80 78 76 74 114 124 122 120 118 116] [390 390 480 480 2970 2970 5381 390 390 480 480 2970 2970 5381 5381 1178 1181 1185 1187 1183 1179 474 474 474 474 474 474 1352 1352 1352 1352 1352 1352 1356 1356 1356 1356 1356 1356 3728 3728 3728 3728 3728 3728 3842 3842 3842 3842 3842 3842 6347 6347 6347 6347 6347 6347] [25 25 31 31 10031 10031 20025 25 25 31 31 10031 10031 20025 20025 79 79 79 79 79 79 31 31 31 31 31 31 90 90 90 90 90 90 90 90 90 90 90 90 10083 10083 10083 10083 10083 10083 10090 10090 10090 10090 10090 10090 20090 20090 20090 20090 20090 20090] [2 2 2 2 2 2 2 7 7 7 7 7 7 7 7 10 10 10 10 10 10 10 10 10 10 10 10 10 10 10 10 10 10 10 10 10 10 10 10 10 10 10 10 10 10 10 10 10 10 10 10 10 10 10 10 10 10] [2 13.3 10 11.6 16.8 9.6 16.7 6.491473091 6.538154993 7.592010424 7.292014299 6.663978909 7.724408162 6.869172792 4.109059176 0.6 0.6 0.6 0.6 0.6 0.6 0.7 0.7 0.7 0.7 0.7 0.7 0.6 0.6 0.6 0.6 0.6 0.6 0.6 0.6 0.6 0.6 0.6 0.6 0.5 0.5 0.5 0.5 0.5 0.5 0.5 0.5 0.5 0.5 0.5 0.5 0.5 0.5 0.5 0.5 0.5 0.5]]
CypD-x0501-pandda-model,[[1 1 1] [2 1 1] [3 1 1] [4 1 1] [5 1 1] [6 1 1] [7 1 1] [8 1 1] [9 1 1] [10 1 1] [11 1 1] [12 1 1] [13 1 1] [14 1 1] [15 1 1] [16 1 1] [17 1 1] [18 1 1] [19 1 1] [20 1 1] [21 1 1] [22 1 1] [23 1 1] [24 1 1] [25 1 1] [26 1 1]],[[6 6 16] [843 3346 4305] [10055 20055 20121] [2 2 2] [3.1 3.6 4.4]]
CypD-x0502-pandda-model,[[1 1 1] [2 1 1] [3 1 1] [4 1 1] [5 1 1] [6 1 1] [7 1 1] [8 1 1] [9 1 1] [10 1 1] [11 1 1] [12 1 1] [13 1 1] [14 1 1] [15 1 1] [16 1 1] [17 1 1] [18 1 1] [19 1 1] [20 1 1] [21 1 1] [22 1 1] [23 1 1] [24 1 1] [25 1 1] [26 1 1] [27 1 1] [28 1 1] [29 1 1] [30 1 1] [31 1 2] [32 1 2] [33 1 2] [34 1 2] [35 1 2] [36 1 2] [37 1 2] [38 1 2] [39 1 2] [40 1 2] [41 1 2] [42 1 2] [43 1 2] [44 1 2] [45 1 2] [46 1 2] [47 1 2] [48 1 2] [49 1 2] [50 1 2] [51 1 2] [52 1 2] [53 1 2] [54 1 2] [55 1 2] [56 1 2] [57 1 2] [58 1 2] [59 1 2] [60 1 2]],[[39 7 37 17 25 24 22 20 18] [3822 1360 3850 1356 1356 1356 1356 1356 1356] [10089 91 10091 90 90 90 90 90 90] [3 4 4 10 10 10 10 10 10] [4.3 3.8 4.7 0.6 0.6 0.6 0.6 0.6 0.6]]
CypD-x0503-pandda-model,[[1 1 1] [2 1 1] [3 1 1] [4 1 1] [5 1 1] [6 1 1] [7 1 1] [8 1 1] [9 1 1] [10 1 1] [11 1 1] [12 1 1] [13 1 1] [14 1 1] [15 1 1] [16 1 1] [17 1 1] [18 1 1] [19 1 1] [20 1 1] [21 1 1] [22 1 1] [23 1 1] [24 1 2] [25 1 2] [26 1 2] [27 1 2] [28 1 2] [29 1 2] [30 1 2] [31 1 2] [32 1 2] [33 1 2] [34 1 2] [35 1 2] [36 1 2] [37 1 2] [38 1 2] [39 1 2] [40 1 2] [41 1 2] [42 1 2] [43 1 2] [44 1 2] [45 1 2] [46 1 2] [47 2 2] [48 2 2] [49 2 2] [50 2 2] [51 2 2] [52 2 2] [53 2 2] [54 2 2] [55 2 2] [56 2 2] [57 2 2] [58 2 2] [59 2 2] [60 2 2] [61 2 2] [62 2 2] [63 2 2] [64 2 2] [65 2 2] [66 2 2] [67 2 2] [68 2 2] [69 2 2]],[[11 13 13 29 29 34 34 36 56 57 59 59 6 11 29 29 34 34 22 22 22 22 22] [1870 843 846 3331 3337 3331 4737 5837 3334 4296 3337 5837 1870 1870 3331 3337 3331 3337 1888 1890 1884 1883 1886] [125 55 55 10055 10055 10055 10150 20055 10055 10121 10055 20055 125 125 10055 10055 10055 10055 126 126 126 126 126] [2 2 2 2 2 2 4 2 2 2 2 2 7 7 7 7 7 7 10 10 10 10 10] [16.2 2.2 6.8 2.5 3.3 8 1.1 4.6 1.6 6.6 5.6 1.8 0.6233410842 7.001648952 4.182475211 6.503516004 6.677645355 2.419242153 0.5 0.5 0.5 0.5 0.5]]
CypD-x0504-pandda-model,[[1 1 1] [2 1 1] [3 1 1] [4 1 1] [5 1 1] [6 1 1] [7 1 1] [8 1 1] [9 1 1] [10 1 1] [11 1 1] [12 1 1] [13 1 1] [14 1 1] [15 1 1] [16 1 1] [17 1 1] [18 1 1] [19 1 1] [20 1 1] [21 1 1] [22 1 1] [23 1 1] [24 1 1] [25 1 1] [26 1 1]],[[20 7 7] [4081 1078 3730] [20107 10071 20082] [3 2 2] [0.5 1.8 1]]
CypD-x0505-pandda-model,[[1 1 1] [2 1 1] [3 1 1] [4 1 1] [5 1 1] [6 1 1] [7 1 1] [8 1 1] [9 1 1] [10 1 1] [11 1 1] [12 1 1] [13 1 1] [14 1 1] [15 1 1] [16 1 1] [17 1 1] [18 1 1] [19 1 1] [20 1 1] [21 1 1] [22 1 1] [23 1 1] [24 1 1] [25 1 2] [26 1 2] [27 1 2] [28 1 2] [29 1 2] [30 1 2] [31 1 2] [32 1 2] [33 1 2] [34 1 2] [35 1 2] [36 1 2] [37 1 2] [38 1 2] [39 1 2] [40 1 2] [41 1 2] [42 1 2] [43 1 2] [44 1 2] [45 1 2] [46 1 2] [47 1 2] [48 1 2] [49 1 3] [50 1 3] [51 1 3] [52 1 3] [53 1 3] [54 1 3] [55 1 3] [56 1 3] [57 1 3] [58 1 3] [59 1 3] [60 1 3] [61 1 3] [62 1 3] [63 1 3] [64 1 3] [65 1 3] [66 1 3] [67 1 3] [68 1 3] [69 1 3] [70 1 3] [71 1 3] [72 1 3]],[[5 29 53 10 14 34 38 57 62 69 69 69 69 69 69 33 41 42 44 40 57 65 66 68 64] [1521 4010 6510 1516 970 4005 3459 6505 5959 6657 6661 6665 6663 6659 6656 4025 4025 4025 4025 4025 6497 6497 6497 6497 6497] [102 10102 20102 102 63 10102 10063 20102 20063 20113 20113 20113 20113 20113 20113 10103 10103 10103 10103 10103 20101 20101 20101 20101 20101] [3 3 3 4 2 4 2 4 2 10 10 10 10 10 10 10 10 10 10 10 10 10 10 10 10] [2.2 2.8 3.4 3.1 2.1 3.9 2.6 1.4 1.9 0.6 0.6 0.6 0.6 0.6 0.6 0.5 0.5 0.5 0.5 0.5 0.5 0.5 0.5 0.5 0.5]]
CypD-x0508-pandda-model,[[1 1 1] [2 1 1] [3 1 1] [4 1 1] [5 1 1] [6 1 1] [7 1 1] [8 1 1] [9 1 1] [10 1 1] [11 1 1] [12 1 1] [13 1 1] [14 1 1] [15 1 1] [16 1 1] [17 1 1] [18 1 1] [19 1 1] [20 1 1] [21 1 1] [22 1 1] [23 1 1] [24 1 1] [25 1 1] [26 1 1] [27 1 2] [28 1 2] [29 1 2] [30 1 2] [31 1 2] [32 1 2] [33 1 2] [34 1 2] [35 1 2] [36 1 2] [37 1 2] [38 1 2] [39 1 2] [40 1 2] [41 1 2] [42 1 2] [43 1 2] [44 1 2] [45 1 2] [46 1 2] [47 1 2] [48 1 2] [49 1 2] [50 1 2] [51 1 2] [52 1 2] [53 2 2] [54 2 2] [55 2 2] [56 2 2] [57 2 2] [58 2 2] [59 2 2] [60 2 2] [61 2 2] [62 2 2] [63 2 2] [64 2 2] [65 2 2] [66 2 2] [67 2 2] [68 2 2] [69 2 2] [70 2 2] [71 2 2] [72 2 2] [73 2 2] [74 2 2] [75 2 2] [76 2 2] [77 2 2] [78 2 2] [79 3 2] [80 3 2] [81 3 2] [82 3 2] [83 3 2] [84 3 2] [85 3 2] [86 3 2] [87 3 2] [88 3 2] [89 3 2] [90 3 2] [91 3 2] [92 3 2] [93 3 2] [94 3 2] [95 3 2] [96 3 2] [97 3 2] [98 3 2] [99 3 2] [100 3 2] [101 3 2] [102 3 2] [103 3 2] [104 3 2] [105 1 3] [106 1 3] [107 1 3] [108 1 3] [109 1 3] [110 1 3] [111 1 3] [112 1 3] [113 1 3] [114 1 3] [115 1 3] [116 1 3] [117 1 3] [118 1 3] [119 1 3] [120 1 3] [121 1 3] [122 1 3] [123 1 3] [124 1 3] [125 1 3] [126 1 3] [127 1 3] [128 1 3] [129 1 3] [130 1 3]],[[7 33 111 18 18 18 18 18 18 20 22 24 26 17 43 52 50 48 46 44 61 69 78 62 63 69 78 76 74 72 70 113 121 130 114 115] [1360 3849 6350 1958 1960 1962 1964 1959 1352 1352 1352 1352 1352 1352 3841 3841 3841 3841 3841 3841 4821 4821 4821 4821 4821 4827 4827 4827 4827 4827 4827 6346 6346 6346 6346 6346] [91 10091 20091 131 131 131 131 131 90 90 90 90 90 90 10090 10090 10090 10090 10090 10090 10155 10155 10155 10155 10155 10155 10155 10155 10155 10155 10155 20090 20090 20090 20090 20090] [4 4 4 10 10 10 10 10 10 10 10 10 10 10 10 10 10 10 10 10 10 10 10 10 10 10 10 10 10 10 10 10 10 10 10 10] [6.6 6.1 4.6 0.5 0.5 0.5 0.5 0.5 0.6 0.6 0.6 0.6 0.6 0.6 0.5 0.5 0.5 0.5 0.5 0.5 0.8 0.8 0.8 0.8 0.8 0.8 0.8 0.8 0.8 0.8 0.8 0.5 0.5 0.5 0.5 0.5]]
CypD-x0510-pandda-model,[[1 1 1] [2 1 1] [3 1 1] [4 1 1] [5 1 1] [6 1 1] [7 1 1] [8 1 1] [9 1 1] [10 1 1] [11 1 1] [12 1 1] [13 1 1] [14 1 1] [15 1 1] [16 1 1] [17 1 1] [18 1 1] [19 1 1] [20 1 1] [21 1 1] [22 1 1] [23 1 1] [24 1 1] [25 1 1]],[6 7264 20151 2 5.1]
CypD-x0512-pandda-model,[[1 1 1] [2 1 1] [3 1 1] [4 1 1] [5 1 1] [6 1 1] [7 1 1] [8 1 1] [9 1 1] [10 1 1] [11 1 1] [12 1 1] [13 1 1] [14 1 1] [15 1 1] [16 1 1] [17 1 1] [18 1 1] [19 1 1] [20 1 1] [21 1 1] [22 1 1] [23 1 1] [24 1 1] [25 1 1] [26 1 1] [27 1 1] [28 1 1] [29 1 2] [30 1 2] [31 1 2] [32 1 2] [33 1 2] [34 1 2] [35 1 2] [36 1 2] [37 1 2] [38 1 2] [39 1 2] [40 1 2] [41 1 2] [42 1 2] [43 1 2] [44 1 2] [45 1 2] [46 1 2] [47 1 2] [48 1 2] [49 1 2] [50 1 2] [51 1 2] [52 1 2] [53 1 2] [54 1 2] [55 1 2] [56 1 2]],[[29 7 18 35 42 46 14 18 42 46] [5802 7262 1866 7265 7256 4358 1869 1869 7256 4358] [20054 20151 125 20152 20151 10125 125 125 20151 10125] [3 2 2 4 2 2 7 7 7 7] [0.5 4 2.3 4.2 3.5 14.4 0.9136248084 0.500148034 4.828107304 5.626989029]]
CypD-x0515-pandda-model,[[1 1 1] [2 1 1] [3 1 1] [4 1 1] [5 1 1] [6 1 1] [7 1 1] [8 1 1] [9 1 1] [10 1 1] [11 1 1] [12 1 1] [13 1 1] [14 1 1] [15 1 1] [16 1 1] [17 1 1] [18 1 1] [19 1 1] [20 1 1] [21 1 1] [22 1 1] [23 1 1] [24 1 1] [25 1 2] [26 1 2] [27 1 2] [28 1 2] [29 1 2] [30 1 2] [31 1 2] [32 1 2] [33 1 2] [34 1 2] [35 1 2] [36 1 2] [37 1 2] [38 1 2] [39 1 2] [40 1 2] [41 1 2] [42 1 2] [43 1 2] [44 1 2] [45 1 2] [46 1 2] [47 1 2] [48 1 2] [49 1 3] [50 1 3] [51 1 3] [52 1 3] [53 1 3] [54 1 3] [55 1 3] [56 1 3] [57 1 3] [58 1 3] [59 1 3] [60 1 3] [61 1 3] [62 1 3] [63 1 3] [64 1 3] [65 1 3] [66 1 3] [67 1 3] [68 1 3] [69 1 3] [70 1 3] [71 1 3] [72 1 3]],[[13 37 54 56 56 61 61 13 37 56 56 56 61 61 39 39 39 39 39 39 14 23 21 19 17 15 38 47 45 43 41 39] [480 2971 3331 3337 5837 5831 5837 480 2971 3337 5831 5837 5831 5837 3670 3674 3678 3676 3672 3669 1263 1263 1263 1263 1263 1263 3754 3754 3754 3754 3754 3754] [31 10031 10055 10055 20055 20055 20055 31 10031 10055 20055 20055 20055 20055 10079 10079 10079 10079 10079 10079 84 84 84 84 84 84 10084 10084 10084 10084 10084 10084] [2 2 2 2 2 2 2 7 7 7 7 7 7 7 10 10 10 10 10 10 10 10 10 10 10 10 10 10 10 10 10 10] [16.2 17.5 3.5 11.5 4.9 5.3 9.1 7.036552624 7.03391064 6.645696423 0.5068721023 5.294576924 6.406985208 6.814258014 0.6 0.6 0.6 0.6 0.6 0.6 0.9 0.9 0.9 0.9 0.9 0.9 0.7 0.7 0.7 0.7 0.7 0.7]]
CypD-x0516-pandda-model,[[1 1 1] [2 1 1] [3 1 1] [4 1 1] [5 1 1] [6 1 1] [7 1 1] [8 1 1] [9 1 1] [10 1 1] [11 1 1] [12 1 1] [13 1 1] [14 1 1] [15 1 1] [16 1 1] [17 1 1] [18 1 1] [19 1 1] [20 1 1] [21 1 1] [22 1 1] [23 1 1] [24 1 1] [25 1 1] [26 1 1] [27 1 1] [28 1 1] [29 2 1] [30 2 1] [31 2 1] [32 2 1] [33 2 1] [34 2 1] [35 2 1] [36 2 1] [37 2 1] [38 2 1] [39 2 1] [40 2 1] [41 2 1] [42 2 1] [43 2 1] [44 2 1] [45 2 1] [46 2 1] [47 2 1] [48 2 1] [49 2 1] [50 2 1] [51 2 1] [52 2 1] [53 2 1] [54 2 1] [55 2 1] [56 2 1] [57 3 1] [58 3 1] [59 3 1] [60 3 1] [61 3 1] [62 3 1] [63 3 1] [64 3 1] [65 3 1] [66 3 1] [67 3 1] [68 3 1] [69 3 1] [70 3 1] [71 3 1] [72 3 1] [73 3 1] [74 3 1] [75 3 1] [76 3 1] [77 3 1] [78 3 1] [79 3 1] [80 3 1] [81 3 1] [82 3 1] [83 3 1] [84 3 1] [85 4 1] [86 4 1] [87 4 1] [88 4 1] [89 4 1] [90 4 1] [91 4 1] [92 4 1] [93 4 1] [94 4 1] [95 4 1] [96 4 1] [97 4 1] [98 4 1] [99 4 1] [100 4 1] [101 4 1] [102 4 1] [103 4 1] [104 4 1] [105 4 1] [106 4 1] [107 4 1] [108 4 1] [109 4 1] [110 4 1] [111 4 1] [112 4 1] [113 1 2] [114 1 2] [115 1 2] [116 1 2] [117 1 2] [118 1 2] [119 1 2] [120 1 2] [121 1 2] [122 1 2] [123 1 2] [124 1 2] [125 1 2] [126 1 2] [127 1 2] [128 1 2] [129 1 2] [130 1 2] [131 1 2] [132 1 2] [133 1 2] [134 1 2] [135 1 2] [136 1 2] [137 1 2] [138 1 2] [139 1 2] [140 1 2] [141 2 2] [142 2 2] [143 2 2] [144 2 2] [145 2 2] [146 2 2] [147 2 2] [148 2 2] [149 2 2] [150 2 2] [151 2 2] [152 2 2] [153 2 2] [154 2 2] [155 2 2] [156 2 2] [157 2 2] [158 2 2] [159 2 2] [160 2 2] [161 2 2] [162 2 2] [163 2 2] [164 2 2] [165 2 2] [166 2 2] [167 2 2] [168 2 2] [169 3 2] [170 3 2] [171 3 2] [172 3 2] [173 3 2] [174 3 2] [175 3 2] [176 3 2] [177 3 2] [178 3 2] [179 3 2] [180 3 2] [181 3 2] [182 3 2] [183 3 2] [184 3 2] [185 3 2] [186 3 2] [187 3 2] [188 3 2] [189 3 2] [190 3 2] [191 3 2] [192 3 2] [193 3 2] [194 3 2] [195 3 2] [196 3 2]],[[9 37 121 149 35 35 100 109 107 105 103 101 16 25 23 21 19 17 16 25 23 21 19 17 16 25 23 21 19 17 72 81 79 77 75 73 184 193 191 189 187 185 156 165 163 161 159 157] [1365 1580 4071 3855 1220 1229 1263 1263 1263 1263 1263 1263 1347 1347 1347 1347 1347 1347 1352 1352 1352 1352 1352 1352 1356 1356 1356 1356 1356 1356 2230 2230 2230 2230 2230 2230 3753 3753 3753 3753 3753 3753 3837 3837 3837 3837 3837 3837] [91 107 10107 10091 82 82 84 84 84 84 84 84 90 90 90 90 90 90 90 90 90 90 90 90 90 90 90 90 90 90 148 148 148 148 148 148 10084 10084 10084 10084 10084 10084 10090 10090 10090 10090 10090 10090] [3 3 3 3 2 2 10 10 10 10 10 10 10 10 10 10 10 10 10 10 10 10 10 10 10 10 10 10 10 10 10 10 10 10 10 10 10 10 10 10 10 10 10 10 10 10 10 10] [2.4 2.4 2.6 2.4 0.5 5.9 0.6 0.6 0.6 0.6 0.6 0.6 0.5 0.5 0.5 0.5 0.5 0.5 0.7 0.7 0.7 0.7 0.7 0.7 0.5 0.5 0.5 0.5 0.5 0.5 0.5 0.5 0.5 0.5 0.5 0.5 0.5 0.5 0.5 0.5 0.5 0.5 0.8 0.8 0.8 0.8 0.8 0.8]]
CypD-x0519-pandda-model,[[1 1 1] [2 1 1] [3 1 1] [4 1 1] [5 1 1] [6 1 1] [7 1 1] [8 1 1] [9 1 1] [10 1 1] [11 1 1] [12 1 1] [13 1 1] [14 1 1] [15 1 1] [16 1 1] [17 1 1] [18 1 1] [19 1 1] [20 1 1] [21 1 1] [22 1 1] [23 1 1] [24 1 1] [25 1 1] [26 1 1] [27 1 1] [28 1 1] [29 1 1] [30 1 2] [31 1 2] [32 1 2] [33 1 2] [34 1 2] [35 1 2] [36 1 2] [37 1 2] [38 1 2] [39 1 2] [40 1 2] [41 1 2] [42 1 2] [43 1 2] [44 1 2] [45 1 2] [46 1 2] [47 1 2] [48 1 2] [49 1 2] [50 1 2] [51 1 2] [52 1 2] [53 1 2] [54 1 2] [55 1 2] [56 1 2] [57 1 2] [58 1 2]],[[10 39 48 56 55 53 51 49] [1360 3850 3846 3846 3846 3846 3846 3846] [91 10091 10090 10090 10090 10090 10090 10090] [4 4 10 10 10 10 10 10] [2 4.6 0.5 0.5 0.5 0.5 0.5 0.5]]
CypD-x0520-pandda-model,[[1 1 1] [2 1 1] [3 1 1] [4 1 1] [5 1 1] [6 1 1] [7 1 1] [8 1 1] [9 1 1] [10 1 1] [11 1 1] [12 1 1] [13 1 1] [14 1 1] [15 1 1] [16 1 1] [17 1 1] [18 1 1] [19 1 1] [20 1 1] [21 1 1] [22 1 1] [23 1 1] [24 1 1] [25 1 1] [26 1 1] [27 1 1] [28 1 1] [29 1 1] [30 1 1] [31 1 2] [32 1 2] [33 1 2] [34 1 2] [35 1 2] [36 1 2] [37 1 2] [38 1 2] [39 1 2] [40 1 2] [41 1 2] [42 1 2] [43 1 2] [44 1 2] [45 1 2] [46 1 2] [47 1 2] [48 1 2] [49 1 2] [50 1 2] [51 1 2] [52 1 2] [53 1 2] [54 1 2] [55 1 2] [56 1 2] [57 1 2] [58 1 2] [59 1 2] [60 2 2] [61 2 2] [62 2 2] [63 2 2] [64 2 2] [65 2 2] [66 2 2] [67 2 2] [68 2 2] [69 2 2] [70 2 2] [71 2 2] [72 2 2] [73 2 2] [74 2 2] [75 2 2] [76 2 2] [77 2 2] [78 2 2] [79 2 2] [80 2 2] [81 2 2] [82 2 2] [83 2 2] [84 2 2] [85 2 2] [86 2 2] [87 2 2] [88 2 2] [89 2 2]],[[35 76 34 34 43 43 43 43 43 43 70 70 70 70 70 70 73 73 73 73 73 73] [3378 5894 7221 7221 3408 3411 3415 3417 3413 3409 5909 5912 5916 5918 5914 5910 5909 5912 5916 5918 5914 5910] [10058 20059 20148 20148 10060 10060 10060 10060 10060 10060 20060 20060 20060 20060 20060 20060 20060 20060 20060 20060 20060 20060] [3 3 2 7 10 10 10 10 10 10 10 10 10 10 10 10 10 10 10 10 10 10] [0.7 0.5 6.7 7.787649712 0.5 0.5 0.5 0.5 0.5 0.5 0.7 0.7 0.7 0.7 0.7 0.7 1.1 1.1 1.1 1.1 1.1 1.1]]
CypD-x0521-pandda-model,[[1 1 1] [2 1 1] [3 1 1] [4 1 1] [5 1 1] [6 1 1] [7 1 1] [8 1 1] [9 1 1] [10 1 1] [11 1 1] [12 1 1] [13 1 1] [14 1 1] [15 1 1] [16 1 1] [17 1 1] [18 1 1] [19 1 1] [20 1 1] [21 1 1] [22 1 1] [23 1 1] [24 1 1] [25 1 1] [26 1 1] [27 1 1] [28 1 1] [29 1 1] [30 1 1] [31 1 1] [32 1 1] [33 1 2] [34 1 2] [35 1 2] [36 1 2] [37 1 2] [38 1 2] [39 1 2] [40 1 2] [41 1 2] [42 1 2] [43 1 2] [44 1 2] [45 1 2] [46 1 2] [47 1 2] [48 1 2] [49 1 2] [50 1 2] [51 1 2] [52 1 2] [53 1 2] [54 1 2] [55 1 2] [56 1 2] [57 1 2] [58 1 2] [59 1 2] [60 1 2] [61 1 2] [62 1 2] [63 1 2] [64 1 2]],[[8 18 26 26 26 26 26 26 46 60 58 56 54 53 46 60 58 56 54 53] [6042 6020 1178 1181 1185 1187 1183 1179 3748 3748 3748 3748 3748 3748 3754 3754 3754 3754 3754 3754] [20069 20068 79 79 79 79 79 79 10084 10084 10084 10084 10084 10084 10084 10084 10084 10084 10084 10084] [1 3 10 10 10 10 10 10 10 10 10 10 10 10 10 10 10 10 10 10] [8.9 0.9 0.7 0.7 0.7 0.7 0.7 0.7 0.5 0.5 0.5 0.5 0.5 0.5 0.5 0.5 0.5 0.5 0.5 0.5]]
CypD-x0522-pandda-model,[[1 1 1] [2 1 1] [3 1 1] [4 1 1] [5 1 1] [6 1 1] [7 1 1] [8 1 1] [9 1 1] [10 1 1] [11 1 1] [12 1 1] [13 1 1] [14 1 1] [15 1 1] [16 1 1] [17 1 1] [18 1 1] [19 1 1] [20 1 1] [21 1 1] [22 1 2] [23 1 2] [24 1 2] [25 1 2] [26 1 2] [27 1 2] [28 1 2] [29 1 2] [30 1 2] [31 1 2] [32 1 2] [33 1 2] [34 1 2] [35 1 2] [36 1 2] [37 1 2] [38 1 2] [39 1 2] [40 1 2] [41 1 2] [42 1 2]],[[15 36 5 20 41] [1332 3821 387 1360 3849] [89 10089 25 91 10091] [3 3 2 4 4] [1.7 2.2 0.7 3.3 3]]
CypD-x0523-pandda-model,[[1 1 1] [2 1 1] [3 1 1] [4 1 1] [5 1 1] [6 1 1] [7 1 1] [8 1 1] [9 1 1] [10 1 1] [11 1 1] [12 1 1] [13 1 1] [14 1 1] [15 1 1] [16 1 1] [17 1 1] [18 1 1] [19 1 1] [20 1 1] [21 1 1] [22 1 1] [23 1 1] [24 1 1] [25 1 1] [26 1 1] [27 1 1] [28 1 1] [29 1 1] [30 1 1] [31 1 1] [32 1 1] [33 2 1] [34 2 1] [35 2 1] [36 2 1] [37 2 1] [38 2 1] [39 2 1] [40 2 1] [41 2 1] [42 2 1] [43 2 1] [44 2 1] [45 2 1] [46 2 1] [47 2 1] [48 2 1] [49 2 1] [50 2 1] [51 2 1] [52 2 1] [53 2 1] [54 2 1] [55 2 1] [56 2 1] [57 2 1] [58 2 1] [59 2 1] [60 2 1] [61 2 1] [62 2 1] [63 2 1] [64 2 1] [65 1 2] [66 1 2] [67 1 2] [68 1 2] [69 1 2] [70 1 2] [71 1 2] [72 1 2] [73 1 2] [74 1 2] [75 1 2] [76 1 2] [77 1 2] [78 1 2] [79 1 2] [80 1 2] [81 1 2] [82 1 2] [83 1 2] [84 1 2] [85 1 2] [86 1 2] [87 1 2] [88 1 2] [89 1 2] [90 1 2] [91 1 2] [92 1 2] [93 1 2] [94 1 2] [95 1 2] [96 1 2] [97 2 2] [98 2 2] [99 2 2] [100 2 2] [101 2 2] [102 2 2] [103 2 2] [104 2 2] [105 2 2] [106 2 2] [107 2 2] [108 2 2] [109 2 2] [110 2 2] [111 2 2] [112 2 2] [113 2 2] [114 2 2] [115 2 2] [116 2 2] [117 2 2] [118 2 2] [119 2 2] [120 2 2] [121 2 2] [122 2 2] [123 2 2] [124 2 2] [125 2 2] [126 2 2] [127 2 2] [128 2 2] [129 1 3] [130 1 3] [131 1 3] [132 1 3] [133 1 3] [134 1 3] [135 1 3] [136 1 3] [137 1 3] [138 1 3] [139 1 3] [140 1 3] [141 1 3] [142 1 3] [143 1 3] [144 1 3] [145 1 3] [146 1 3] [147 1 3] [148 1 3] [149 1 3] [150 1 3] [151 1 3] [152 1 3] [153 1 3] [154 1 3] [155 1 3] [156 1 3] [157 1 3] [158 1 3] [159 1 3] [160 1 3] [161 2 3] [162 2 3] [163 2 3] [164 2 3] [165 2 3] [166 2 3] [167 2 3] [168 2 3] [169 2 3] [170 2 3] [171 2 3] [172 2 3] [173 2 3] [174 2 3] [175 2 3] [176 2 3] [177 2 3] [178 2 3] [179 2 3] [180 2 3] [181 2 3] [182 2 3] [183 2 3] [184 2 3] [185 2 3] [186 2 3] [187 2 3] [188 2 3] [189 2 3] [190 2 3] [191 2 3] [192 2 3]],[[133 7 10 71 103 106 135 135 167 170 10 17 19 21 23 16 106 113 115 117 119 112 170 177 179 181 183 176 170 177 179 181 183 176] [6511 1360 387 4716 3850 2877 6506 6877 6350 5377 1347 1347 1347 1347 1347 1347 3837 3837 3837 3837 3837 3837 6337 6337 6337 6337 6337 6337 6342 6342 6342 6342 6342 6342] [20102 91 25 10148 10091 10025 20102 20126 20091 20025 90 90 90 90 90 90 10090 10090 10090 10090 10090 10090 20090 20090 20090 20090 20090 20090 20090 20090 20090 20090 20090 20090] [3 4 2 2 4 2 4 2 4 2 10 10 10 10 10 10 10 10 10 10 10 10 10 10 10 10 10 10 10 10 10 10 10 10] [2.3 2.7 0.8 0.6 2.9 0.8 1.1 0.5 2.9 1.1 0.5 0.5 0.5 0.5 0.5 0.5 0.5 0.5 0.5 0.5 0.5 0.5 0.7 0.7 0.7 0.7 0.7 0.7 0.9 0.9 0.9 0.9 0.9 0.9]]
CypD-x0525-pandda-model,[[1 1 1] [2 1 1] [3 1 1] [4 1 1] [5 1 1] [6 1 1] [7 1 1] [8 1 1] [9 1 1] [10 1 1] [11 1 1] [12 1 1] [13 1 1] [14 1 1] [15 1 1] [16 1 1] [17 1 1] [18 1 1] [19 1 1] [20 1 1] [21 1 1] [22 1 1] [23 1 1] [24 1 1] [25 1 1] [26 1 1] [27 1 1] [28 1 1] [29 1 1]],[[9 11 26 13 28 23 24] [3403 2220 2220 2220 2220 2220 2220] [20059 10148 10148 10148 10148 10148 10148] [3 10 10 10 10 10 10] [0.9 0.5 0.5 0.5 0.5 0.5 0.5]]
CypD-x0527-pandda-model,[[1 1 1] [2 1 1] [3 1 1] [4 1 1] [5 1 1] [6 1 1] [7 1 1] [8 1 1] [9 1 1] [10 1 1] [11 1 1] [12 1 1] [13 1 1] [14 1 1] [15 1 1] [16 1 1] [17 1 1] [18 1 1] [19 1 1] [20 2 1] [21 2 1] [22 2 1] [23 2 1] [24 2 1] [25 2 1] [26 2 1] [27 2 1] [28 2 1] [29 2 1] [30 2 1] [31 2 1] [32 2 1] [33 2 1] [34 2 1] [35 2 1] [36 2 1] [37 2 1] [38 2 1] [39 3 1] [40 3 1] [41 3 1] [42 3 1] [43 3 1] [44 3 1] [45 3 1] [46 3 1] [47 3 1] [48 3 1] [49 3 1] [50 3 1] [51 3 1] [52 3 1] [53 3 1] [54 3 1] [55 3 1] [56 3 1] [57 3 1] [58 1 2] [59 1 2] [60 1 2] [61 1 2] [62 1 2] [63 1 2] [64 1 2] [65 1 2] [66 1 2] [67 1 2] [68 1 2] [69 1 2] [70 1 2] [71 1 2] [72 1 2] [73 1 2] [74 1 2] [75 1 2] [76 1 2] [77 2 2] [78 2 2] [79 2 2] [80 2 2] [81 2 2] [82 2 2] [83 2 2] [84 2 2] [85 2 2] [86 2 2] [87 2 2] [88 2 2] [89 2 2] [90 2 2] [91 2 2] [92 2 2] [93 2 2] [94 2 2] [95 2 2] [96 3 2] [97 3 2] [98 3 2] [99 3 2] [100 3 2] [101 3 2] [102 3 2] [103 3 2] [104 3 2] [105 3 2] [106 3 2] [107 3 2] [108 3 2] [109 3 2] [110 3 2] [111 3 2] [112 3 2] [113 3 2] [114 3 2] [115 1 3] [116 1 3] [117 1 3] [118 1 3] [119 1 3] [120 1 3] [121 1 3] [122 1 3] [123 1 3] [124 1 3] [125 1 3] [126 1 3] [127 1 3] [128 1 3] [129 1 3] [130 1 3] [131 1 3] [132 1 3] [133 1 3] [134 2 3] [135 2 3] [136 2 3] [137 2 3] [138 2 3] [139 2 3] [140 2 3] [141 2 3] [142 2 3] [143 2 3] [144 2 3] [145 2 3] [146 2 3] [147 2 3] [148 2 3] [149 2 3] [150 2 3] [151 2 3] [152 2 3]],[[28 66 85 130 25 38 82 113 127 139 20 20 20 20 20 20 58 58 58 58 58 58] [2216 4705 7206 7025 846 846 7219 3715 6952 6124 918 921 925 927 923 919 3407 3410 3414 3416 3412 3408] [148 10148 20148 20136 55 55 20148 10082 20131 20076 60 60 60 60 60 60 10060 10060 10060 10060 10060 10060] [3 3 3 1 2 2 2 2 2 2 10 10 10 10 10 10 10 10 10 10 10 10] [3.1 4.4 4.2 1.1 1.4 0.7 14 0.8 2.7 11.3 0.8 0.8 0.8 0.8 0.8 0.8 0.6 0.6 0.6 0.6 0.6 0.6]]
CypD-x0528-pandda-model,[[1 1 1] [2 1 1] [3 1 1] [4 1 1] [5 1 1] [6 1 1] [7 1 1] [8 1 1] [9 1 1] [10 1 1] [11 1 1] [12 1 1] [13 1 1] [14 1 1] [15 1 1] [16 1 1] [17 1 1] [18 1 1] [19 1 1] [20 1 1] [21 1 1] [22 1 1] [23 1 1] [24 1 1] [25 1 1] [26 1 1] [27 1 1] [28 1 1] [29 1 1] [30 1 1] [31 1 1] [32 1 2] [33 1 2] [34 1 2] [35 1 2] [36 1 2] [37 1 2] [38 1 2] [39 1 2] [40 1 2] [41 1 2] [42 1 2] [43 1 2] [44 1 2] [45 1 2] [46 1 2] [47 1 2] [48 1 2] [49 1 2] [50 1 2] [51 1 2] [52 1 2] [53 1 2] [54 1 2] [55 1 2] [56 1 2] [57 1 2] [58 1 2] [59 1 2] [60 1 2] [61 1 2] [62 1 2] [63 1 2] [64 1 2] [65 1 3] [66 1 3] [67 1 3] [68 1 3] [69 1 3] [70 1 3] [71 1 3] [72 1 3] [73 1 3] [74 1 3] [75 1 3] [76 1 3] [77 1 3] [78 1 3] [79 1 3] [80 1 3] [81 1 3] [82 1 3] [83 1 3] [84 1 3] [85 1 3] [86 1 3] [87 1 3] [88 1 3] [89 1 3] [90 1 3] [91 1 3] [92 1 3] [93 1 3] [94 1 3] [95 1 3]],[[7 25 6 74] [2430 615 752 7220] [161 40 49 20148] [3 3 2 2] [1 0.7 11.4 10.8]]
CypD-x0530-pandda-model,[[1 1 1] [2 1 1] [3 1 1] [4 1 1] [5 1 1] [6 1 1] [7 1 1] [8 1 1] [9 1 1] [10 1 1] [11 1 1] [12 1 1] [13 1 1] [14 1 1] [15 1 1] [16 1 1] [17 1 1] [18 1 1] [19 1 1] [20 1 1] [21 1 1] [22 1 1] [23 1 1] [24 1 1] [25 1 1] [26 1 1] [27 1 2] [28 1 2] [29 1 2] [30 1 2] [31 1 2] [32 1 2] [33 1 2] [34 1 2] [35 1 2] [36 1 2] [37 1 2] [38 1 2] [39 1 2] [40 1 2] [41 1 2] [42 1 2] [43 1 2] [44 1 2] [45 1 2] [46 1 2] [47 1 2] [48 1 2] [49 1 2] [50 1 2] [51 1 2] [52 1 2]],[[31 15 36 38 41] [4012 846 5961 4007 3460] [10102 55 20063 10102 10063] [3 2 2 4 2] [3.4 5 3.1 2.6 3.2]]
CypD-x0531-pandda-model,[[1 1 1] [2 1 1] [3 1 1] [4 1 1] [5 1 1] [6 1 1] [7 1 1] [8 1 1] [9 1 1] [10 1 1] [11 1 1] [12 1 1] [13 1 1] [14 1 1] [15 1 1] [16 1 1] [17 1 1] [18 1 1] [19 1 1] [20 1 1] [21 1 1] [22 1 1] [23 1 1] [24 1 1] [25 1 1] [26 1 1] [27 1 1] [28 2 1] [29 2 1] [30 2 1] [31 2 1] [32 2 1] [33 2 1] [34 2 1] [35 2 1] [36 2 1] [37 2 1] [38 2 1] [39 2 1] [40 2 1] [41 2 1] [42 2 1] [43 2 1] [44 2 1] [45 2 1] [46 2 1] [47 2 1] [48 2 1] [49 2 1] [50 2 1] [51 2 1] [52 2 1] [53 2 1] [54 2 1] [55 1 2] [56 1 2] [57 1 2] [58 1 2] [59 1 2] [60 1 2] [61 1 2] [62 1 2] [63 1 2] [64 1 2] [65 1 2] [66 1 2] [67 1 2] [68 1 2] [69 1 2] [70 1 2] [71 1 2] [72 1 2] [73 1 2] [74 1 2] [75 1 2] [76 1 2] [77 1 2] [78 1 2] [79 1 2] [80 1 2] [81 1 2] [82 2 2] [83 2 2] [84 2 2] [85 2 2] [86 2 2] [87 2 2] [88 2 2] [89 2 2] [90 2 2] [91 2 2] [92 2 2] [93 2 2] [94 2 2] [95 2 2] [96 2 2] [97 2 2] [98 2 2] [99 2 2] [100 2 2] [101 2 2] [102 2 2] [103 2 2] [104 2 2] [105 2 2] [106 2 2] [107 2 2] [108 2 2]],[[10 59 40 40 40 40 40 40 67 67 67 67 67 99 108 106 104 102 100 99 108 106 104 102 100 59 62 63 71 61 59 62 63 71 61] [1365 3856 1178 1181 1185 1187 1183 1179 4449 4452 4453 4455 4450 3748 3748 3748 3748 3748 3748 3754 3754 3754 3754 3754 3754 3838 3838 3838 3838 3838 3847 3847 3847 3847 3847] [91 10091 79 79 79 79 79 79 10131 10131 10131 10131 10131 10084 10084 10084 10084 10084 10084 10084 10084 10084 10084 10084 10084 10090 10090 10090 10090 10090 10090 10090 10090 10090 10090] [3 3 10 10 10 10 10 10 10 10 10 10 10 10 10 10 10 10 10 10 10 10 10 10 10 10 10 10 10 10 10 10 10 10 10] [1.4 5 0.6 0.6 0.6 0.6 0.6 0.6 0.5 0.5 0.5 0.5 0.5 0.5 0.5 0.5 0.5 0.5 0.5 0.7 0.7 0.7 0.7 0.7 0.7 1.9 1.9 1.9 1.9 1.9 0.5 0.5 0.5 0.5 0.5]]
CypD-x0537-pandda-model,[[1 1 1] [2 1 1] [3 1 1] [4 1 1] [5 1 1] [6 1 1] [7 1 1] [8 1 1] [9 1 1] [10 1 1] [11 1 1] [12 1 1] [13 1 1] [14 1 1] [15 1 1] [16 1 1] [17 1 1] [18 1 1] [19 1 1] [20 1 1] [21 1 2] [22 1 2] [23 1 2] [24 1 2] [25 1 2] [26 1 2] [27 1 2] [28 1 2] [29 1 2] [30 1 2] [31 1 2] [32 1 2] [33 1 2] [34 1 2] [35 1 2] [36 1 2] [37 1 2] [38 1 2] [39 1 2] [40 1 2] [41 2 2] [42 2 2] [43 2 2] [44 2 2] [45 2 2] [46 2 2] [47 2 2] [48 2 2] [49 2 2] [50 2 2] [51 2 2] [52 2 2] [53 2 2] [54 2 2] [55 2 2] [56 2 2] [57 2 2] [58 2 2] [59 2 2] [60 3 2] [61 3 2] [62 3 2] [63 3 2] [64 3 2] [65 3 2] [66 3 2] [67 3 2] [68 3 2] [69 3 2] [70 3 2] [71 3 2] [72 3 2] [73 3 2] [74 3 2] [75 3 2] [76 3 2] [77 3 2] [78 3 2] [79 3 2]],[[79 45 49 66 46 49 49 37 37 37 37 37 9 19 17 15 13 11 9 19 17 15 13 11] [3086 4766 4754 3224 4757 4757 4760 4449 4452 4453 4455 4450 1352 1352 1352 1352 1352 1352 1356 1356 1356 1356 1356 1356] [10039 10152 10151 10049 10151 10151 10151 10131 10131 10131 10131 10131 90 90 90 90 90 90 90 90 90 90 90 90] [3 4 2 4 7 7 7 10 10 10 10 10 10 10 10 10 10 10 10 10 10 10 10 10] [0.9 3.5 0.6 1.4 3.780755673 1.080370123 2.266839586 0.5 0.5 0.5 0.5 0.5 0.6 0.6 0.6 0.6 0.6 0.6 0.7 0.7 0.7 0.7 0.7 0.7]]
CypD-x0539-pandda-model,[[1 1 1] [2 1 1] [3 1 1] [4 1 1] [5 1 1] [6 1 1] [7 1 1] [8 1 1] [9 1 1] [10 1 1] [11 1 1] [12 1 1] [13 1 1] [14 1 1] [15 1 1] [16 1 1] [17 1 1] [18 1 1] [19 1 1] [20 1 1] [21 1 1] [22 1 1] [23 1 1] [24 1 1] [25 1 1] [26 1 1] [27 1 1] [28 1 1]],[[6 16] [1962 390] [131 25] [2 2] [2.4 9.6]]
CypD-x0541-pandda-model,[[1 1 1] [2 1 1] [3 1 1] [4 1 1] [5 1 1] [6 1 1] [7 1 1] [8 1 1] [9 1 1] [10 1 1] [11 1 1] [12 1 1] [13 1 1] [14 1 1] [15 1 1] [16 1 1] [17 1 1] [18 1 1] [19 1 1] [20 1 1] [21 1 1] [22 1 1] [23 1 1] [24 1 1] [25 1 1] [26 1 1] [27 1 1] [28 1 1] [29 1 1] [30 1 1] [31 1 1]],[[8 10 10 10 13 13 13 13 13 20 29 27 25 23 21 20 29 27 25 23 21 20 29 27 25 23 21] [352 37 391 391 1964 1966 1961 1960 1963 1348 1348 1348 1348 1348 1348 1353 1353 1353 1353 1353 1353 1357 1357 1357 1357 1357 1357] [23 3 25 25 131 131 131 131 131 90 90 90 90 90 90 90 90 90 90 90 90 90 90 90 90 90 90] [2 2 2 7 10 10 10 10 10 10 10 10 10 10 10 10 10 10 10 10 10 10 10 10 10 10 10] [4.9 3.7 18.6 7.021195682 0.6 0.6 0.6 0.6 0.6 0.5 0.5 0.5 0.5 0.5 0.5 0.5 0.5 0.5 0.5 0.5 0.5 0.7 0.7 0.7 0.7 0.7 0.7]]
CypD-x0543-pandda-model,[[1 1 1] [2 1 1] [3 1 1] [4 1 1] [5 1 1] [6 1 1] [7 1 1] [8 1 1] [9 1 1] [10 1 1] [11 1 1] [12 1 1] [13 1 1] [14 1 1] [15 1 1] [16 1 1] [17 2 1] [18 2 1] [19 2 1] [20 2 1] [21 2 1] [22 2 1] [23 2 1] [24 2 1] [25 2 1] [26 2 1] [27 2 1] [28 2 1] [29 2 1] [30 2 1] [31 2 1] [32 2 1] [33 1 2] [34 1 2] [35 1 2] [36 1 2] [37 1 2] [38 1 2] [39 1 2] [40 1 2] [41 1 2] [42 1 2] [43 1 2] [44 1 2] [45 1 2] [46 1 2] [47 1 2] [48 1 2] [49 1 2] [50 1 2] [51 2 2] [52 2 2] [53 2 2] [54 2 2] [55 2 2] [56 2 2] [57 2 2] [58 2 2] [59 2 2] [60 2 2] [61 2 2] [62 2 2] [63 2 2] [64 2 2] [65 2 2] [66 2 2] [67 1 3] [68 1 3] [69 1 3] [70 1 3] [71 1 3] [72 1 3] [73 1 3] [74 1 3] [75 1 3] [76 1 3] [77 1 3] [78 1 3] [79 1 3] [80 1 3] [81 1 3] [82 1 3]],[[5 24 37 38 55 58 5 24 37 41 41 55 58 71 71 74] [390 480 2880 4449 2970 2970 390 480 2880 2880 4455 2970 2970 5381 6956 5381] [25 31 10025 10131 10031 10031 25 31 10025 10025 10131 10031 10031 20025 20131 20025] [2 2 2 2 2 2 7 7 7 7 7 7 7 7 7 7] [20.3 18.9 11.5 0.6 14.5 3.8 6.863924691 6.115659651 6.994208468 2.225553211 5.335603357 6.956046598 5.084427741 0.7203601156 4.873101342 3.991254495]]
CypD-x0545-pandda-model,[[1 1 1] [2 1 1] [3 1 1] [4 1 1] [5 1 1] [6 1 1] [7 1 1] [8 1 1] [9 1 1] [10 1 1] [11 1 1] [12 1 1] [13 1 1] [14 1 1] [15 1 1] [16 1 1] [17 1 1] [18 1 1] [19 1 1] [20 1 1] [21 1 1] [22 1 1] [23 1 1] [24 1 1] [25 1 1] [26 1 1] [27 1 1]],[[14 14 14 14 14 14] [1178 1181 1185 1187 1183 1179] [79 79 79 79 79 79] [10 10 10 10 10 10] [0.5 0.5 0.5 0.5 0.5 0.5]]
CypD-x0547-pandda-model,[[1 1 1] [2 1 1] [3 1 1] [4 1 1] [5 1 1] [6 1 1] [7 1 1] [8 1 1] [9 1 1] [10 1 1] [11 1 1] [12 1 1] [13 1 1] [14 1 1] [15 1 1] [16 1 1] [17 1 1] [18 1 1] [19 1 1] [20 1 1] [21 1 1] [22 1 1] [23 1 1] [24 1 1] [25 1 1] [26 1 1] [27 1 1] [28 1 1]],[[8 13 14 11 12 18 27 25 23 21 19 18 27 25 23 21 19 18 27 25 23 21 19] [1343 1343 1343 1343 1343 1347 1347 1347 1347 1347 1347 1352 1352 1352 1352 1352 1352 1356 1356 1356 1356 1356 1356] [90 90 90 90 90 90 90 90 90 90 90 90 90 90 90 90 90 90 90 90 90 90 90] [10 10 10 10 10 10 10 10 10 10 10 10 10 10 10 10 10 10 10 10 10 10 10] [0.5 0.5 0.5 0.5 0.5 0.6 0.6 0.6 0.6 0.6 0.6 0.5 0.5 0.5 0.5 0.5 0.5 0.7 0.7 0.7 0.7 0.7 0.7]]
CypD-x0548-pandda-model,[[1 1 1] [2 1 1] [3 1 1] [4 1 1] [5 1 1] [6 1 1] [7 1 1] [8 1 1] [9 1 1] [10 1 1] [11 1 1] [12 1 1] [13 1 1] [14 1 1] [15 1 1] [16 1 1] [17 1 1] [18 1 1] [19 1 1] [20 1 1] [21 1 1] [22 1 1] [23 1 1] [24 1 2] [25 1 2] [26 1 2] [27 1 2] [28 1 2] [29 1 2] [30 1 2] [31 1 2] [32 1 2] [33 1 2] [34 1 2] [35 1 2] [36 1 2] [37 1 2] [38 1 2] [39 1 2] [40 1 2] [41 1 2] [42 1 2] [43 1 2] [44 1 2] [45 1 2] [46 1 2] [47 2 2] [48 2 2] [49 2 2] [50 2 2] [51 2 2] [52 2 2] [53 2 2] [54 2 2] [55 2 2] [56 2 2] [57 2 2] [58 2 2] [59 2 2] [60 2 2] [61 2 2] [62 2 2] [63 2 2] [64 2 2] [65 2 2] [66 2 2] [67 2 2] [68 2 2] [69 2 2] [70 1 3] [71 1 3] [72 1 3] [73 1 3] [74 1 3] [75 1 3] [76 1 3] [77 1 3] [78 1 3] [79 1 3] [80 1 3] [81 1 3] [82 1 3] [83 1 3] [84 1 3] [85 1 3] [86 1 3] [87 1 3] [88 1 3] [89 1 3] [90 1 3] [91 1 3] [92 1 3] [93 2 3] [94 2 3] [95 2 3] [96 2 3] [97 2 3] [98 2 3] [99 2 3] [100 2 3] [101 2 3] [102 2 3] [103 2 3] [104 2 3] [105 2 3] [106 2 3] [107 2 3] [108 2 3] [109 2 3] [110 2 3] [111 2 3] [112 2 3] [113 2 3] [114 2 3] [115 2 3] [116 3 3] [117 3 3] [118 3 3] [119 3 3] [120 3 3] [121 3 3] [122 3 3] [123 3 3] [124 3 3] [125 3 3] [126 3 3] [127 3 3] [128 3 3] [129 3 3] [130 3 3] [131 3 3] [132 3 3] [133 3 3] [134 3 3] [135 3 3] [136 3 3] [137 3 3] [138 3 3] [139 3 3]],[[26 72 119 9 55 101 119 119 59 68 66 64 62 60 105 114 112 110 108 106] [3577 6078 7413 1360 3849 6350 7413 7414 3845 3845 3845 3845 3845 3845 6346 6346 6346 6346 6346 6346] [10072 20072 20160 91 10091 20091 20160 20160 10090 10090 10090 10090 10090 10090 20090 20090 20090 20090 20090 20090] [3 3 1 4 4 4 7 7 10 10 10 10 10 10 10 10 10 10 10 10] [2.2 2.1 16.6 4.4 1.4 0.9 6.495513688 5.559381632 0.6 0.6 0.6 0.6 0.6 0.6 0.7 0.7 0.7 0.7 0.7 0.7]]
CypD-x0554-pandda-model,[[1 1 1] [2 1 1] [3 1 1] [4 1 1] [5 1 1] [6 1 1] [7 1 1] [8 1 1] [9 1 1] [10 1 1] [11 1 1] [12 1 1] [13 1 1] [14 1 1] [15 1 1] [16 1 1] [17 1 1] [18 1 1] [19 1 1] [20 1 1] [21 1 1] [22 1 1] [23 1 1] [24 1 1] [25 1 1] [26 2 1] [27 2 1] [28 2 1] [29 2 1] [30 2 1] [31 2 1] [32 2 1] [33 2 1] [34 2 1] [35 2 1] [36 2 1] [37 2 1] [38 2 1] [39 2 1] [40 2 1] [41 2 1] [42 2 1] [43 2 1] [44 2 1] [45 2 1] [46 2 1] [47 2 1] [48 2 1] [49 2 1] [50 2 1] [51 1 2] [52 1 2] [53 1 2] [54 1 2] [55 1 2] [56 1 2] [57 1 2] [58 1 2] [59 1 2] [60 1 2] [61 1 2] [62 1 2] [63 1 2] [64 1 2] [65 1 2] [66 1 2] [67 1 2] [68 1 2] [69 1 2] [70 1 2] [71 1 2] [72 1 2] [73 1 2] [74 1 2] [75 1 2] [76 1 3] [77 1 3] [78 1 3] [79 1 3] [80 1 3] [81 1 3] [82 1 3] [83 1 3] [84 1 3] [85 1 3] [86 1 3] [87 1 3] [88 1 3] [89 1 3] [90 1 3] [91 1 3] [92 1 3] [93 1 3] [94 1 3] [95 1 3] [96 1 3] [97 1 3] [98 1 3] [99 1 3] [100 1 3]],[[36 86 14 36 39 81 89 83 83 83 83 83] [1088 4708 1360 970 823 6797 5838 6797 6794 6793 6790 6791] [72 10148 91 63 54 20121 20055 20121 20121 20121 20121 20121] [3 3 4 2 2 2 2 10 10 10 10 10] [4.3 5 3.1 0.9 4.2 2.1 3.4 0.8 0.8 0.8 0.8 0.8]]
CypD-x0555-pandda-model,[[1 1 1] [2 1 1] [3 1 1] [4 1 1] [5 1 1] [6 1 1] [7 1 1] [8 1 1] [9 1 1] [10 1 1] [11 1 1] [12 1 1] [13 1 1] [14 1 1] [15 1 1] [16 1 1] [17 1 1] [18 1 1] [19 1 1] [20 1 1] [21 1 1] [22 1 1] [23 1 2] [24 1 2] [25 1 2] [26 1 2] [27 1 2] [28 1 2] [29 1 2] [30 1 2] [31 1 2] [32 1 2] [33 1 2] [34 1 2] [35 1 2] [36 1 2] [37 1 2] [38 1 2] [39 1 2] [40 1 2] [41 1 2] [42 1 2] [43 1 2] [44 1 2]],[[10 5 5 5 5 5 18 18 18 18 18 10 10 10 10 10 16 16 16 16 16 14 14 14 14 14] [390 1958 1961 1963 1965 1959 1958 1961 1963 1965 1959 1958 1961 1963 1965 1959 1958 1961 1963 1965 1959 1958 1961 1963 1965 1959] [25 131 131 131 131 131 131 131 131 131 131 131 131 131 131 131 131 131 131 131 131 131 131 131 131 131] [2 10 10 10 10 10 10 10 10 10 10 10 10 10 10 10 10 10 10 10 10 10 10 10 10 10] [11.4 -0 -0 -0 -0 -0 -0 -0 -0 -0 -0 -0 -0 -0 -0 -0 -0 -0 -0 -0 -0 -0 -0 -0 -0 -0]]
CypD-x0556-pandda-model,[[1 1 1] [2 1 1] [3 1 1] [4 1 1] [5 1 1] [6 1 1] [7 1 1] [8 1 1] [9 1 1] [10 1 1] [11 1 1] [12 1 1] [13 1 1] [14 1 1] [15 1 1] [16 1 1] [17 1 1] [18 1 1] [19 1 1] [20 1 1] [21 1 1] [22 1 1] [23 1 1] [24 1 1] [25 1 1] [26 1 1] [27 1 1] [28 1 1] [29 1 1] [30 1 1] [31 1 1] [32 2 1] [33 2 1] [34 2 1] [35 2 1] [36 2 1] [37 2 1] [38 2 1] [39 2 1] [40 2 1] [41 2 1] [42 2 1] [43 2 1] [44 2 1] [45 2 1] [46 2 1] [47 2 1] [48 2 1] [49 2 1] [50 2 1] [51 2 1] [52 2 1] [53 2 1] [54 2 1] [55 2 1] [56 2 1] [57 2 1] [58 2 1] [59 2 1] [60 2 1] [61 2 1] [62 2 1] [63 1 2] [64 1 2] [65 1 2] [66 1 2] [67 1 2] [68 1 2] [69 1 2] [70 1 2] [71 1 2] [72 1 2] [73 1 2] [74 1 2] [75 1 2] [76 1 2] [77 1 2] [78 1 2] [79 1 2] [80 1 2] [81 1 2] [82 1 2] [83 1 2] [84 1 2] [85 1 2] [86 1 2] [87 1 2] [88 1 2] [89 1 2] [90 1 2] [91 1 2] [92 1 2] [93 1 2]],[[33 4 66 52 61 59 57 55 53 21 30 28 26 24 22 83 92 90 88 86 84] [1094 1360 3850 1095 1095 1095 1095 1095 1095 1356 1356 1356 1356 1356 1356 3846 3846 3846 3846 3846 3846] [73 91 10091 73 73 73 73 73 73 90 90 90 90 90 90 10090 10090 10090 10090 10090 10090] [3 4 4 10 10 10 10 10 10 10 10 10 10 10 10 10 10 10 10 10 10] [2.5 3.5 3.9 0.5 0.5 0.5 0.5 0.5 0.5 0.5 0.5 0.5 0.5 0.5 0.5 0.6 0.6 0.6 0.6 0.6 0.6]]
CypD-x0557-pandda-model,[[1 1 1] [2 1 1] [3 1 1] [4 1 1] [5 1 1] [6 1 1] [7 1 1] [8 1 1] [9 1 1] [10 1 1] [11 1 1] [12 1 1] [13 1 1] [14 1 1] [15 1 1] [16 1 1] [17 1 1] [18 1 1] [19 1 1] [20 1 1] [21 1 1] [22 1 1] [23 1 1] [24 1 1] [25 1 1] [26 1 1] [27 1 1] [28 1 1] [29 2 1] [30 2 1] [31 2 1] [32 2 1] [33 2 1] [34 2 1] [35 2 1] [36 2 1] [37 2 1] [38 2 1] [39 2 1] [40 2 1] [41 2 1] [42 2 1] [43 2 1] [44 2 1] [45 2 1] [46 2 1] [47 2 1] [48 2 1] [49 2 1] [50 2 1] [51 2 1] [52 2 1] [53 2 1] [54 2 1] [55 2 1] [56 2 1] [57 1 2] [58 1 2] [59 1 2] [60 1 2] [61 1 2] [62 1 2] [63 1 2] [64 1 2] [65 1 2] [66 1 2] [67 1 2] [68 1 2] [69 1 2] [70 1 2] [71 1 2] [72 1 2] [73 1 2] [74 1 2] [75 1 2] [76 1 2] [77 1 2] [78 1 2] [79 1 2] [80 1 2] [81 1 2] [82 1 2] [83 1 2] [84 1 2] [85 2 2] [86 2 2] [87 2 2] [88 2 2] [89 2 2] [90 2 2] [91 2 2] [92 2 2] [93 2 2] [94 2 2] [95 2 2] [96 2 2] [97 2 2] [98 2 2] [99 2 2] [100 2 2] [101 2 2] [102 2 2] [103 2 2] [104 2 2] [105 2 2] [106 2 2] [107 2 2] [108 2 2] [109 2 2] [110 2 2] [111 2 2] [112 2 2]],[[10 58 94 91 34 55 42 35 40 36] [1365 4706 3854 3849 880 880 880 880 880 880] [91 10148 10091 10091 57 57 57 57 57 57] [3 3 3 4 10 10 10 10 10 10] [0.6 5.5 0.7 1.2 0.6 0.6 0.6 0.6 0.6 0.6]]
CypD-x0558-pandda-model,[[1 1 1] [2 1 1] [3 1 1] [4 1 1] [5 1 1] [6 1 1] [7 1 1] [8 1 1] [9 1 1] [10 1 1] [11 1 1] [12 1 1] [13 1 1] [14 1 1] [15 1 1] [16 1 1] [17 1 1] [18 1 1] [19 1 1] [20 1 1] [21 1 1] [22 1 1] [23 1 1] [24 1 1] [25 1 1] [26 1 1] [27 1 1] [28 1 1] [29 1 1] [30 1 1] [31 1 1] [32 1 2] [33 1 2] [34 1 2] [35 1 2] [36 1 2] [37 1 2] [38 1 2] [39 1 2] [40 1 2] [41 1 2] [42 1 2] [43 1 2] [44 1 2] [45 1 2] [46 1 2] [47 1 2] [48 1 2] [49 1 2] [50 1 2] [51 1 2] [52 1 2] [53 1 2] [54 1 2] [55 1 2] [56 1 2] [57 1 2] [58 1 2] [59 1 2] [60 1 2] [61 1 2] [62 1 2] [63 2 2] [64 2 2] [65 2 2] [66 2 2] [67 2 2] [68 2 2] [69 2 2] [70 2 2] [71 2 2] [72 2 2] [73 2 2] [74 2 2] [75 2 2] [76 2 2] [77 2 2] [78 2 2] [79 2 2] [80 2 2] [81 2 2] [82 2 2] [83 2 2] [84 2 2] [85 2 2] [86 2 2] [87 2 2] [88 2 2] [89 2 2] [90 2 2] [91 2 2] [92 2 2] [93 2 2]],[[36 7 11 38 42] [3463 1516 970 4006 3460] [10063 102 63 10102 10063] [1 4 2 4 2] [2.2 5.2 2.7 3.2 2.5]]
CypD-x0561-pandda-model,[[1 1 1] [2 1 1] [3 1 1] [4 1 1] [5 1 1] [6 1 1] [7 1 1] [8 1 1] [9 1 1] [10 1 1] [11 1 1] [12 1 1] [13 1 1] [14 1 1] [15 1 1] [16 1 1] [17 1 1] [18 1 1] [19 1 1] [20 1 1] [21 1 1] [22 1 1] [23 1 1]],[[] [] [] [] []]
CypD-x0566-pandda-model,[[1 1 1] [2 1 1] [3 1 1] [4 1 1] [5 1 1] [6 1 1] [7 1 1] [8 1 1] [9 1 1] [10 1 1] [11 1 1] [12 1 1] [13 1 1] [14 1 1] [15 1 1] [16 1 1] [17 1 1] [18 1 1] [19 1 1] [20 1 1] [21 1 1] [22 1 1] [23 1 1] [24 1 1] [25 1 1] [26 1 1] [27 1 1] [28 1 1] [29 1 1] [30 1 1] [31 1 1] [32 2 1] [33 2 1] [34 2 1] [35 2 1] [36 2 1] [37 2 1] [38 2 1] [39 2 1] [40 2 1] [41 2 1] [42 2 1] [43 2 1] [44 2 1] [45 2 1] [46 2 1] [47 2 1] [48 2 1] [49 2 1] [50 2 1] [51 2 1] [52 2 1] [53 2 1] [54 2 1] [55 2 1] [56 2 1] [57 2 1] [58 2 1] [59 2 1] [60 2 1] [61 2 1] [62 2 1] [63 1 2] [64 1 2] [65 1 2] [66 1 2] [67 1 2] [68 1 2] [69 1 2] [70 1 2] [71 1 2] [72 1 2] [73 1 2] [74 1 2] [75 1 2] [76 1 2] [77 1 2] [78 1 2] [79 1 2] [80 1 2] [81 1 2] [82 1 2] [83 1 2] [84 1 2] [85 1 2] [86 1 2] [87 1 2] [88 1 2] [89 1 2] [90 1 2] [91 1 2] [92 1 2] [93 1 2] [94 2 2] [95 2 2] [96 2 2] [97 2 2] [98 2 2] [99 2 2] [100 2 2] [101 2 2] [102 2 2] [103 2 2] [104 2 2] [105 2 2] [106 2 2] [107 2 2] [108 2 2] [109 2 2] [110 2 2] [111 2 2] [112 2 2] [113 2 2] [114 2 2] [115 2 2] [116 2 2] [117 2 2] [118 2 2] [119 2 2] [120 2 2] [121 2 2] [122 2 2] [123 2 2] [124 2 2] [125 1 3] [126 1 3] [127 1 3] [128 1 3] [129 1 3] [130 1 3] [131 1 3] [132 1 3] [133 1 3] [134 1 3] [135 1 3] [136 1 3] [137 1 3] [138 1 3] [139 1 3] [140 1 3] [141 1 3] [142 1 3] [143 1 3] [144 1 3] [145 1 3] [146 1 3] [147 1 3] [148 1 3] [149 1 3] [150 1 3] [151 1 3] [152 1 3] [153 1 3] [154 1 3] [155 1 3] [156 2 3] [157 2 3] [158 2 3] [159 2 3] [160 2 3] [161 2 3] [162 2 3] [163 2 3] [164 2 3] [165 2 3] [166 2 3] [167 2 3] [168 2 3] [169 2 3] [170 2 3] [171 2 3] [172 2 3] [173 2 3] [174 2 3] [175 2 3] [176 2 3] [177 2 3] [178 2 3] [179 2 3] [180 2 3] [181 2 3] [182 2 3] [183 2 3] [184 2 3] [185 2 3] [186 2 3]],[[6 8 37 37 68 99 161 9 9 9 9 9 9 123 123 123 123 123 123] [2227 846 1611 1622 4716 7220 4719 921 925 927 923 919 918 4297 4301 4299 4293 4291 4292] [148 55 110 111 10148 20148 10148 60 60 60 60 60 60 10121 10121 10121 10121 10121 10121] [2 2 4 4 2 2 2 10 10 10 10 10 10 10 10 10 10 10 10] [0.7 1.2 2.9 4.2 1.2 10.3 10.6 0.5 0.5 0.5 0.5 0.5 0.5 0.5 0.5 0.5 0.5 0.5 0.5]]
CypD-x0567-pandda-model,[[1 1 1] [2 1 1] [3 1 1] [4 1 1] [5 1 1] [6 1 1] [7 1 1] [8 1 1] [9 1 1] [10 1 1] [11 1 1] [12 1 1] [13 1 1] [14 1 1] [15 1 1] [16 1 1] [17 1 1] [18 1 1] [19 1 1] [20 1 1] [21 1 1] [22 1 1] [23 1 1] [24 1 1] [25 1 1] [26 1 1] [27 1 2] [28 1 2] [29 1 2] [30 1 2] [31 1 2] [32 1 2] [33 1 2] [34 1 2] [35 1 2] [36 1 2] [37 1 2] [38 1 2] [39 1 2] [40 1 2] [41 1 2] [42 1 2] [43 1 2] [44 1 2] [45 1 2] [46 1 2] [47 1 2] [48 1 2] [49 1 2] [50 1 2] [51 1 2] [52 1 2]],[[32 10 19 21 23 25 18] [5931 1536 1536 1536 1536 1536 1536] [20061 103 103 103 103 103 103] [1 10 10 10 10 10 10] [1.4 0.9 0.9 0.9 0.9 0.9 0.9]]
CypD-x0568-pandda-model,[[1 1 1] [2 1 1] [3 1 1] [4 1 1] [5 1 1] [6 1 1] [7 1 1] [8 1 1] [9 1 1] [10 1 1] [11 1 1] [12 1 1] [13 1 1] [14 1 1] [15 1 1] [16 1 1] [17 1 2] [18 1 2] [19 1 2] [20 1 2] [21 1 2] [22 1 2] [23 1 2] [24 1 2] [25 1 2] [26 1 2] [27 1 2] [28 1 2] [29 1 2] [30 1 2] [31 1 2] [32 1 2] [33 2 2] [34 2 2] [35 2 2] [36 2 2] [37 2 2] [38 2 2] [39 2 2] [40 2 2] [41 2 2] [42 2 2] [43 2 2] [44 2 2] [45 2 2] [46 2 2] [47 2 2] [48 2 2] [49 3 2] [50 3 2] [51 3 2] [52 3 2] [53 3 2] [54 3 2] [55 3 2] [56 3 2] [57 3 2] [58 3 2] [59 3 2] [60 3 2] [61 3 2] [62 3 2] [63 3 2] [64 3 2] [65 4 2] [66 4 2] [67 4 2] [68 4 2] [69 4 2] [70 4 2] [71 4 2] [72 4 2] [73 4 2] [74 4 2] [75 4 2] [76 4 2] [77 4 2] [78 4 2] [79 4 2] [80 4 2] [81 1 3] [82 1 3] [83 1 3] [84 1 3] [85 1 3] [86 1 3] [87 1 3] [88 1 3] [89 1 3] [90 1 3] [91 1 3] [92 1 3] [93 1 3] [94 1 3] [95 1 3] [96 1 3] [97 2 3] [98 2 3] [99 2 3] [100 2 3] [101 2 3] [102 2 3] [103 2 3] [104 2 3] [105 2 3] [106 2 3] [107 2 3] [108 2 3] [109 2 3] [110 2 3] [111 2 3] [112 2 3] [113 3 3] [114 3 3] [115 3 3] [116 3 3] [117 3 3] [118 3 3] [119 3 3] [120 3 3] [121 3 3] [122 3 3] [123 3 3] [124 3 3] [125 3 3] [126 3 3] [127 3 3] [128 3 3] [129 4 3] [130 4 3] [131 4 3] [132 4 3] [133 4 3] [134 4 3] [135 4 3] [136 4 3] [137 4 3] [138 4 3] [139 4 3] [140 4 3] [141 4 3] [142 4 3] [143 4 3] [144 4 3] [145 4 3] [146 4 3] [147 5 3] [148 5 3] [149 5 3] [150 5 3] [151 5 3] [152 5 3] [153 5 3] [154 5 3] [155 5 3] [156 5 3] [157 5 3] [158 5 3] [159 5 3] [160 5 3] [161 5 3] [162 5 3] [163 5 3] [164 5 3] [165 5 3]],[[13 29 45 55 61 93 109 143 151 154 162 21 53 59 86 118 140 141 141 141 141 141] [903 2900 4921 3379 3379 6357 7422 5343 1339 421 5704 3830 4721 4721 5382 4721 5382 6954 6955 6957 6952 6951] [59 10027 10161 10058 10058 20091 20161 20023 89 28 20047 10089 10148 10148 20025 10148 20025 20131 20131 20131 20131 20131] [3 3 3 3 3 3 3 1 1 3 3 2 2 2 2 2 2 10 10 10 10 10] [2.6 3.5 3.1 1.4 3.8 3.8 4.9 4.2 3.1 0.8 2.5 0.9 0.7 5.4 4.7 7.5 4.7 1.3 1.3 1.3 1.3 1.3]]
CypD-x0574-pandda-model,[[1 1 1] [2 1 1] [3 1 1] [4 1 1] [5 1 1] [6 1 1] [7 1 1] [8 1 1] [9 1 1] [10 1 1] [11 1 1] [12 1 1] [13 1 1] [14 1 1] [15 1 1] [16 1 1] [17 1 1] [18 1 1] [19 1 1] [20 1 1] [21 1 1] [22 1 1] [23 1 1] [24 1 1] [25 1 1] [26 1 1] [27 2 1] [28 2 1] [29 2 1] [30 2 1] [31 2 1] [32 2 1] [33 2 1] [34 2 1] [35 2 1] [36 2 1] [37 2 1] [38 2 1] [39 2 1] [40 2 1] [41 2 1] [42 2 1] [43 2 1] [44 2 1] [45 2 1] [46 2 1] [47 2 1] [48 2 1] [49 2 1] [50 2 1] [51 2 1] [52 2 1] [53 1 2] [54 1 2] [55 1 2] [56 1 2] [57 1 2] [58 1 2] [59 1 2] [60 1 2] [61 1 2] [62 1 2] [63 1 2] [64 1 2] [65 1 2] [66 1 2] [67 1 2] [68 1 2] [69 1 2] [70 1 2] [71 1 2] [72 1 2] [73 1 2] [74 1 2] [75 1 2] [76 1 2] [77 1 2] [78 1 2] [79 2 2] [80 2 2] [81 2 2] [82 2 2] [83 2 2] [84 2 2] [85 2 2] [86 2 2] [87 2 2] [88 2 2] [89 2 2] [90 2 2] [91 2 2] [92 2 2] [93 2 2] [94 2 2] [95 2 2] [96 2 2] [97 2 2] [98 2 2] [99 2 2] [100 2 2] [101 2 2] [102 2 2] [103 2 2] [104 2 2]],[[39 64 95 27 27 27 27 27] [1516 3460 1339 1882 1885 1887 1889 1883] [102 10063 89 126 126 126 126 126] [4 2 2 10 10 10 10 10] [3.3 2.1 1.7 1.2 1.2 1.2 1.2 1.2]]
CypD-x0579-pandda-model,[[1 1 1] [2 1 1] [3 1 1] [4 1 1] [5 1 1] [6 1 1] [7 1 1] [8 1 1] [9 1 1] [10 1 1] [11 1 1] [12 1 1] [13 1 1] [14 1 1] [15 1 1] [16 1 1] [17 1 1] [18 1 1] [19 1 1] [20 1 1] [21 1 1] [22 1 1] [23 1 1] [24 1 1] [25 1 1] [26 1 1] [27 2 1] [28 2 1] [29 2 1] [30 2 1] [31 2 1] [32 2 1] [33 2 1] [34 2 1] [35 2 1] [36 2 1] [37 2 1] [38 2 1] [39 2 1] [40 2 1] [41 2 1] [42 2 1] [43 2 1] [44 2 1] [45 2 1] [46 2 1] [47 2 1] [48 2 1] [49 2 1] [50 2 1] [51 2 1] [52 2 1] [53 1 2] [54 1 2] [55 1 2] [56 1 2] [57 1 2] [58 1 2] [59 1 2] [60 1 2] [61 1 2] [62 1 2] [63 1 2] [64 1 2] [65 1 2] [66 1 2] [67 1 2] [68 1 2] [69 1 2] [70 1 2] [71 1 2] [72 1 2] [73 1 2] [74 1 2] [75 1 2] [76 1 2] [77 1 2] [78 1 2]],[[57 11 33 37 59 63] [3464 2025 970 1517 3334 5837] [10063 136 63 102 10055 20055] [1 4 2 4 2 2] [2.3 3.8 2.7 3.6 3.9 4.7]]
CypD-x0581-pandda-model,[[1 1 1] [2 1 1] [3 1 1] [4 1 1] [5 1 1] [6 1 1] [7 1 1] [8 1 1] [9 1 1] [10 1 1] [11 1 1] [12 1 1] [13 1 1] [14 1 1] [15 1 1] [16 1 1] [17 1 1] [18 1 1] [19 1 1] [20 1 1] [21 1 1] [22 1 2] [23 1 2] [24 1 2] [25 1 2] [26 1 2] [27 1 2] [28 1 2] [29 1 2] [30 1 2] [31 1 2] [32 1 2] [33 1 2] [34 1 2] [35 1 2] [36 1 2] [37 1 2] [38 1 2] [39 1 2] [40 1 2] [41 1 2] [42 1 2] [43 2 2] [44 2 2] [45 2 2] [46 2 2] [47 2 2] [48 2 2] [49 2 2] [50 2 2] [51 2 2] [52 2 2] [53 2 2] [54 2 2] [55 2 2] [56 2 2] [57 2 2] [58 2 2] [59 2 2] [60 2 2] [61 2 2] [62 2 2] [63 2 2]],[[47 51 57 59 52 53 55 51 57 59 52 53 55] [421 424 424 424 424 424 424 428 428 428 428 428 428] [28 28 28 28 28 28 28 28 28 28 28 28 28] [3 10 10 10 10 10 10 10 10 10 10 10 10] [2.6 0.5 0.5 0.5 0.5 0.5 0.5 0.5 0.5 0.5 0.5 0.5 0.5]]
CypD-x0583-pandda-model,[[1 1 1] [2 1 1] [3 1 1] [4 1 1] [5 1 1] [6 1 1] [7 1 1] [8 1 1] [9 1 1] [10 1 1] [11 1 1] [12 1 1] [13 1 1] [14 1 1] [15 1 1] [16 1 1] [17 1 1] [18 1 1] [19 1 1] [20 1 1] [21 1 1] [22 1 1] [23 1 1] [24 1 1] [25 1 1] [26 1 1] [27 1 1] [28 1 1] [29 1 1] [30 1 1] [31 1 1] [32 1 2] [33 1 2] [34 1 2] [35 1 2] [36 1 2] [37 1 2] [38 1 2] [39 1 2] [40 1 2] [41 1 2] [42 1 2] [43 1 2] [44 1 2] [45 1 2] [46 1 2] [47 1 2] [48 1 2] [49 1 2] [50 1 2] [51 1 2] [52 1 2] [53 1 2] [54 1 2] [55 1 2] [56 1 2] [57 1 2] [58 1 2] [59 1 2] [60 1 2] [61 1 2] [62 1 2]],[[5 36] [480 2970] [31 10031] [1 1] [12.1 11.7]]
CypD-x0584-pandda-model,[[1 1 1] [2 1 1] [3 1 1] [4 1 1] [5 1 1] [6 1 1] [7 1 1] [8 1 1] [9 1 1] [10 1 1] [11 1 1] [12 1 1] [13 1 1] [14 1 1] [15 1 1] [16 1 1] [17 1 1] [18 1 1] [19 1 1] [20 1 1] [21 1 1] [22 1 1] [23 1 1]],[[17 10 9 10] [351 390 351 390] [23 25 23 25] [1 2 7 7] [1.4 17 0.818783275 7.068694764]]
CypD-x0588-pandda-model,[[1 1 1] [2 1 1] [3 1 1] [4 1 1] [5 1 1] [6 1 1] [7 1 1] [8 1 1] [9 1 1] [10 1 1] [11 1 1] [12 1 1] [13 1 1] [14 1 1] [15 1 1] [16 1 1] [17 1 1] [18 1 1] [19 1 1] [20 1 1] [21 1 1] [22 1 1] [23 1 1] [24 1 1] [25 1 1] [26 1 1] [27 1 2] [28 1 2] [29 1 2] [30 1 2] [31 1 2] [32 1 2] [33 1 2] [34 1 2] [35 1 2] [36 1 2] [37 1 2] [38 1 2] [39 1 2] [40 1 2] [41 1 2] [42 1 2] [43 1 2] [44 1 2] [45 1 2] [46 1 2] [47 1 2] [48 1 2] [49 1 2] [50 1 2] [51 1 2] [52 1 2]],[[7 33 5 5 5 5 5 5 41 41 41 41 41 41 14 26 24 19 17 15 40 52 50 45 43 41] [480 2970 1179 1183 1187 1185 1181 1178 3668 3671 3675 3677 3673 3669 1263 1263 1263 1263 1263 1263 3753 3753 3753 3753 3753 3753] [31 10031 79 79 79 79 79 79 10079 10079 10079 10079 10079 10079 84 84 84 84 84 84 10084 10084 10084 10084 10084 10084] [2 2 10 10 10 10 10 10 10 10 10 10 10 10 10 10 10 10 10 10 10 10 10 10 10 10] [10.5 10.4 0.6 0.6 0.6 0.6 0.6 0.6 0.5 0.5 0.5 0.5 0.5 0.5 0.9 0.9 0.9 0.9 0.9 0.9 1 1 1 1 1 1]]
CypD-x0593-pandda-model,[[1 1 1] [2 1 1] [3 1 1] [4 1 1] [5 1 1] [6 1 1] [7 1 1] [8 1 1] [9 1 1] [10 1 1] [11 1 1] [12 1 1] [13 1 1] [14 1 1] [15 1 1] [16 1 1] [17 1 1] [18 1 1] [19 1 1] [20 1 1] [21 1 1] [22 1 1] [23 1 1] [24 1 1] [25 1 1] [26 1 1] [27 1 1] [28 1 1] [29 1 1]],[[6 16 25 23 21 19 17 16 25 23 21 19 17] [480 1238 1238 1238 1238 1238 1238 1263 1263 1263 1263 1263 1263] [31 83 83 83 83 83 83 84 84 84 84 84 84] [2 10 10 10 10 10 10 10 10 10 10 10 10] [11.2 0.5 0.5 0.5 0.5 0.5 0.5 0.7 0.7 0.7 0.7 0.7 0.7]]
CypD-x0595-pandda-model,[[1 1 1] [2 1 1] [3 1 1] [4 1 1] [5 1 1] [6 1 1] [7 1 1] [8 1 1] [9 1 1] [10 1 1] [11 1 1] [12 1 1] [13 1 1] [14 1 1] [15 1 1] [16 1 1] [17 1 1] [18 1 1] [19 1 1] [20 1 1] [21 1 1] [22 1 1] [23 1 1] [24 1 1] [25 1 1] [26 1 1] [27 1 1] [28 1 1] [29 1 1] [30 1 1] [31 1 1] [32 1 1] [33 1 1] [34 1 1]],[[10 9 18 16 15 13 11] [1360 1356 1356 1356 1356 1356 1356] [91 90 90 90 90 90 90] [4 10 10 10 10 10 10] [3.9 0.5 0.5 0.5 0.5 0.5 0.5]]
CypD-x0596-pandda-model,[[1 1 1] [2 1 1] [3 1 1] [4 1 1] [5 1 1] [6 1 1] [7 1 1] [8 1 1] [9 1 1] [10 1 1] [11 1 1] [12 1 1] [13 1 1] [14 1 1] [15 1 1] [16 1 1] [17 1 1] [18 1 1] [19 1 1] [20 1 1] [21 1 1] [22 1 1] [23 1 1] [24 1 1] [25 2 1] [26 2 1] [27 2 1] [28 2 1] [29 2 1] [30 2 1] [31 2 1] [32 2 1] [33 2 1] [34 2 1] [35 2 1] [36 2 1] [37 2 1] [38 2 1] [39 2 1] [40 2 1] [41 2 1] [42 2 1] [43 2 1] [44 2 1] [45 2 1] [46 2 1] [47 2 1] [48 2 1] [49 1 2] [50 1 2] [51 1 2] [52 1 2] [53 1 2] [54 1 2] [55 1 2] [56 1 2] [57 1 2] [58 1 2] [59 1 2] [60 1 2] [61 1 2] [62 1 2] [63 1 2] [64 1 2] [65 1 2] [66 1 2] [67 1 2] [68 1 2] [69 1 2] [70 1 2] [71 1 2] [72 1 2] [73 1 3] [74 1 3] [75 1 3] [76 1 3] [77 1 3] [78 1 3] [79 1 3] [80 1 3] [81 1 3] [82 1 3] [83 1 3] [84 1 3] [85 1 3] [86 1 3] [87 1 3] [88 1 3] [89 1 3] [90 1 3] [91 1 3] [92 1 3] [93 1 3] [94 1 3] [95 1 3] [96 1 3]],[[14 18 29 30 38 42 42 53 62 66 66 77 86 39 39 39 39 39 39] [7262 1869 843 1516 970 843 846 3333 4006 3333 3336 5833 6506 1667 1670 1674 1676 1672 1668] [20151 125 55 102 63 55 55 10055 10102 10055 10055 20055 20102 113 113 113 113 113 113] [2 2 2 4 2 2 2 2 4 2 2 2 4 10 10 10 10 10 10] [5.6 7.9 2.3 3.7 2.4 1.9 6.3 1.4 2.9 3.8 7.9 2.5 3.6 1 1 1 1 1 1]]
CypD-x0597-pandda-model,[[1 1 1] [2 1 1] [3 1 1] [4 1 1] [5 1 1] [6 1 1] [7 1 1] [8 1 1] [9 1 1] [10 1 1] [11 1 1] [12 1 1] [13 1 1] [14 1 1] [15 1 1] [16 1 1] [17 1 1] [18 1 1] [19 1 1] [20 1 1] [21 1 1] [22 1 1] [23 1 1] [24 1 1] [25 1 1] [26 1 1] [27 1 1] [28 1 1] [29 1 2] [30 1 2] [31 1 2] [32 1 2] [33 1 2] [34 1 2] [35 1 2] [36 1 2] [37 1 2] [38 1 2] [39 1 2] [40 1 2] [41 1 2] [42 1 2] [43 1 2] [44 1 2] [45 1 2] [46 1 2] [47 1 2] [48 1 2] [49 1 2] [50 1 2] [51 1 2] [52 1 2] [53 1 2] [54 1 2] [55 1 2] [56 1 2]],[[14 23 21 19 17 15 1 26 24 8 6 3 14 23 21 19 17 15 29 54 52 36 34 31 42 51 49 47 45 43] [1234 1234 1234 1234 1234 1234 1263 1263 1263 1263 1263 1263 1263 1263 1263 1263 1263 1263 3753 3753 3753 3753 3753 3753 3753 3753 3753 3753 3753 3753] [83 83 83 83 83 83 84 84 84 84 84 84 84 84 84 84 84 84 10084 10084 10084 10084 10084 10084 10084 10084 10084 10084 10084 10084] [10 10 10 10 10 10 10 10 10 10 10 10 10 10 10 10 10 10 10 10 10 10 10 10 10 10 10 10 10 10] [0.8 0.8 0.8 0.8 0.8 0.8 0.7 0.7 0.7 0.7 0.7 0.7 0.7 0.7 0.7 0.7 0.7 0.7 0.5 0.5 0.5 0.5 0.5 0.5 0.5 0.5 0.5 0.5 0.5 0.5]]
CypD-x0600-pandda-model,[[1 1 1] [2 1 1] [3 1 1] [4 1 1] [5 1 1] [6 1 1] [7 1 1] [8 1 1] [9 1 1] [10 1 1] [11 1 1] [12 1 1] [13 1 1] [14 1 1] [15 1 1] [16 1 1] [17 1 1] [18 1 1] [19 1 1] [20 1 1] [21 1 1] [22 1 1] [23 1 1] [24 1 1] [25 1 1] [26 1 1] [27 1 1] [28 1 1] [29 1 1] [30 1 1] [31 1 1] [32 1 1] [33 1 1] [34 1 1] [35 1 1] [36 1 1] [37 1 2] [38 1 2] [39 1 2] [40 1 2] [41 1 2] [42 1 2] [43 1 2] [44 1 2] [45 1 2] [46 1 2] [47 1 2] [48 1 2] [49 1 2] [50 1 2] [51 1 2] [52 1 2] [53 1 2] [54 1 2] [55 1 2] [56 1 2] [57 1 2] [58 1 2] [59 1 2] [60 1 2] [61 1 2] [62 1 2] [63 1 2] [64 1 2] [65 1 2] [66 1 2] [67 1 2] [68 1 2] [69 1 2] [70 1 2] [71 1 2] [72 1 2] [73 1 3] [74 1 3] [75 1 3] [76 1 3] [77 1 3] [78 1 3] [79 1 3] [80 1 3] [81 1 3] [82 1 3] [83 1 3] [84 1 3] [85 1 3] [86 1 3] [87 1 3] [88 1 3] [89 1 3] [90 1 3] [91 1 3] [92 1 3] [93 1 3] [94 1 3] [95 1 3] [96 1 3] [97 1 3] [98 1 3] [99 1 3] [100 1 3] [101 1 3] [102 1 3] [103 1 3] [104 1 3] [105 1 3] [106 1 3] [107 1 3] [108 1 3]],[[11 47 50 83 86 17 17 17 17 17 17] [903 3393 3393 5893 5893 918 921 925 927 923 919] [59 10059 10059 20059 20059 60 60 60 60 60 60] [3 3 3 3 3 10 10 10 10 10 10] [1.6 1.2 1 1 0.9 0.6 0.6 0.6 0.6 0.6 0.6]]
CypD-x0601-pandda-model,[[1 1 1] [2 1 1] [3 1 1] [4 1 1] [5 1 1] [6 1 1] [7 1 1] [8 1 1] [9 1 1] [10 1 1] [11 1 1] [12 1 1] [13 1 1] [14 1 1] [15 1 1] [16 1 1] [17 1 1] [18 1 1] [19 1 1] [20 1 1] [21 1 1] [22 1 1] [23 2 1] [24 2 1] [25 2 1] [26 2 1] [27 2 1] [28 2 1] [29 2 1] [30 2 1] [31 2 1] [32 2 1] [33 2 1] [34 2 1] [35 2 1] [36 2 1] [37 2 1] [38 2 1] [39 2 1] [40 2 1] [41 2 1] [42 2 1] [43 2 1] [44 2 1] [45 1 2] [46 1 2] [47 1 2] [48 1 2] [49 1 2] [50 1 2] [51 1 2] [52 1 2] [53 1 2] [54 1 2] [55 1 2] [56 1 2] [57 1 2] [58 1 2] [59 1 2] [60 1 2] [61 1 2] [62 1 2] [63 1 2] [64 1 2] [65 1 2] [66 1 2] [67 2 2] [68 2 2] [69 2 2] [70 2 2] [71 2 2] [72 2 2] [73 2 2] [74 2 2] [75 2 2] [76 2 2] [77 2 2] [78 2 2] [79 2 2] [80 2 2] [81 2 2] [82 2 2] [83 2 2] [84 2 2] [85 2 2] [86 2 2] [87 2 2] [88 2 2] [89 1 3] [90 1 3] [91 1 3] [92 1 3] [93 1 3] [94 1 3] [95 1 3] [96 1 3] [97 1 3] [98 1 3] [99 1 3] [100 1 3] [101 1 3] [102 1 3] [103 1 3] [104 1 3] [105 1 3] [106 1 3] [107 1 3] [108 1 3] [109 1 3] [110 1 3]],[[26 28 28 70 75 92 94 4 26 48 92 35 41 43 36 37 39 13 19 21 14 15 17 57 63 65 58 59 61 49 55 53 50 51] [2434 615 2430 4925 3175 7426 7422 1360 734 3850 5726 688 688 688 688 688 688 1356 1356 1356 1356 1356 1356 3846 3846 3846 3846 3846 3846 3862 3862 3862 3862 3862] [161 40 161 10161 10045 20161 20161 91 49 10091 20049 46 46 46 46 46 46 90 90 90 90 90 90 10090 10090 10090 10090 10090 10090 10091 10091 10091 10091 10091] [1 3 3 1 3 1 3 4 4 4 4 10 10 10 10 10 10 10 10 10 10 10 10 10 10 10 10 10 10 10 10 10 10 10] [0.6 1.9 1 0.7 1.4 1.3 4.4 3.8 2.6 4.4 2 0.9 0.9 0.9 0.9 0.9 0.9 0.5 0.5 0.5 0.5 0.5 0.5 0.6 0.6 0.6 0.6 0.6 0.6 0.5 0.5 0.5 0.5 0.5]]
CypD-x0602-pandda-model,[[1 1 1] [2 1 1] [3 1 1] [4 1 1] [5 1 1] [6 1 1] [7 1 1] [8 1 1] [9 1 1] [10 1 1] [11 1 1] [12 1 1] [13 1 1] [14 1 1] [15 1 1] [16 1 1] [17 1 1] [18 1 1] [19 1 1] [20 1 1] [21 1 1] [22 1 1] [23 1 1] [24 1 1] [25 1 1] [26 1 1] [27 1 1] [28 1 1] [29 2 1] [30 2 1] [31 2 1] [32 2 1] [33 2 1] [34 2 1] [35 2 1] [36 2 1] [37 2 1] [38 2 1] [39 2 1] [40 2 1] [41 2 1] [42 2 1] [43 2 1] [44 2 1] [45 2 1] [46 2 1] [47 2 1] [48 2 1] [49 2 1] [50 2 1] [51 2 1] [52 2 1] [53 2 1] [54 2 1] [55 2 1] [56 2 1] [57 1 2] [58 1 2] [59 1 2] [60 1 2] [61 1 2] [62 1 2] [63 1 2] [64 1 2] [65 1 2] [66 1 2] [67 1 2] [68 1 2] [69 1 2] [70 1 2] [71 1 2] [72 1 2] [73 1 2] [74 1 2] [75 1 2] [76 1 2] [77 1 2] [78 1 2] [79 1 2] [80 1 2] [81 1 2] [82 1 2] [83 1 2] [84 1 2] [85 2 2] [86 2 2] [87 2 2] [88 2 2] [89 2 2] [90 2 2] [91 2 2] [92 2 2] [93 2 2] [94 2 2] [95 2 2] [96 2 2] [97 2 2] [98 2 2] [99 2 2] [100 2 2] [101 2 2] [102 2 2] [103 2 2] [104 2 2] [105 2 2] [106 2 2] [107 2 2] [108 2 2] [109 2 2] [110 2 2] [111 2 2] [112 2 2] [113 3 2] [114 3 2] [115 3 2] [116 3 2] [117 3 2] [118 3 2] [119 3 2] [120 3 2] [121 3 2] [122 3 2] [123 3 2] [124 3 2] [125 3 2] [126 3 2] [127 3 2] [128 3 2] [129 3 2] [130 3 2] [131 3 2] [132 3 2] [133 3 2] [134 3 2] [135 3 2] [136 3 2] [137 3 2] [138 3 2] [139 3 2] [140 1 3] [141 1 3] [142 1 3] [143 1 3] [144 1 3] [145 1 3] [146 1 3] [147 1 3] [148 1 3] [149 1 3] [150 1 3] [151 1 3] [152 1 3] [153 1 3] [154 1 3] [155 1 3] [156 1 3] [157 1 3] [158 1 3] [159 1 3] [160 1 3] [161 1 3] [162 1 3] [163 1 3] [164 1 3] [165 1 3] [166 1 3] [167 2 3] [168 2 3] [169 2 3] [170 2 3] [171 2 3] [172 2 3] [173 2 3] [174 2 3] [175 2 3] [176 2 3] [177 2 3] [178 2 3] [179 2 3] [180 2 3] [181 2 3] [182 2 3] [183 2 3] [184 2 3] [185 2 3] [186 2 3] [187 2 3] [188 2 3] [189 2 3] [190 2 3] [191 2 3] [192 2 3] [193 2 3] [194 2 3] [195 3 3] [196 3 3] [197 3 3] [198 3 3] [199 3 3] [200 3 3] [201 3 3] [202 3 3] [203 3 3] [204 3 3] [205 3 3] [206 3 3] [207 3 3] [208 3 3] [209 3 3] [210 3 3] [211 3 3] [212 3 3] [213 3 3] [214 3 3] [215 3 3] [216 3 3] [217 3 3] [218 3 3] [219 3 3] [220 3 3] [221 3 3]],[[4 8 14 36 60 143 170 62 118 102 102 102 102 102 102 35 44 42 36 40 38 7 16 14 8 12 10 91 100 98 92 96 94 119 127 125 120 123 121 63 72 70 64 68 66 146 154 152 147 150 148] [1365 1959 1948 1256 3854 6353 7160 3849 1223 3672 3676 3674 3670 3667 3668 1263 1263 1263 1263 1263 1263 1347 1347 1347 1347 1347 1347 3672 3672 3672 3672 3672 3672 3723 3723 3723 3723 3723 3723 3944 3944 3944 3944 3944 3944 6335 6335 6335 6335 6335 6335] [91 131 130 84 10091 20091 20144 10091 82 10079 10079 10079 10079 10079 10079 84 84 84 84 84 84 90 90 90 90 90 90 10079 10079 10079 10079 10079 10079 10083 10083 10083 10083 10083 10083 10097 10097 10097 10097 10097 10097 20090 20090 20090 20090 20090 20090] [3 1 3 3 3 3 1 4 2 10 10 10 10 10 10 10 10 10 10 10 10 10 10 10 10 10 10 10 10 10 10 10 10 10 10 10 10 10 10 10 10 10 10 10 10 10 10 10 10 10 10] [2.9 1.2 0.6 2.3 3.1 2.6 2.9 2.8 4.1 0.8 0.8 0.8 0.8 0.8 0.8 0.5 0.5 0.5 0.5 0.5 0.5 0.8 0.8 0.8 0.8 0.8 0.8 0.7 0.7 0.7 0.7 0.7 0.7 0.5 0.5 0.5 0.5 0.5 0.5 0.5 0.5 0.5 0.5 0.5 0.5 0.8 0.8 0.8 0.8 0.8 0.8]]
CypD-x0603-pandda-model,[[1 1 1] [2 1 1] [3 1 1] [4 1 1] [5 1 1] [6 1 1] [7 1 1] [8 1 1] [9 1 1] [10 1 1] [11 1 1] [12 1 1] [13 1 1] [14 1 1] [15 1 1] [16 1 1] [17 1 1] [18 1 1] [19 1 1] [20 1 1] [21 1 1] [22 1 1] [23 1 1] [24 1 1] [25 1 1] [26 1 1] [27 1 1] [28 1 1] [29 1 1] [30 1 2] [31 1 2] [32 1 2] [33 1 2] [34 1 2] [35 1 2] [36 1 2] [37 1 2] [38 1 2] [39 1 2] [40 1 2] [41 1 2] [42 1 2] [43 1 2] [44 1 2] [45 1 2] [46 1 2] [47 1 2] [48 1 2] [49 1 2] [50 1 2] [51 1 2] [52 1 2] [53 1 2] [54 1 2] [55 1 2] [56 1 2] [57 1 2] [58 1 2] [59 1 3] [60 1 3] [61 1 3] [62 1 3] [63 1 3] [64 1 3] [65 1 3] [66 1 3] [67 1 3] [68 1 3] [69 1 3] [70 1 3] [71 1 3] [72 1 3] [73 1 3] [74 1 3] [75 1 3] [76 1 3] [77 1 3] [78 1 3] [79 1 3] [80 1 3] [81 1 3] [82 1 3] [83 1 3] [84 1 3] [85 1 3] [86 1 3] [87 1 3] [88 2 3] [89 2 3] [90 2 3] [91 2 3] [92 2 3] [93 2 3] [94 2 3] [95 2 3] [96 2 3] [97 2 3] [98 2 3] [99 2 3] [100 2 3] [101 2 3] [102 2 3] [103 2 3] [104 2 3] [105 2 3] [106 2 3] [107 2 3] [108 2 3] [109 2 3] [110 2 3] [111 2 3] [112 2 3] [113 2 3]],[[34 36 70 105 98 98 98 98 98 107 107 107 107 107 106 106 106 106 106 109 109 109 109 109 105 105 105 105 105] [3577 3459 5959 5379 6949 6955 6953 6951 6948 6949 6955 6953 6951 6948 6949 6955 6953 6951 6948 6949 6955 6953 6951 6948 6949 6955 6953 6951 6948] [10072 10063 20063 20025 20131 20131 20131 20131 20131 20131 20131 20131 20131 20131 20131 20131 20131 20131 20131 20131 20131 20131 20131 20131 20131 20131 20131 20131 20131] [3 2 2 2 10 10 10 10 10 10 10 10 10 10 10 10 10 10 10 10 10 10 10 10 10 10 10 10 10] [5.8 3.7 3.8 7.9 -0 -0 -0 -0 -0 -0 -0 -0 -0 -0 -0 -0 -0 -0 -0 -0 -0 -0 -0 -0 -0 -0 -0 -0 -0]]
CypD-x0606-pandda-model,[[1 1 1] [2 1 1] [3 1 1] [4 1 1] [5 1 1] [6 1 1] [7 1 1] [8 1 1] [9 1 1] [10 1 1] [11 1 1] [12 1 1] [13 1 1] [14 1 1] [15 1 1] [16 1 1] [17 1 1] [18 1 1] [19 1 1] [20 1 1] [21 1 1] [22 1 1] [23 1 1]],[[7 13 22 20 18 16 14] [1360 1356 1356 1356 1356 1356 1356] [91 90 90 90 90 90 90] [4 10 10 10 10 10 10] [3.7 0.8 0.8 0.8 0.8 0.8 0.8]]
CypD-x0608-pandda-model,[[1 1 1] [2 1 1] [3 1 1] [4 1 1] [5 1 1] [6 1 1] [7 1 1] [8 1 1] [9 1 1] [10 1 1] [11 1 1] [12 1 1] [13 1 1] [14 1 1] [15 1 1] [16 1 1] [17 1 1] [18 1 1] [19 1 1] [20 1 1] [21 1 1] [22 1 1] [23 1 1] [24 1 1] [25 1 1]],[[13 18 17 24 15] [1533 1533 1533 1533 1533] [103 103 103 103 103] [10 10 10 10 10] [0.8 0.8 0.8 0.8 0.8]]
CypD-x0610-pandda-model,[[1 1 1] [2 1 1] [3 1 1] [4 1 1] [5 1 1] [6 1 1] [7 1 1] [8 1 1] [9 1 1] [10 1 1] [11 1 1] [12 1 1] [13 1 1] [14 1 1] [15 1 1] [16 1 1] [17 1 1] [18 1 1] [19 1 1] [20 1 1] [21 1 1] [22 1 1] [23 1 1] [24 1 1] [25 1 1] [26 1 1] [27 1 1] [28 1 2] [29 1 2] [30 1 2] [31 1 2] [32 1 2] [33 1 2] [34 1 2] [35 1 2] [36 1 2] [37 1 2] [38 1 2] [39 1 2] [40 1 2] [41 1 2] [42 1 2] [43 1 2] [44 1 2] [45 1 2] [46 1 2] [47 1 2] [48 1 2] [49 1 2] [50 1 2] [51 1 2] [52 1 2] [53 1 2] [54 1 2] [55 1 3] [56 1 3] [57 1 3] [58 1 3] [59 1 3] [60 1 3] [61 1 3] [62 1 3] [63 1 3] [64 1 3] [65 1 3] [66 1 3] [67 1 3] [68 1 3] [69 1 3] [70 1 3] [71 1 3] [72 1 3] [73 1 3] [74 1 3] [75 1 3] [76 1 3] [77 1 3] [78 1 3] [79 1 3] [80 1 3] [81 1 3]],[[2 31 34 8 8 8 8 8 8 39 39 39 39 39 39 1 25 23 11 8 5 28 52 50 38 35 32] [1174 2970 2967 1178 1181 1185 1187 1183 1179 3668 3671 3675 3677 3673 3669 480 480 480 480 480 480 3753 3753 3753 3753 3753 3753] [79 10031 10031 79 79 79 79 79 79 10079 10079 10079 10079 10079 10079 31 31 31 31 31 31 10084 10084 10084 10084 10084 10084] [3 2 2 10 10 10 10 10 10 10 10 10 10 10 10 10 10 10 10 10 10 10 10 10 10 10 10] [0.8 5.5 0.5 0.7 0.7 0.7 0.7 0.7 0.7 0.5 0.5 0.5 0.5 0.5 0.5 0.5 0.5 0.5 0.5 0.5 0.5 0.7 0.7 0.7 0.7 0.7 0.7]]
CypD-x0611-pandda-model,[[1 1 1] [2 1 1] [3 1 1] [4 1 1] [5 1 1] [6 1 1] [7 1 1] [8 1 1] [9 1 1] [10 1 1] [11 1 1] [12 1 1] [13 1 1] [14 1 1] [15 1 1] [16 1 1] [17 1 1] [18 1 1] [19 1 1] [20 1 1] [21 1 1] [22 1 1] [23 1 1] [24 1 1] [25 1 1] [26 1 1] [27 1 1] [28 1 1] [29 1 1] [30 1 1]],[[] [] [] [] []]
CypD-x0613-pandda-model,[[1 1 1] [2 1 1] [3 1 1] [4 1 1] [5 1 1] [6 1 1] [7 1 1] [8 1 1] [9 1 1] [10 1 1] [11 1 1] [12 1 1] [13 1 1] [14 1 1] [15 1 1] [16 1 1] [17 1 1] [18 1 1] [19 1 1] [20 1 1] [21 1 1] [22 1 1] [23 1 1] [24 1 1] [25 1 1] [26 1 1] [27 1 1] [28 1 2] [29 1 2] [30 1 2] [31 1 2] [32 1 2] [33 1 2] [34 1 2] [35 1 2] [36 1 2] [37 1 2] [38 1 2] [39 1 2] [40 1 2] [41 1 2] [42 1 2] [43 1 2] [44 1 2] [45 1 2] [46 1 2] [47 1 2] [48 1 2] [49 1 2] [50 1 2] [51 1 2] [52 1 2] [53 1 2] [54 1 2] [55 1 3] [56 1 3] [57 1 3] [58 1 3] [59 1 3] [60 1 3] [61 1 3] [62 1 3] [63 1 3] [64 1 3] [65 1 3] [66 1 3] [67 1 3] [68 1 3] [69 1 3] [70 1 3] [71 1 3] [72 1 3] [73 1 3] [74 1 3] [75 1 3] [76 1 3] [77 1 3] [78 1 3] [79 1 3] [80 1 3] [81 1 3]],[[10 37 16 24 23 21 19 17 16 24 23 21 19 17 43 51 50 48 46 44] [1360 2877 1347 1347 1347 1347 1347 1347 1352 1352 1352 1352 1352 1352 3898 3898 3898 3898 3898 3898] [91 10025 90 90 90 90 90 90 90 90 90 90 90 90 10093 10093 10093 10093 10093 10093] [4 2 10 10 10 10 10 10 10 10 10 10 10 10 10 10 10 10 10 10] [0.5 0.8 0.6 0.6 0.6 0.6 0.6 0.6 0.7 0.7 0.7 0.7 0.7 0.7 0.9 0.9 0.9 0.9 0.9 0.9]]
CypD-x0616-pandda-model,[[1 1 1] [2 1 1] [3 1 1] [4 1 1] [5 1 1] [6 1 1] [7 1 1] [8 1 1] [9 1 1] [10 1 1] [11 1 1] [12 1 1] [13 1 1] [14 1 1] [15 1 1] [16 1 1] [17 1 1] [18 1 1] [19 1 1] [20 1 1] [21 1 1] [22 1 1] [23 1 1] [24 1 1] [25 1 1] [26 1 1] [27 1 1] [28 1 1] [29 1 1] [30 1 1] [31 1 1] [32 1 1] [33 1 2] [34 1 2] [35 1 2] [36 1 2] [37 1 2] [38 1 2] [39 1 2] [40 1 2] [41 1 2] [42 1 2] [43 1 2] [44 1 2] [45 1 2] [46 1 2] [47 1 2] [48 1 2] [49 1 2] [50 1 2] [51 1 2] [52 1 2] [53 1 2] [54 1 2] [55 1 2] [56 1 2] [57 1 2] [58 1 2] [59 1 2] [60 1 2] [61 1 2] [62 1 2] [63 1 2] [64 1 2]],[4 1360 91 4 3.8]
CypD-x0617-pandda-model,[[1 1 1] [2 1 1] [3 1 1] [4 1 1] [5 1 1] [6 1 1] [7 1 1] [8 1 1] [9 1 1] [10 1 1] [11 1 1] [12 1 1] [13 1 1] [14 1 1] [15 1 1] [16 1 1] [17 1 1] [18 1 1] [19 1 1] [20 1 1] [21 1 1] [22 1 1] [23 1 1] [24 1 1] [25 1 1] [26 1 1] [27 1 1] [28 1 1] [29 1 1] [30 1 2] [31 1 2] [32 1 2] [33 1 2] [34 1 2] [35 1 2] [36 1 2] [37 1 2] [38 1 2] [39 1 2] [40 1 2] [41 1 2] [42 1 2] [43 1 2] [44 1 2] [45 1 2] [46 1 2] [47 1 2] [48 1 2] [49 1 2] [50 1 2] [51 1 2] [52 1 2] [53 1 2] [54 1 2] [55 1 2] [56 1 2] [57 1 2] [58 1 2] [59 1 3] [60 1 3] [61 1 3] [62 1 3] [63 1 3] [64 1 3] [65 1 3] [66 1 3] [67 1 3] [68 1 3] [69 1 3] [70 1 3] [71 1 3] [72 1 3] [73 1 3] [74 1 3] [75 1 3] [76 1 3] [77 1 3] [78 1 3] [79 1 3] [80 1 3] [81 1 3] [82 1 3] [83 1 3] [84 1 3] [85 1 3] [86 1 3] [87 1 3] [88 2 3] [89 2 3] [90 2 3] [91 2 3] [92 2 3] [93 2 3] [94 2 3] [95 2 3] [96 2 3] [97 2 3] [98 2 3] [99 2 3] [100 2 3] [101 2 3] [102 2 3] [103 2 3] [104 2 3] [105 2 3] [106 2 3] [107 2 3] [108 2 3] [109 2 3] [110 2 3] [111 2 3] [112 2 3] [113 2 3] [114 2 3] [115 2 3] [116 2 3]],[[39 68 56 56 56 56 56 62 62 62 62 62 62 6 8 13 15 17 7 93 95 100 102 104 94 93 95 100 102 104 94] [4438 3392 4448 4451 4452 4454 4449 3410 3414 3416 3412 3408 3407 1356 1356 1356 1356 1356 1356 6337 6337 6337 6337 6337 6337 6342 6342 6342 6342 6342 6342] [10130 10059 10131 10131 10131 10131 10131 10060 10060 10060 10060 10060 10060 90 90 90 90 90 90 20090 20090 20090 20090 20090 20090 20090 20090 20090 20090 20090 20090] [3 3 10 10 10 10 10 10 10 10 10 10 10 10 10 10 10 10 10 10 10 10 10 10 10 10 10 10 10 10 10] [6.1 6.6 1 1 1 1 1 1.2 1.2 1.2 1.2 1.2 1.2 0.6 0.6 0.6 0.6 0.6 0.6 0.6 0.6 0.6 0.6 0.6 0.6 0.8 0.8 0.8 0.8 0.8 0.8]]
CypD-x0618-pandda-model,[[1 1 1] [2 1 1] [3 1 1] [4 1 1] [5 1 1] [6 1 1] [7 1 1] [8 1 1] [9 1 1] [10 1 1] [11 1 1] [12 1 1] [13 1 1] [14 1 1] [15 1 1] [16 1 1] [17 1 1] [18 1 1] [19 1 1] [20 1 1] [21 1 1] [22 1 1] [23 1 1] [24 1 1] [25 1 1] [26 1 1] [27 1 1] [28 1 1] [29 1 1] [30 1 1] [31 1 1] [32 1 1] [33 1 1] [34 2 1] [35 2 1] [36 2 1] [37 2 1] [38 2 1] [39 2 1] [40 2 1] [41 2 1] [42 2 1] [43 2 1] [44 2 1] [45 2 1] [46 2 1] [47 2 1] [48 2 1] [49 2 1] [50 2 1] [51 2 1] [52 2 1] [53 2 1] [54 2 1] [55 2 1] [56 2 1] [57 2 1] [58 2 1] [59 2 1] [60 2 1] [61 2 1] [62 2 1] [63 2 1] [64 2 1] [65 2 1] [66 2 1] [67 3 1] [68 3 1] [69 3 1] [70 3 1] [71 3 1] [72 3 1] [73 3 1] [74 3 1] [75 3 1] [76 3 1] [77 3 1] [78 3 1] [79 3 1] [80 3 1] [81 3 1] [82 3 1] [83 3 1] [84 3 1] [85 3 1] [86 3 1] [87 3 1] [88 3 1] [89 3 1] [90 3 1] [91 3 1] [92 3 1] [93 3 1] [94 3 1] [95 3 1] [96 3 1] [97 3 1] [98 3 1] [99 3 1] [100 1 2] [101 1 2] [102 1 2] [103 1 2] [104 1 2] [105 1 2] [106 1 2] [107 1 2] [108 1 2] [109 1 2] [110 1 2] [111 1 2] [112 1 2] [113 1 2] [114 1 2] [115 1 2] [116 1 2] [117 1 2] [118 1 2] [119 1 2] [120 1 2] [121 1 2] [122 1 2] [123 1 2] [124 1 2] [125 1 2] [126 1 2] [127 1 2] [128 1 2] [129 1 2] [130 1 2] [131 1 2] [132 1 2] [133 1 3] [134 1 3] [135 1 3] [136 1 3] [137 1 3] [138 1 3] [139 1 3] [140 1 3] [141 1 3] [142 1 3] [143 1 3] [144 1 3] [145 1 3] [146 1 3] [147 1 3] [148 1 3] [149 1 3] [150 1 3] [151 1 3] [152 1 3] [153 1 3] [154 1 3] [155 1 3] [156 1 3] [157 1 3] [158 1 3] [159 1 3] [160 1 3] [161 1 3] [162 1 3] [163 1 3] [164 1 3] [165 1 3]],[[42 108 15 44 77 110 138 138 147 85 85 85 85 85 85] [1521 4011 2023 1516 1805 4006 4756 4762 6506 1802 1807 1811 1809 1803 1801] [102 10102 136 102 121 10102 10151 10151 20102 121 121 121 121 121 121] [3 3 4 4 2 4 2 2 4 10 10 10 10 10 10] [3.5 3.1 4.1 3.7 3.7 3.1 4.1 5.4 2 0.6 0.6 0.6 0.6 0.6 0.6]]
CypD-x0619-pandda-model,[[1 1 1] [2 1 1] [3 1 1] [4 1 1] [5 1 1] [6 1 1] [7 1 1] [8 1 1] [9 1 1] [10 1 1] [11 1 1] [12 1 1] [13 1 1] [14 1 1] [15 1 1] [16 1 1] [17 1 1] [18 1 1] [19 1 1] [20 1 1] [21 1 1] [22 1 1] [23 1 1] [24 1 1] [25 1 1] [26 1 1] [27 1 1] [28 1 1] [29 1 1] [30 1 2] [31 1 2] [32 1 2] [33 1 2] [34 1 2] [35 1 2] [36 1 2] [37 1 2] [38 1 2] [39 1 2] [40 1 2] [41 1 2] [42 1 2] [43 1 2] [44 1 2] [45 1 2] [46 1 2] [47 1 2] [48 1 2] [49 1 2] [50 1 2] [51 1 2] [52 1 2] [53 1 2] [54 1 2] [55 1 2] [56 1 2] [57 1 2] [58 1 2] [59 1 2] [60 1 2] [61 1 2] [62 1 3] [63 1 3] [64 1 3] [65 1 3] [66 1 3] [67 1 3] [68 1 3] [69 1 3] [70 1 3] [71 1 3] [72 1 3] [73 1 3] [74 1 3] [75 1 3] [76 1 3] [77 1 3] [78 1 3] [79 1 3] [80 1 3] [81 1 3] [82 1 3] [83 1 3] [84 1 3] [85 1 3] [86 1 3] [87 1 3] [88 1 3] [89 1 3] [90 1 3]],[[] [] [] [] []]
CypD-x0620-pandda-model,[[1 1 1] [2 1 1] [3 1 1] [4 1 1] [5 1 1] [6 1 1] [7 1 1] [8 1 1] [9 1 1] [10 1 1] [11 1 1] [12 1 1] [13 1 1] [14 1 1] [15 1 1] [16 1 1] [17 1 1] [18 1 1] [19 1 1] [20 1 1] [21 1 1] [22 1 1] [23 1 1] [24 1 1] [25 1 1] [26 1 1] [27 1 2] [28 1 2] [29 1 2] [30 1 2] [31 1 2] [32 1 2] [33 1 2] [34 1 2] [35 1 2] [36 1 2] [37 1 2] [38 1 2] [39 1 2] [40 1 2] [41 1 2] [42 1 2] [43 1 2] [44 1 2] [45 1 2] [46 1 2] [47 1 2] [48 1 2] [49 1 2] [50 1 2] [51 1 2] [52 1 2] [53 2 2] [54 2 2] [55 2 2] [56 2 2] [57 2 2] [58 2 2] [59 2 2] [60 2 2] [61 2 2] [62 2 2] [63 2 2] [64 2 2] [65 2 2] [66 2 2] [67 2 2] [68 2 2] [69 2 2] [70 2 2] [71 2 2] [72 2 2] [73 2 2] [74 2 2] [75 2 2] [76 2 2] [77 2 2] [78 2 2] [79 3 2] [80 3 2] [81 3 2] [82 3 2] [83 3 2] [84 3 2] [85 3 2] [86 3 2] [87 3 2] [88 3 2] [89 3 2] [90 3 2] [91 3 2] [92 3 2] [93 3 2] [94 3 2] [95 3 2] [96 3 2] [97 3 2] [98 3 2] [99 3 2] [100 3 2] [101 3 2] [102 3 2] [103 3 2] [104 3 2]],[[5 31 7 33 64 90] [1521 4012 843 3460 3829 4717] [102 10102 55 10063 10089 10148] [3 3 2 2 2 2] [3.9 2 4 3.4 2.1 1.3]]
CypD-x0625-pandda-model,[[1 1 1] [2 1 1] [3 1 1] [4 1 1] [5 1 1] [6 1 1] [7 1 1] [8 1 1] [9 1 1] [10 1 1] [11 1 1] [12 1 1] [13 1 1] [14 1 1] [15 1 1] [16 1 1] [17 1 1] [18 1 1] [19 1 1] [20 1 1] [21 2 1] [22 2 1] [23 2 1] [24 2 1] [25 2 1] [26 2 1] [27 2 1] [28 2 1] [29 2 1] [30 2 1] [31 2 1] [32 2 1] [33 2 1] [34 2 1] [35 2 1] [36 2 1] [37 2 1]],[[8 4 10 24 24 27 21 21 21 21 24 24] [1521 970 1516 3343 3470 4016 846 3340 3343 3346 3340 3343] [10102 10063 10102 20055 20063 20102 10055 20055 20055 20055 20055 20055] [3 2 4 2 2 4 7 7 7 7 7 7] [3 3.7 1.7 0.9 5.6 1.2 1.262264882 1.979329461 2.767044821 2.718969635 1.455666304 4.73385238]]
CypD-x0627-pandda-model,[[1 1 1] [2 1 1] [3 1 1] [4 1 1] [5 1 1] [6 1 1] [7 1 1] [8 1 1] [9 1 1] [10 1 1] [11 1 1] [12 1 1] [13 1 1] [14 1 1] [15 1 1] [16 1 1] [17 1 1] [18 1 1] [19 1 1] [20 1 1] [21 1 1] [22 1 1] [23 1 1] [24 1 1] [25 2 1] [26 2 1] [27 2 1] [28 2 1] [29 2 1] [30 2 1] [31 2 1] [32 2 1] [33 2 1] [34 2 1] [35 2 1] [36 2 1] [37 2 1] [38 2 1] [39 2 1] [40 2 1] [41 2 1] [42 2 1] [43 2 1] [44 2 1] [45 2 1] [46 2 1] [47 2 1] [48 2 1] [49 3 1] [50 3 1] [51 3 1] [52 3 1] [53 3 1] [54 3 1] [55 3 1] [56 3 1] [57 3 1] [58 3 1] [59 3 1] [60 3 1] [61 3 1] [62 3 1] [63 3 1] [64 3 1] [65 3 1] [66 3 1] [67 3 1] [68 3 1] [69 3 1] [70 3 1] [71 3 1] [72 3 1] [73 1 2] [74 1 2] [75 1 2] [76 1 2] [77 1 2] [78 1 2] [79 1 2] [80 1 2] [81 1 2] [82 1 2] [83 1 2] [84 1 2] [85 1 2] [86 1 2] [87 1 2] [88 1 2] [89 1 2] [90 1 2] [91 1 2] [92 1 2] [93 1 2] [94 1 2] [95 1 2] [96 1 2] [97 2 2] [98 2 2] [99 2 2] [100 2 2] [101 2 2] [102 2 2] [103 2 2] [104 2 2] [105 2 2] [106 2 2] [107 2 2] [108 2 2] [109 2 2] [110 2 2] [111 2 2] [112 2 2] [113 2 2] [114 2 2] [115 2 2] [116 2 2] [117 2 2] [118 2 2] [119 2 2] [120 2 2] [121 3 2] [122 3 2] [123 3 2] [124 3 2] [125 3 2] [126 3 2] [127 3 2] [128 3 2] [129 3 2] [130 3 2] [131 3 2] [132 3 2] [133 3 2] [134 3 2] [135 3 2] [136 3 2] [137 3 2] [138 3 2] [139 3 2] [140 3 2] [141 3 2] [142 3 2] [143 3 2] [144 3 2] [145 4 2] [146 4 2] [147 4 2] [148 4 2] [149 4 2] [150 4 2] [151 4 2] [152 4 2] [153 4 2] [154 4 2] [155 4 2] [156 4 2] [157 4 2] [158 4 2] [159 4 2] [160 4 2] [161 4 2] [162 4 2] [163 4 2] [164 4 2] [165 4 2] [166 4 2] [167 4 2] [168 4 2] [169 5 2] [170 5 2] [171 5 2] [172 5 2] [173 5 2] [174 5 2] [175 5 2] [176 5 2] [177 5 2] [178 5 2] [179 5 2] [180 5 2] [181 5 2] [182 5 2] [183 5 2] [184 5 2] [185 5 2] [186 5 2] [187 5 2] [188 5 2] [189 5 2] [190 5 2] [191 5 2] [192 5 2] [193 1 3] [194 1 3] [195 1 3] [196 1 3] [197 1 3] [198 1 3] [199 1 3] [200 1 3] [201 1 3] [202 1 3] [203 1 3] [204 1 3] [205 1 3] [206 1 3] [207 1 3] [208 1 3] [209 1 3] [210 1 3] [211 1 3] [212 1 3] [213 1 3] [214 1 3] [215 1 3] [216 1 3] [217 2 3] [218 2 3] [219 2 3] [220 2 3] [221 2 3] [222 2 3] [223 2 3] [224 2 3] [225 2 3] [226 2 3] [227 2 3] [228 2 3] [229 2 3] [230 2 3] [231 2 3] [232 2 3] [233 2 3] [234 2 3] [235 2 3] [236 2 3] [237 2 3] [238 2 3] [239 2 3] [240 2 3] [241 3 3] [242 3 3] [243 3 3] [244 3 3] [245 3 3] [246 3 3] [247 3 3] [248 3 3] [249 3 3] [250 3 3] [251 3 3] [252 3 3] [253 3 3] [254 3 3] [255 3 3] [256 3 3] [257 3 3] [258 3 3] [259 3 3] [260 3 3] [261 3 3] [262 3 3] [263 3 3] [264 3 3]],[[53 97 104 131 131 179 217 221 221 37 55 61 126 126 133 151 174 223 229 169 169 169 169 169 5 15 24 11 14 135 144 142 140 138 136 135 144 142 140 138 136 77 87 96 83 86 87 96 94 92 90 88 231 240 238 236 234 232 221 231 240 228 230 255 264 262 260 258 256 255 264 262 260 258 256 245 255 264 251 254] [615 3562 3302 3104 4918 3545 7413 5604 7419 1516 2424 752 3241 4913 3241 4776 4829 7414 5098 3549 3552 3553 3555 3550 1356 1356 1356 1356 1356 3126 3126 3126 3126 3126 3126 3223 3223 3223 3223 3223 3223 3845 3845 3845 3845 3845 3845 3845 3845 3845 3845 3845 5723 5723 5723 5723 5723 5723 5735 5735 5735 5735 5735 6336 6336 6336 6336 6336 6336 6341 6341 6341 6341 6341 6341 6345 6345 6345 6345 6345] [40 10071 10054 10040 10161 10070 20160 20040 20161 102 161 49 10049 10161 10049 10152 10155 20161 20007 10070 10070 10070 10070 10070 90 90 90 90 90 10042 10042 10042 10042 10042 10042 10049 10049 10049 10049 10049 10049 10090 10090 10090 10090 10090 10090 10090 10090 10090 10090 10090 20049 20049 20049 20049 20049 20049 20049 20049 20049 20049 20049 20090 20090 20090 20090 20090 20090 20090 20090 20090 20090 20090 20090 20090 20090 20090 20090 20090] [3 3 3 3 3 3 1 3 3 4 4 2 2 4 2 2 2 4 2 10 10 10 10 10 10 10 10 10 10 10 10 10 10 10 10 10 10 10 10 10 10 10 10 10 10 10 10 10 10 10 10 10 10 10 10 10 10 10 10 10 10 10 10 10 10 10 10 10 10 10 10 10 10 10 10 10 10 10 10 10] [4.4 0.6 0.9 2.2 1.8 4.5 0.5 4.7 0.9 2.8 3.9 10.1 1.9 3.8 3.9 1.7 9.9 3.9 2.2 1.5 1.5 1.5 1.5 1.5 0.7 0.7 0.7 0.7 0.7 0.6 0.6 0.6 0.6 0.6 0.6 0.7 0.7 0.7 0.7 0.7 0.7 0.8 0.8 0.8 0.8 0.8 0.5 0.5 0.5 0.5 0.5 0.5 0.5 0.5 0.5 0.5 0.5 0.5 0.5 0.5 0.5 0.5 0.5 0.7 0.7 0.7 0.7 0.7 0.7 0.8 0.8 0.8 0.8 0.8 0.8 1 1 1 1 1]]
CypD-x0631-pandda-model,[[1 1 1] [2 1 1] [3 1 1] [4 1 1] [5 1 1] [6 1 1] [7 1 1] [8 1 1] [9 1 1] [10 1 1] [11 1 1] [12 1 1] [13 1 1] [14 1 1] [15 1 1] [16 1 1] [17 1 1] [18 1 1] [19 1 1] [20 1 1] [21 1 1] [22 1 1] [23 1 1] [24 1 1] [25 1 1] [26 1 1] [27 1 1] [28 1 1] [29 1 1] [30 1 1] [31 1 1] [32 1 1] [33 1 1] [34 1 1] [35 1 1] [36 1 2] [37 1 2] [38 1 2] [39 1 2] [40 1 2] [41 1 2] [42 1 2] [43 1 2] [44 1 2] [45 1 2] [46 1 2] [47 1 2] [48 1 2] [49 1 2] [50 1 2] [51 1 2] [52 1 2] [53 1 2] [54 1 2] [55 1 2] [56 1 2] [57 1 2] [58 1 2] [59 1 2] [60 1 2] [61 1 2] [62 1 2] [63 1 2] [64 1 2] [65 1 2] [66 1 2] [67 1 2] [68 1 2] [69 1 2] [70 1 2] [71 1 3] [72 1 3] [73 1 3] [74 1 3] [75 1 3] [76 1 3] [77 1 3] [78 1 3] [79 1 3] [80 1 3] [81 1 3] [82 1 3] [83 1 3] [84 1 3] [85 1 3] [86 1 3] [87 1 3] [88 1 3] [89 1 3] [90 1 3] [91 1 3] [92 1 3] [93 1 3] [94 1 3] [95 1 3] [96 1 3] [97 1 3] [98 1 3] [99 1 3] [100 1 3] [101 1 3] [102 1 3] [103 1 3] [104 1 3] [105 1 3]],[[4 39 74 60 69 67 65 63 61 95 104 102 100 98 96 95 104 102 100 98 96] [1360 3851 6351 3847 3847 3847 3847 3847 3847 6338 6338 6338 6338 6338 6338 6343 6343 6343 6343 6343 6343] [91 10091 20091 10090 10090 10090 10090 10090 10090 20090 20090 20090 20090 20090 20090 20090 20090 20090 20090 20090 20090] [4 4 4 10 10 10 10 10 10 10 10 10 10 10 10 10 10 10 10 10 10] [6 4.8 5 0.5 0.5 0.5 0.5 0.5 0.5 0.6 0.6 0.6 0.6 0.6 0.6 0.5 0.5 0.5 0.5 0.5 0.5]]
CypD-x0634-pandda-model,[[1 1 1] [2 1 1] [3 1 1] [4 1 1] [5 1 1] [6 1 1] [7 1 1] [8 1 1] [9 1 1] [10 1 1] [11 1 1] [12 1 1] [13 1 1] [14 1 1] [15 1 1] [16 1 1] [17 1 1] [18 1 1] [19 1 1] [20 1 1] [21 1 1] [22 1 1] [23 1 1] [24 1 1] [25 1 1] [26 1 1] [27 1 1] [28 1 2] [29 1 2] [30 1 2] [31 1 2] [32 1 2] [33 1 2] [34 1 2] [35 1 2] [36 1 2] [37 1 2] [38 1 2] [39 1 2] [40 1 2] [41 1 2] [42 1 2] [43 1 2] [44 1 2] [45 1 2] [46 1 2] [47 1 2] [48 1 2] [49 1 2] [50 1 2] [51 1 2] [52 1 2] [53 1 2] [54 1 2] [55 1 3] [56 1 3] [57 1 3] [58 1 3] [59 1 3] [60 1 3] [61 1 3] [62 1 3] [63 1 3] [64 1 3] [65 1 3] [66 1 3] [67 1 3] [68 1 3] [69 1 3] [70 1 3] [71 1 3] [72 1 3] [73 1 3] [74 1 3] [75 1 3] [76 1 3] [77 1 3] [78 1 3] [79 1 3] [80 1 3] [81 1 3]],[[2 29 28 42 40 38 36 33] [739 3856 3847 3847 3847 3847 3847 3847] [49 10091 10090 10090 10090 10090 10090 10090] [3 3 10 10 10 10 10 10] [2.2 2.2 0.5 0.5 0.5 0.5 0.5 0.5]]
CypD-x0635-pandda-model,[[1 1 1] [2 1 1] [3 1 1] [4 1 1] [5 1 1] [6 1 1] [7 1 1] [8 1 1] [9 1 1] [10 1 1] [11 1 1] [12 1 1] [13 1 1] [14 1 1] [15 1 1] [16 1 1] [17 1 1] [18 1 1] [19 1 1] [20 1 1] [21 1 1] [22 1 1] [23 1 1] [24 1 1] [25 1 1] [26 1 1] [27 1 1] [28 1 1] [29 1 1] [30 1 1] [31 1 1] [32 1 1] [33 1 1] [34 1 1] [35 1 1] [36 1 1] [37 1 2] [38 1 2] [39 1 2] [40 1 2] [41 1 2] [42 1 2] [43 1 2] [44 1 2] [45 1 2] [46 1 2] [47 1 2] [48 1 2] [49 1 2] [50 1 2] [51 1 2] [52 1 2] [53 1 2] [54 1 2] [55 1 2] [56 1 2] [57 1 2] [58 1 2] [59 1 2] [60 1 2] [61 1 2] [62 1 2] [63 1 2] [64 1 2] [65 1 2] [66 1 2] [67 1 2] [68 1 2] [69 1 2] [70 1 2] [71 1 2] [72 1 2]],[[12 48] [970 5960] [63 20063] [2 2] [4.4 4.8]]
CypD-x0637-pandda-model,[[1 1 1] [2 1 1] [3 1 1] [4 1 1] [5 1 1] [6 1 1] [7 1 1] [8 1 1] [9 1 1] [10 1 1] [11 1 1]],[[1 2 2 6 3 8 10 5] [1226 1229 3597 3597 3597 3597 3597 3597] [10082 10082 20073 20073 20073 20073 20073 20073] [2 2 10 10 10 10 10 10] [4.6 5.3 0.5 0.5 0.5 0.5 0.5 0.5]]
CypD-x0638-pandda-model,[[1 1 1] [2 1 1] [3 1 1] [4 1 1] [5 1 1] [6 1 1] [7 1 1] [8 1 1] [9 1 1] [10 1 1] [11 1 1] [12 1 1] [13 1 1] [14 1 1] [15 1 1] [16 1 1] [17 1 1] [18 1 1] [19 1 1] [20 1 1] [21 1 1] [22 1 1] [23 1 1] [24 1 1] [25 1 1] [26 2 1] [27 2 1] [28 2 1] [29 2 1] [30 2 1] [31 2 1] [32 2 1] [33 2 1] [34 2 1] [35 2 1] [36 2 1] [37 2 1] [38 2 1] [39 2 1] [40 2 1] [41 2 1] [42 2 1] [43 2 1] [44 2 1] [45 2 1] [46 2 1] [47 2 1] [48 2 1] [49 2 1] [50 2 1] [51 1 2] [52 1 2] [53 1 2] [54 1 2] [55 1 2] [56 1 2] [57 1 2] [58 1 2] [59 1 2] [60 1 2] [61 1 2] [62 1 2] [63 1 2] [64 1 2] [65 1 2] [66 1 2] [67 1 2] [68 1 2] [69 1 2] [70 1 2] [71 1 2] [72 1 2] [73 1 2] [74 1 2] [75 1 2] [76 2 2] [77 2 2] [78 2 2] [79 2 2] [80 2 2] [81 2 2] [82 2 2] [83 2 2] [84 2 2] [85 2 2] [86 2 2] [87 2 2] [88 2 2] [89 2 2] [90 2 2] [91 2 2] [92 2 2] [93 2 2] [94 2 2] [95 2 2] [96 2 2] [97 2 2] [98 2 2] [99 2 2] [100 2 2] [101 1 3] [102 1 3] [103 1 3] [104 1 3] [105 1 3] [106 1 3] [107 1 3] [108 1 3] [109 1 3] [110 1 3] [111 1 3] [112 1 3] [113 1 3] [114 1 3] [115 1 3] [116 1 3] [117 1 3] [118 1 3] [119 1 3] [120 1 3] [121 1 3] [122 1 3] [123 1 3] [124 1 3] [125 1 3]],[[10 85 7 14 32 35 57 57 82 107 110 35 49 47 46 38 35 49 47 46 38 35 49 47 46 38 85 99 97 96 89 110 124 122 121 113 110 124 122 121 113 110 124 122 121 113 110 124 122 121 113] [2051 4438 2024 2041 1360 1959 3330 3336 3850 6350 6950 1347 1347 1347 1347 1347 1352 1352 1352 1352 1352 1356 1356 1356 1356 1356 3837 3837 3837 3837 3837 6337 6337 6337 6337 6337 6342 6342 6342 6342 6342 6346 6346 6346 6346 6346 6950 6950 6950 6950 6950] [137 10130 136 137 91 131 10055 10055 10091 20091 20131 90 90 90 90 90 90 90 90 90 90 90 90 90 90 90 10090 10090 10090 10090 10090 20090 20090 20090 20090 20090 20090 20090 20090 20090 20090 20090 20090 20090 20090 20090 20131 20131 20131 20131 20131] [1 3 4 4 4 2 2 2 4 4 2 10 10 10 10 10 10 10 10 10 10 10 10 10 10 10 10 10 10 10 10 10 10 10 10 10 10 10 10 10 10 10 10 10 10 10 10 10 10 10 10] [3.5 2.8 2.9 1.7 4.3 2.8 1.5 5 4.8 5.3 0.6 0.5 0.5 0.5 0.5 0.5 1.1 1.1 1.1 1.1 1.1 0.5 0.5 0.5 0.5 0.5 0.5 0.5 0.5 0.5 0.5 0.5 0.5 0.5 0.5 0.5 1.2 1.2 1.2 1.2 1.2 0.6 0.6 0.6 0.6 0.6 1 1 1 1 1]]
CypD-x0641-pandda-model,[[1 1 1] [2 1 1] [3 1 1] [4 1 1] [5 1 1] [6 1 1] [7 1 1] [8 1 1] [9 1 1] [10 1 1] [11 1 1] [12 1 1] [13 1 1] [14 1 1] [15 1 1] [16 1 1] [17 1 1] [18 1 1] [19 1 1] [20 1 1] [21 1 1] [22 1 1] [23 1 1]],[[14 14 6] [1088 1638 970] [72 111 63] [3 1 2] [1.9 3 1.2]]
CypD-x0642-pandda-model,[[1 1 1] [2 1 1] [3 1 1] [4 1 1] [5 1 1] [6 1 1] [7 1 1] [8 1 1] [9 1 1] [10 1 1] [11 1 1] [12 1 1] [13 1 1] [14 1 1] [15 1 1] [16 1 1] [17 1 1] [18 1 1] [19 1 1] [20 1 1] [21 1 1] [22 1 1] [23 1 1] [24 1 1] [25 1 1]],[[12 12 11 24 22 20 18 17] [1343 1360 1356 1356 1356 1356 1356 1356] [90 91 90 90 90 90 90 90] [4 4 10 10 10 10 10 10] [0.5 2.6 0.6 0.6 0.6 0.6 0.6 0.6]]
CypD-x0644-pandda-model,[[1 1 1] [2 1 1] [3 1 1] [4 1 1] [5 1 1] [6 1 1] [7 1 1] [8 1 1] [9 1 1] [10 1 1] [11 1 1] [12 1 1] [13 1 1] [14 1 1] [15 1 1] [16 1 1] [17 1 1] [18 1 1] [19 1 1] [20 1 1] [21 1 1] [22 1 1] [23 1 1] [24 1 1] [25 1 1] [26 1 1] [27 1 1] [28 1 1] [29 1 1] [30 1 1] [31 1 1] [32 1 2] [33 1 2] [34 1 2] [35 1 2] [36 1 2] [37 1 2] [38 1 2] [39 1 2] [40 1 2] [41 1 2] [42 1 2] [43 1 2] [44 1 2] [45 1 2] [46 1 2] [47 1 2] [48 1 2] [49 1 2] [50 1 2] [51 1 2] [52 1 2] [53 1 2] [54 1 2] [55 1 2] [56 1 2] [57 1 2] [58 1 2] [59 1 2] [60 1 2] [61 1 2] [62 2 2] [63 2 2] [64 2 2] [65 2 2] [66 2 2] [67 2 2] [68 2 2] [69 2 2] [70 2 2] [71 2 2] [72 2 2] [73 2 2] [74 2 2] [75 2 2] [76 2 2] [77 2 2] [78 2 2] [79 2 2] [80 2 2] [81 2 2] [82 2 2] [83 2 2] [84 2 2] [85 2 2] [86 2 2] [87 2 2] [88 2 2] [89 2 2] [90 2 2] [91 2 2] [92 2 2] [93 1 3] [94 1 3] [95 1 3] [96 1 3] [97 1 3] [98 1 3] [99 1 3] [100 1 3] [101 1 3] [102 1 3] [103 1 3] [104 1 3] [105 1 3] [106 1 3] [107 1 3] [108 1 3] [109 1 3] [110 1 3] [111 1 3] [112 1 3] [113 1 3] [114 1 3] [115 1 3] [116 1 3] [117 1 3] [118 1 3] [119 1 3] [120 1 3] [121 1 3] [122 1 3] [123 1 3]],[[9 32 35 70 93 96 110 110 9 9 82 91 89 87 85 83] [7394 3578 4011 3822 6078 6511 3563 6511 7413 7414 3846 3846 3846 3846 3846 3846] [20159 10072 10102 10089 20072 20102 10071 20102 20160 20160 10090 10090 10090 10090 10090 10090] [3 3 3 3 3 3 3 3 7 7 10 10 10 10 10 10] [6.2 1.2 6.3 7.9 1.2 7.3 0.9 1.1 1.137996736 1.552913139 0.6 0.6 0.6 0.6 0.6 0.6]]
CypD-x0645-pandda-model,[[1 1 1] [2 1 1] [3 1 1] [4 1 1] [5 1 1] [6 1 1] [7 1 1] [8 1 1] [9 1 1] [10 1 1] [11 1 1] [12 1 1] [13 1 1] [14 1 1] [15 1 1] [16 1 1] [17 1 1] [18 1 1] [19 1 1] [20 1 1] [21 1 1] [22 1 1] [23 1 1] [24 1 1] [25 1 1] [26 1 1] [27 1 1] [28 1 1] [29 1 1] [30 1 1] [31 1 1] [32 2 1] [33 2 1] [34 2 1] [35 2 1] [36 2 1] [37 2 1] [38 2 1] [39 2 1] [40 2 1] [41 2 1] [42 2 1] [43 2 1] [44 2 1] [45 2 1] [46 2 1] [47 2 1] [48 2 1] [49 2 1] [50 2 1] [51 2 1] [52 2 1] [53 2 1] [54 2 1] [55 2 1] [56 2 1] [57 2 1] [58 2 1] [59 2 1] [60 2 1] [61 2 1] [62 2 1] [63 3 1] [64 3 1] [65 3 1] [66 3 1] [67 3 1] [68 3 1] [69 3 1] [70 3 1] [71 3 1] [72 3 1] [73 3 1] [74 3 1] [75 3 1] [76 3 1] [77 3 1] [78 3 1] [79 3 1] [80 3 1] [81 3 1] [82 3 1] [83 3 1] [84 3 1] [85 3 1] [86 3 1] [87 3 1] [88 3 1] [89 3 1] [90 3 1] [91 3 1] [92 3 1] [93 3 1] [94 1 2] [95 1 2] [96 1 2] [97 1 2] [98 1 2] [99 1 2] [100 1 2] [101 1 2] [102 1 2] [103 1 2] [104 1 2] [105 1 2] [106 1 2] [107 1 2] [108 1 2] [109 1 2] [110 1 2] [111 1 2] [112 1 2] [113 1 2] [114 1 2] [115 1 2] [116 1 2] [117 1 2] [118 1 2] [119 1 2] [120 1 2] [121 1 2] [122 1 2] [123 1 2] [124 1 2] [125 2 2] [126 2 2] [127 2 2] [128 2 2] [129 2 2] [130 2 2] [131 2 2] [132 2 2] [133 2 2] [134 2 2] [135 2 2] [136 2 2] [137 2 2] [138 2 2] [139 2 2] [140 2 2] [141 2 2] [142 2 2] [143 2 2] [144 2 2] [145 2 2] [146 2 2] [147 2 2] [148 2 2] [149 2 2] [150 2 2] [151 2 2] [152 2 2] [153 2 2] [154 2 2] [155 2 2] [156 1 3] [157 1 3] [158 1 3] [159 1 3] [160 1 3] [161 1 3] [162 1 3] [163 1 3] [164 1 3] [165 1 3] [166 1 3] [167 1 3] [168 1 3] [169 1 3] [170 1 3] [171 1 3] [172 1 3] [173 1 3] [174 1 3] [175 1 3] [176 1 3] [177 1 3] [178 1 3] [179 1 3] [180 1 3] [181 1 3] [182 1 3] [183 1 3] [184 1 3] [185 1 3] [186 1 3] [187 2 3] [188 2 3] [189 2 3] [190 2 3] [191 2 3] [192 2 3] [193 2 3] [194 2 3] [195 2 3] [196 2 3] [197 2 3] [198 2 3] [199 2 3] [200 2 3] [201 2 3] [202 2 3] [203 2 3] [204 2 3] [205 2 3] [206 2 3] [207 2 3] [208 2 3] [209 2 3] [210 2 3] [211 2 3] [212 2 3] [213 2 3] [214 2 3] [215 2 3] [216 2 3] [217 2 3] [218 3 3] [219 3 3] [220 3 3] [221 3 3] [222 3 3] [223 3 3] [224 3 3] [225 3 3] [226 3 3] [227 3 3] [228 3 3] [229 3 3] [230 3 3] [231 3 3] [232 3 3] [233 3 3] [234 3 3] [235 3 3] [236 3 3] [237 3 3] [238 3 3] [239 3 3] [240 3 3] [241 3 3] [242 3 3] [243 3 3] [244 3 3] [245 3 3] [246 3 3] [247 3 3] [248 3 3] [249 4 3] [250 4 3] [251 4 3] [252 4 3] [253 4 3] [254 4 3] [255 4 3] [256 4 3] [257 4 3] [258 4 3] [259 4 3] [260 4 3] [261 4 3] [262 4 3] [263 4 3] [264 4 3] [265 4 3] [266 4 3] [267 4 3] [268 4 3] [269 4 3] [270 4 3] [271 4 3] [272 4 3] [273 4 3] [274 4 3] [275 4 3] [276 4 3] [277 4 3] [278 4 3] [279 4 3]],[[134 165 196 210 258 16 112 174 45 45 45 45 45 45 138 138 138 138 138 138 229 247 245 237 234 231 229 247 245 237 234 231 44 44 44 44 44 44 57 57 57 57 57 57 50 50 50 50 50 50 47 47 47 47 47 47 55 55 55 55 55 55] [3393 5894 6963 7027 7163 1226 3716 7221 918 921 925 927 923 919 3415 3417 3413 3409 3408 3411 424 424 424 424 424 424 428 428 428 428 428 428 1811 1809 1803 1801 1802 1807 1811 1809 1803 1801 1802 1807 1811 1809 1803 1801 1802 1807 1811 1809 1803 1801 1802 1807 1811 1809 1803 1801 1802 1807] [10059 20059 20132 20136 20144 82 10082 20148 60 60 60 60 60 60 10060 10060 10060 10060 10060 10060 28 28 28 28 28 28 28 28 28 28 28 28 121 121 121 121 121 121 121 121 121 121 121 121 121 121 121 121 121 121 121 121 121 121 121 121 121 121 121 121 121 121] [3 3 3 1 1 2 2 2 10 10 10 10 10 10 10 10 10 10 10 10 10 10 10 10 10 10 10 10 10 10 10 10 10 10 10 10 10 10 10 10 10 10 10 10 10 10 10 10 10 10 10 10 10 10 10 10 10 10 10 10 10 10] [3.6 1.5 2 0.6 1.3 1.6 5.6 5.5 0.5 0.5 0.5 0.5 0.5 0.5 0.8 0.8 0.8 0.8 0.8 0.8 0.8 0.8 0.8 0.8 0.8 0.8 0.6 0.6 0.6 0.6 0.6 0.6 -0 -0 -0 -0 -0 -0 -0 -0 -0 -0 -0 -0 -0 -0 -0 -0 -0 -0 -0 -0 -0 -0 -0 -0 -0 -0 -0 -0 -0 -0]]
CypD-x0647-pandda-model,[[1 1 1] [2 1 1] [3 1 1] [4 1 1] [5 1 1] [6 1 1] [7 1 1] [8 1 1] [9 1 1] [10 1 1] [11 1 1] [12 1 1] [13 1 1] [14 1 1] [15 1 1] [16 1 1] [17 1 1] [18 1 1] [19 1 1] [20 1 1] [21 1 1] [22 1 1] [23 1 1] [24 1 1] [25 1 1] [26 1 1] [27 1 1] [28 1 1] [29 1 2] [30 1 2] [31 1 2] [32 1 2] [33 1 2] [34 1 2] [35 1 2] [36 1 2] [37 1 2] [38 1 2] [39 1 2] [40 1 2] [41 1 2] [42 1 2] [43 1 2] [44 1 2] [45 1 2] [46 1 2] [47 1 2] [48 1 2] [49 1 2] [50 1 2] [51 1 2] [52 1 2] [53 1 2] [54 1 2] [55 1 2] [56 1 2] [57 1 3] [58 1 3] [59 1 3] [60 1 3] [61 1 3] [62 1 3] [63 1 3] [64 1 3] [65 1 3] [66 1 3] [67 1 3] [68 1 3] [69 1 3] [70 1 3] [71 1 3] [72 1 3] [73 1 3] [74 1 3] [75 1 3] [76 1 3] [77 1 3] [78 1 3] [79 1 3] [80 1 3] [81 1 3] [82 1 3] [83 1 3] [84 1 3]],[[11 13 33 67 39 39 39 39 39 16 28 23 21 19 17 11 24 26 28 23 67 80 82 84 79] [390 1364 3853 5378 4446 4449 4451 4453 4447 1355 1355 1355 1355 1355 1355 1355 1355 1355 1355 1355 6343 6343 6343 6343 6343] [25 91 10091 20025 10131 10131 10131 10131 10131 90 90 90 90 90 90 90 90 90 90 90 20090 20090 20090 20090 20090] [1 3 3 1 10 10 10 10 10 10 10 10 10 10 10 10 10 10 10 10 10 10 10 10 10] [2.6 1.1 7.7 3.7 0.8 0.8 0.8 0.8 0.8 0.8 0.8 0.8 0.8 0.8 0.8 0.5 0.5 0.5 0.5 0.5 0.5 0.5 0.5 0.5 0.5]]
CypD-x0650-pandda-model,[[1 1 1] [2 1 1] [3 1 1] [4 1 1] [5 1 1] [6 1 1] [7 1 1] [8 1 1] [9 1 1] [10 1 1] [11 1 1] [12 1 1] [13 1 1] [14 1 1] [15 1 1] [16 1 1] [17 1 1] [18 1 1] [19 1 1] [20 1 1] [21 1 1] [22 1 1] [23 1 1] [24 1 1] [25 1 1] [26 1 1] [27 1 1] [28 1 1]],[[14 16 25 5 14] [1988 2015 1972 2024 2015] [133 134 132 136 134] [3 1 3 4 7] [3.8 1.3 0.5 1.1 0.7203447135]]
CypD-x0652-pandda-model,[[1 1 1] [2 1 1] [3 1 1] [4 1 1] [5 1 1] [6 1 1] [7 1 1] [8 1 1] [9 1 1] [10 1 1] [11 1 1] [12 1 1] [13 1 1] [14 1 1] [15 1 1] [16 1 1] [17 1 1] [18 1 1] [19 1 1] [20 1 1] [21 1 1] [22 1 1]],[[10 13 13] [1581 1611 1622] [107 110 111] [3 4 4] [0.5 4.3 3.3]]
CypD-x0654-pandda-model,[[1 1 1] [2 1 1] [3 1 1] [4 1 1] [5 1 1] [6 1 1] [7 1 1] [8 1 1] [9 1 1] [10 1 1] [11 1 1] [12 1 1] [13 1 1] [14 1 1] [15 1 1] [16 1 1] [17 1 1] [18 1 1] [19 1 1] [20 1 1] [21 1 1] [22 1 1] [23 1 1] [24 1 1] [25 1 1] [26 1 1] [27 1 1] [28 1 1] [29 1 2] [30 1 2] [31 1 2] [32 1 2] [33 1 2] [34 1 2] [35 1 2] [36 1 2] [37 1 2] [38 1 2] [39 1 2] [40 1 2] [41 1 2] [42 1 2] [43 1 2] [44 1 2] [45 1 2] [46 1 2] [47 1 2] [48 1 2] [49 1 2] [50 1 2] [51 1 2] [52 1 2] [53 1 2] [54 1 2] [55 1 2] [56 1 2] [57 1 3] [58 1 3] [59 1 3] [60 1 3] [61 1 3] [62 1 3] [63 1 3] [64 1 3] [65 1 3] [66 1 3] [67 1 3] [68 1 3] [69 1 3] [70 1 3] [71 1 3] [72 1 3] [73 1 3] [74 1 3] [75 1 3] [76 1 3] [77 1 3] [78 1 3] [79 1 3] [80 1 3] [81 1 3] [82 1 3] [83 1 3] [84 1 3]],[[20 42] [1580 4069] [107 10107] [3 3] [0.7 13.6]]
CypD-x0657-pandda-model,[[1 1 1] [2 1 1] [3 1 1] [4 1 1] [5 1 1] [6 1 1] [7 1 1] [8 1 1] [9 1 1] [10 1 1] [11 1 1] [12 1 1] [13 1 1] [14 1 1] [15 1 1] [16 1 1] [17 1 1] [18 1 1] [19 1 1] [20 1 1] [21 1 1] [22 1 1] [23 1 1] [24 1 1] [25 1 1] [26 1 1] [27 1 1] [28 1 1] [29 1 1]],[[2 7] [4727 3346] [20148 20055] [2 2] [1.6 1.2]]
CypD-x0658-pandda-model,[[1 1 1] [2 1 1] [3 1 1] [4 1 1] [5 1 1] [6 1 1] [7 1 1] [8 1 1] [9 1 1] [10 1 1] [11 1 1] [12 1 1] [13 1 1] [14 1 1] [15 1 1] [16 1 1] [17 1 1] [18 1 1] [19 1 1] [20 1 1] [21 1 1] [22 1 1] [23 1 1] [24 1 1] [25 1 1] [26 1 1] [27 1 1] [28 1 1] [29 2 1] [30 2 1] [31 2 1] [32 2 1] [33 2 1] [34 2 1] [35 2 1] [36 2 1] [37 2 1] [38 2 1] [39 2 1] [40 2 1] [41 2 1] [42 2 1] [43 2 1] [44 2 1] [45 2 1] [46 2 1] [47 2 1] [48 2 1] [49 2 1] [50 2 1] [51 2 1] [52 2 1] [53 2 1] [54 2 1] [55 2 1] [56 2 1] [57 1 2] [58 1 2] [59 1 2] [60 1 2] [61 1 2] [62 1 2] [63 1 2] [64 1 2] [65 1 2] [66 1 2] [67 1 2] [68 1 2] [69 1 2] [70 1 2] [71 1 2] [72 1 2] [73 1 2] [74 1 2] [75 1 2] [76 1 2] [77 1 2] [78 1 2] [79 1 2] [80 1 2] [81 1 2] [82 1 2] [83 1 2] [84 1 2] [85 2 2] [86 2 2] [87 2 2] [88 2 2] [89 2 2] [90 2 2] [91 2 2] [92 2 2] [93 2 2] [94 2 2] [95 2 2] [96 2 2] [97 2 2] [98 2 2] [99 2 2] [100 2 2] [101 2 2] [102 2 2] [103 2 2] [104 2 2] [105 2 2] [106 2 2] [107 2 2] [108 2 2] [109 2 2] [110 2 2] [111 2 2] [112 2 2] [113 1 3] [114 1 3] [115 1 3] [116 1 3] [117 1 3] [118 1 3] [119 1 3] [120 1 3] [121 1 3] [122 1 3] [123 1 3] [124 1 3] [125 1 3] [126 1 3] [127 1 3] [128 1 3] [129 1 3] [130 1 3] [131 1 3] [132 1 3] [133 1 3] [134 1 3] [135 1 3] [136 1 3] [137 1 3] [138 1 3] [139 1 3] [140 1 3] [141 2 3] [142 2 3] [143 2 3] [144 2 3] [145 2 3] [146 2 3] [147 2 3] [148 2 3] [149 2 3] [150 2 3] [151 2 3] [152 2 3] [153 2 3] [154 2 3] [155 2 3] [156 2 3] [157 2 3] [158 2 3] [159 2 3] [160 2 3] [161 2 3] [162 2 3] [163 2 3] [164 2 3] [165 2 3] [166 2 3] [167 2 3] [168 2 3]],[[33 33 36 85 89 89 145 148 11 11 67 123 89 89 23 23 23 23 23 39 42 40 44 41 151 154 152 156 153] [626 2429 2422 4912 4911 4918 7419 7412 1343 1360 3849 6349 4911 4912 1958 1961 1962 1964 1959 637 637 637 637 637 5626 5626 5626 5626 5626] [41 161 160 10160 10160 10161 20161 20160 90 91 10091 20091 10160 10160 131 131 131 131 131 42 42 42 42 42 20042 20042 20042 20042 20042] [3 3 1 1 1 3 3 1 4 4 4 4 7 7 10 10 10 10 10 10 10 10 10 10 10 10 10 10 10] [7.5 9.5 1 1.4 14.5 7.9 11.7 2.4 0.5 0.6 3.7 3.5 6.071888 3.100322946 0.7 0.7 0.7 0.7 0.7 1.3 1.3 1.3 1.3 1.3 1 1 1 1 1]]
CypD-x0661-pandda-model,[[1 1 1] [2 1 1] [3 1 1] [4 1 1] [5 1 1] [6 1 1] [7 1 1] [8 1 1] [9 1 1] [10 1 1] [11 1 1] [12 1 1] [13 1 1] [14 1 1] [15 1 1] [16 1 1] [17 1 1] [18 1 1] [19 1 1] [20 1 1] [21 1 1] [22 1 1] [23 1 1] [24 1 1] [25 1 1] [26 1 1] [27 1 1] [28 1 2] [29 1 2] [30 1 2] [31 1 2] [32 1 2] [33 1 2] [34 1 2] [35 1 2] [36 1 2] [37 1 2] [38 1 2] [39 1 2] [40 1 2] [41 1 2] [42 1 2] [43 1 2] [44 1 2] [45 1 2] [46 1 2] [47 1 2] [48 1 2] [49 1 2] [50 1 2] [51 1 2] [52 1 2] [53 1 2] [54 1 2]],[[10 20 22 24 26 19 10 20 22 24 26 19 10 20 22 24 26 19 37 47 49 51 53 46 37 47 49 51 53 46] [1347 1347 1347 1347 1347 1347 1352 1352 1352 1352 1352 1352 1356 1356 1356 1356 1356 1356 3848 3848 3848 3848 3848 3848 3853 3853 3853 3853 3853 3853] [90 90 90 90 90 90 90 90 90 90 90 90 90 90 90 90 90 90 20090 20090 20090 20090 20090 20090 20090 20090 20090 20090 20090 20090] [10 10 10 10 10 10 10 10 10 10 10 10 10 10 10 10 10 10 10 10 10 10 10 10 10 10 10 10 10 10] [0.5 0.5 0.5 0.5 0.5 0.5 0.7 0.7 0.7 0.7 0.7 0.7 0.9 0.9 0.9 0.9 0.9 0.9 0.6 0.6 0.6 0.6 0.6 0.6 0.8 0.8 0.8 0.8 0.8 0.8]]
CypD-x0662-pandda-model,[[1 1 1] [2 1 1] [3 1 1] [4 1 1] [5 1 1] [6 1 1] [7 1 1] [8 1 1] [9 1 1] [10 1 1] [11 1 1] [12 1 1] [13 1 1] [14 1 1] [15 1 1] [16 1 1] [17 1 1] [18 1 1] [19 1 1] [20 1 1] [21 1 1] [22 1 1] [23 1 1] [24 1 1] [25 1 1] [26 1 1] [27 1 1] [28 1 1] [29 1 1] [30 1 1] [31 1 1] [32 1 1] [33 1 1] [34 1 1] [35 1 1] [36 1 1] [37 1 2] [38 1 2] [39 1 2] [40 1 2] [41 1 2] [42 1 2] [43 1 2] [44 1 2] [45 1 2] [46 1 2] [47 1 2] [48 1 2] [49 1 2] [50 1 2] [51 1 2] [52 1 2] [53 1 2] [54 1 2] [55 1 2] [56 1 2] [57 1 2] [58 1 2] [59 1 2] [60 1 2] [61 1 2] [62 1 2] [63 1 2] [64 1 2] [65 1 2] [66 1 2] [67 1 2] [68 1 2] [69 1 2] [70 1 2] [71 1 2] [72 1 2]],[[51 7 70 70 70 70 70 70] [4706 1516 5911 5915 5917 5913 5909 5908] [10148 102 20060 20060 20060 20060 20060 20060] [3 4 10 10 10 10 10 10] [6.7 3 0.7 0.7 0.7 0.7 0.7 0.7]]
CypD-x0668-pandda-model,[[1 1 1] [2 1 1] [3 1 1] [4 1 1] [5 1 1] [6 1 1] [7 1 1] [8 1 1] [9 1 1] [10 1 1] [11 1 1] [12 1 1] [13 1 1] [14 1 1] [15 1 1] [16 1 1] [17 1 1] [18 1 1] [19 1 1] [20 1 1] [21 1 1] [22 1 1] [23 1 1] [24 1 1] [25 1 1] [26 1 1] [27 1 1] [28 1 1] [29 1 1]],[2 1088 72 3 1.8]
CypD-x0672-pandda-model,[[1 1 1] [2 1 1] [3 1 1] [4 1 1] [5 1 1] [6 1 1] [7 1 1] [8 1 1] [9 1 1] [10 1 1] [11 1 1] [12 1 1] [13 1 1] [14 1 1] [15 1 1] [16 1 1] [17 1 1] [18 1 1] [19 1 1] [20 1 1] [21 1 1] [22 1 1] [23 2 1] [24 2 1] [25 2 1] [26 2 1] [27 2 1] [28 2 1] [29 2 1] [30 2 1] [31 2 1] [32 2 1] [33 2 1] [34 2 1] [35 2 1] [36 2 1] [37 2 1] [38 2 1] [39 2 1] [40 2 1] [41 2 1] [42 2 1] [43 2 1] [44 2 1] [45 2 1] [46 2 1] [47 1 2] [48 1 2] [49 1 2] [50 1 2] [51 1 2] [52 1 2] [53 1 2] [54 1 2] [55 1 2] [56 1 2] [57 1 2] [58 1 2] [59 1 2] [60 1 2] [61 1 2] [62 1 2] [63 1 2] [64 1 2] [65 1 2] [66 1 2] [67 1 2] [68 1 2] [69 1 3] [70 1 3] [71 1 3] [72 1 3] [73 1 3] [74 1 3] [75 1 3] [76 1 3] [77 1 3] [78 1 3] [79 1 3] [80 1 3] [81 1 3] [82 1 3] [83 1 3] [84 1 3] [85 1 3] [86 1 3] [87 1 3] [88 1 3] [89 1 3] [90 1 3] [91 1 3] [92 1 3]],[[18 24 70 2 48 74 88 87 90 78 1 13 11 9 6 3 47 59 57 55 52 49 47 59 57 55 52 49] [1332 739 5730 1360 3851 428 428 428 428 428 1352 1352 1352 1352 1352 1352 3838 3838 3838 3838 3838 3838 3843 3843 3843 3843 3843 3843] [89 49 20049 91 10091 28 28 28 28 28 90 90 90 90 90 90 10090 10090 10090 10090 10090 10090 10090 10090 10090 10090 10090 10090] [3 3 3 4 4 10 10 10 10 10 10 10 10 10 10 10 10 10 10 10 10 10 10 10 10 10 10 10] [0.5 0.9 0.8 1.6 0.5 0.5 0.5 0.5 0.5 0.5 0.6 0.6 0.6 0.6 0.6 0.6 0.8 0.8 0.8 0.8 0.8 0.8 0.6 0.6 0.6 0.6 0.6 0.6]]
CypD-x0673-pandda-model,[[1 1 1] [2 1 1] [3 1 1] [4 1 1] [5 1 1] [6 1 1] [7 1 1] [8 1 1] [9 1 1] [10 1 1] [11 1 1] [12 1 1] [13 1 1] [14 1 1] [15 1 1] [16 1 1] [17 1 1] [18 1 1] [19 1 1] [20 1 1] [21 1 1] [22 1 1] [23 1 1] [24 1 1] [25 1 1] [26 1 1] [27 1 1] [28 1 1] [29 1 1] [30 1 1] [31 1 1] [32 1 1] [33 1 1] [34 1 2] [35 1 2] [36 1 2] [37 1 2] [38 1 2] [39 1 2] [40 1 2] [41 1 2] [42 1 2] [43 1 2] [44 1 2] [45 1 2] [46 1 2] [47 1 2] [48 1 2] [49 1 2] [50 1 2] [51 1 2] [52 1 2] [53 1 2] [54 1 2] [55 1 2] [56 1 2] [57 1 2] [58 1 2] [59 1 2] [60 1 2] [61 1 2] [62 1 2] [63 1 2] [64 1 2] [65 1 2] [66 1 2] [67 2 2] [68 2 2] [69 2 2] [70 2 2] [71 2 2] [72 2 2] [73 2 2] [74 2 2] [75 2 2] [76 2 2] [77 2 2] [78 2 2] [79 2 2] [80 2 2] [81 2 2] [82 2 2] [83 2 2] [84 2 2] [85 2 2] [86 2 2] [87 2 2] [88 2 2] [89 2 2] [90 2 2] [91 2 2] [92 2 2] [93 2 2] [94 2 2] [95 2 2] [96 2 2] [97 2 2] [98 2 2] [99 2 2] [100 1 3] [101 1 3] [102 1 3] [103 1 3] [104 1 3] [105 1 3] [106 1 3] [107 1 3] [108 1 3] [109 1 3] [110 1 3] [111 1 3] [112 1 3] [113 1 3] [114 1 3] [115 1 3] [116 1 3] [117 1 3] [118 1 3] [119 1 3] [120 1 3] [121 1 3] [122 1 3] [123 1 3] [124 1 3] [125 1 3] [126 1 3] [127 1 3] [128 1 3] [129 1 3] [130 1 3] [131 1 3] [132 1 3]],[[39 94 105 39 50 59 57 55 53 51 50 59 57 55 53 51] [2905 3393 5893 2880 3837 3837 3837 3837 3837 3837 3846 3846 3846 3846 3846 3846] [10027 10059 20059 10025 10090 10090 10090 10090 10090 10090 10090 10090 10090 10090 10090 10090] [1 3 3 2 10 10 10 10 10 10 10 10 10 10 10 10] [3.1 1 1.5 4.5 0.5 0.5 0.5 0.5 0.5 0.5 1.3 1.3 1.3 1.3 1.3 1.3]]
CypD-x0675-pandda-model,[[1 1 1] [2 1 1] [3 1 1] [4 1 1] [5 1 1] [6 1 1] [7 1 1] [8 1 1] [9 1 1] [10 1 1] [11 1 1] [12 1 1] [13 1 1] [14 1 1] [15 1 1] [16 1 1] [17 1 1] [18 1 1] [19 1 1] [20 1 1] [21 1 1] [22 1 1] [23 1 1] [24 1 1] [25 1 1] [26 1 1] [27 1 1] [28 1 1] [29 1 1] [30 1 1] [31 1 1]],[[23 6 6 6 6 6 14 14 14 14 14 13 13 13 13 13 12 12 12 12 12 11 11 11 11 11] [2000 1970 1973 1975 1977 1971 1970 1973 1975 1977 1971 1970 1973 1975 1977 1971 1970 1973 1975 1977 1971 1970 1973 1975 1977 1971] [20133 20131 20131 20131 20131 20131 20131 20131 20131 20131 20131 20131 20131 20131 20131 20131 20131 20131 20131 20131 20131 20131 20131 20131 20131 20131] [3 10 10 10 10 10 10 10 10 10 10 10 10 10 10 10 10 10 10 10 10 10 10 10 10 10] [0.5 -0 -0 -0 -0 -0 -0 -0 -0 -0 -0 -0 -0 -0 -0 -0 -0 -0 -0 -0 -0 -0 -0 -0 -0 -0]]
CypD-x0677-pandda-model,[[1 1 1] [2 1 1] [3 1 1] [4 1 1] [5 1 1] [6 1 1] [7 1 1] [8 1 1] [9 1 1] [10 1 1] [11 1 1] [12 1 1] [13 1 1] [14 1 1] [15 1 1] [16 1 1] [17 1 1] [18 1 1] [19 1 1] [20 1 1] [21 1 1] [22 1 1] [23 1 1] [24 1 1] [25 1 1] [26 1 2] [27 1 2] [28 1 2] [29 1 2] [30 1 2] [31 1 2] [32 1 2] [33 1 2] [34 1 2] [35 1 2] [36 1 2] [37 1 2] [38 1 2] [39 1 2] [40 1 2] [41 1 2] [42 1 2] [43 1 2] [44 1 2] [45 1 2] [46 1 2] [47 1 2] [48 1 2] [49 1 2] [50 1 2] [51 2 2] [52 2 2] [53 2 2] [54 2 2] [55 2 2] [56 2 2] [57 2 2] [58 2 2] [59 2 2] [60 2 2] [61 2 2] [62 2 2] [63 2 2] [64 2 2] [65 2 2] [66 2 2] [67 2 2] [68 2 2] [69 2 2] [70 2 2] [71 2 2] [72 2 2] [73 2 2] [74 2 2] [75 2 2]],[[38 30 31 55 5 8 16 21 7 55 55 55 55 55 58 58 58 58 58 66 66 66 66 66 71 71 71 71 71 57 57 57 57 57] [3578 5960 3460 5380 1097 1097 1097 1097 1097 6948 6951 6953 6954 6949 6948 6951 6953 6954 6949 6948 6951 6953 6954 6949 6948 6951 6953 6954 6949 6948 6951 6953 6954 6949] [10072 20063 10063 20025 73 73 73 73 73 20131 20131 20131 20131 20131 20131 20131 20131 20131 20131 20131 20131 20131 20131 20131 20131 20131 20131 20131 20131 20131 20131 20131 20131 20131] [3 2 2 2 10 10 10 10 10 10 10 10 10 10 10 10 10 10 10 10 10 10 10 10 10 10 10 10 10 10 10 10 10 10] [4.2 0.7 1.6 12.8 1.8 1.8 1.8 1.8 1.8 -0 -0 -0 -0 -0 -0 -0 -0 -0 -0 -0 -0 -0 -0 -0 -0 -0 -0 -0 -0 -0 -0 -0 -0 -0]]
CypD-x0679-pandda-model,[[1 1 1] [2 1 1] [3 1 1] [4 1 1] [5 1 1] [6 1 1] [7 1 1] [8 1 1] [9 1 1] [10 1 1] [11 1 1] [12 1 1] [13 1 1] [14 1 1] [15 1 1] [16 1 1] [17 1 1] [18 1 1] [19 1 1] [20 1 1] [21 1 1] [22 1 1] [23 1 1]],[[14 14 14 14 14 14 17 17 17 17 17 17 10 22 20 16 14 12] [1178 1181 1185 1187 1183 1179 1178 1181 1185 1187 1183 1179 1263 1263 1263 1263 1263 1263] [79 79 79 79 79 79 79 79 79 79 79 79 84 84 84 84 84 84] [10 10 10 10 10 10 10 10 10 10 10 10 10 10 10 10 10 10] [0.5 0.5 0.5 0.5 0.5 0.5 0.7 0.7 0.7 0.7 0.7 0.7 0.8 0.8 0.8 0.8 0.8 0.8]]
CypD-x0681-pandda-model,[[1 1 1] [2 1 1] [3 1 1] [4 1 1] [5 1 1] [6 1 1] [7 1 1] [8 1 1] [9 1 1] [10 1 1] [11 1 1] [12 1 1] [13 1 1] [14 1 1] [15 1 1] [16 1 1] [17 1 1] [18 1 1] [19 1 1] [20 1 1] [21 1 1] [22 1 1] [23 1 1] [24 1 1] [25 1 1] [26 1 1] [27 2 1] [28 2 1] [29 2 1] [30 2 1] [31 2 1] [32 2 1] [33 2 1] [34 2 1] [35 2 1] [36 2 1] [37 2 1] [38 2 1] [39 2 1] [40 2 1] [41 2 1] [42 2 1] [43 2 1] [44 2 1] [45 2 1] [46 2 1] [47 2 1] [48 2 1] [49 2 1] [50 2 1] [51 2 1] [52 2 1] [53 3 1] [54 3 1] [55 3 1] [56 3 1] [57 3 1] [58 3 1] [59 3 1] [60 3 1] [61 3 1] [62 3 1] [63 3 1] [64 3 1] [65 3 1] [66 3 1] [67 3 1] [68 3 1] [69 3 1] [70 3 1] [71 3 1] [72 3 1] [73 3 1] [74 3 1] [75 3 1] [76 3 1] [77 3 1] [78 3 1] [79 4 1] [80 4 1] [81 4 1] [82 4 1] [83 4 1] [84 4 1] [85 4 1] [86 4 1] [87 4 1] [88 4 1] [89 4 1] [90 4 1] [91 4 1] [92 4 1] [93 4 1] [94 4 1] [95 4 1] [96 4 1] [97 4 1] [98 4 1] [99 4 1] [100 4 1] [101 4 1] [102 4 1] [103 4 1] [104 4 1] [105 1 2] [106 1 2] [107 1 2] [108 1 2] [109 1 2] [110 1 2] [111 1 2] [112 1 2] [113 1 2] [114 1 2] [115 1 2] [116 1 2] [117 1 2] [118 1 2] [119 1 2] [120 1 2] [121 1 2] [122 1 2] [123 1 2] [124 1 2] [125 1 2] [126 1 2] [127 1 2] [128 1 2] [129 1 2] [130 1 2] [131 1 3] [132 1 3] [133 1 3] [134 1 3] [135 1 3] [136 1 3] [137 1 3] [138 1 3] [139 1 3] [140 1 3] [141 1 3] [142 1 3] [143 1 3] [144 1 3] [145 1 3] [146 1 3] [147 1 3] [148 1 3] [149 1 3] [150 1 3] [151 1 3] [152 1 3] [153 1 3] [154 1 3] [155 1 3] [156 1 3]],[[35 148 6 110 136 39 47 49 51 41 5 17 14 11 7 143 151 153 155 145] [1094 6354 1359 3849 6349 1035 1035 1035 1035 1035 1371 1371 1371 1371 1371 6341 6341 6341 6341 6341] [73 20091 91 10091 20091 68 68 68 68 68 91 91 91 91 91 20090 20090 20090 20090 20090] [3 3 4 4 4 10 10 10 10 10 10 10 10 10 10 10 10 10 10 10] [1.3 0.6 1.8 2.3 4.6 0.5 0.5 0.5 0.5 0.5 1.8 1.8 1.8 1.8 1.8 0.5 0.5 0.5 0.5 0.5]]
CypD-x0682-pandda-model,[[1 1 1] [2 1 1] [3 1 1] [4 1 1] [5 1 1] [6 1 1] [7 1 1] [8 1 1] [9 1 1] [10 1 1] [11 1 1] [12 1 1] [13 1 1] [14 1 1] [15 1 1] [16 1 1] [17 1 1] [18 1 1] [19 1 1] [20 1 1] [21 1 1] [22 1 1] [23 1 1] [24 1 1] [25 1 1] [26 1 1] [27 1 1]],[[21 15 15 18 26 24 23 21 19] [2216 846 3346 876 876 876 876 876 876] [10148 10055 20055 10057 10057 10057 10057 10057 10057] [3 2 2 10 10 10 10 10 10] [0.5 5.3 4.5 0.5 0.5 0.5 0.5 0.5 0.5]]
CypD-x0687-pandda-model,[[1 1 1] [2 1 1] [3 1 1] [4 1 1] [5 1 1] [6 1 1] [7 1 1] [8 1 1] [9 1 1] [10 1 1] [11 1 1] [12 1 1] [13 1 1] [14 1 1] [15 1 1] [16 1 1] [17 1 1] [18 1 1] [19 1 1] [20 1 1] [21 1 1] [22 1 1] [23 1 1] [24 1 1] [25 1 1] [26 1 1] [27 1 1] [28 1 1] [29 1 1] [30 1 2] [31 1 2] [32 1 2] [33 1 2] [34 1 2] [35 1 2] [36 1 2] [37 1 2] [38 1 2] [39 1 2] [40 1 2] [41 1 2] [42 1 2] [43 1 2] [44 1 2] [45 1 2] [46 1 2] [47 1 2] [48 1 2] [49 1 2] [50 1 2] [51 1 2] [52 1 2] [53 1 2] [54 1 2] [55 1 2] [56 1 2] [57 1 2] [58 1 2]],[[35 38] [2891 3861] [20025 20091] [2 4] [12.7 3.1]]
CypD-x0688-pandda-model,[[1 1 1] [2 1 1] [3 1 1] [4 1 1] [5 1 1] [6 1 1] [7 1 1] [8 1 1] [9 1 1] [10 1 1] [11 1 1] [12 1 1] [13 1 1] [14 1 1] [15 1 1] [16 1 1] [17 1 1] [18 1 1] [19 1 1] [20 1 1] [21 1 1] [22 1 1] [23 1 1] [24 1 1] [25 1 1] [26 1 1] [27 1 1] [28 1 1] [29 1 1] [30 1 1] [31 1 1] [32 1 1] [33 1 1] [34 1 1] [35 1 2] [36 1 2] [37 1 2] [38 1 2] [39 1 2] [40 1 2] [41 1 2] [42 1 2] [43 1 2] [44 1 2] [45 1 2] [46 1 2] [47 1 2] [48 1 2] [49 1 2] [50 1 2] [51 1 2] [52 1 2] [53 1 2] [54 1 2] [55 1 2] [56 1 2] [57 1 2] [58 1 2] [59 1 2] [60 1 2] [61 1 2] [62 1 2] [63 1 2] [64 1 2] [65 1 2] [66 1 2] [67 1 2] [68 1 2] [69 1 3] [70 1 3] [71 1 3] [72 1 3] [73 1 3] [74 1 3] [75 1 3] [76 1 3] [77 1 3] [78 1 3] [79 1 3] [80 1 3] [81 1 3] [82 1 3] [83 1 3] [84 1 3] [85 1 3] [86 1 3] [87 1 3] [88 1 3] [89 1 3] [90 1 3] [91 1 3] [92 1 3] [93 1 3] [94 1 3] [95 1 3] [96 1 3] [97 1 3] [98 1 3] [99 1 3] [100 1 3] [101 1 3] [102 1 3]],[[6 40 24 33 31 29 27 25 58 67 65 63 61 59 78 89 87 85 83 82] [1360 3850 1352 1352 1352 1352 1352 1352 3837 3837 3837 3837 3837 3837 6947 6947 6947 6947 6947 6947] [91 10091 90 90 90 90 90 90 10090 10090 10090 10090 10090 10090 20131 20131 20131 20131 20131 20131] [4 4 10 10 10 10 10 10 10 10 10 10 10 10 10 10 10 10 10 10] [3.9 4 0.6 0.6 0.6 0.6 0.6 0.6 0.5 0.5 0.5 0.5 0.5 0.5 0.5 0.5 0.5 0.5 0.5 0.5]]
CypD-x0691-pandda-model,[[1 1 1] [2 1 1] [3 1 1] [4 1 1] [5 1 1] [6 1 1] [7 1 1] [8 1 1] [9 1 1] [10 1 1] [11 1 1] [12 1 1] [13 1 1] [14 1 1] [15 1 1] [16 1 1] [17 1 1] [18 1 1] [19 1 2] [20 1 2] [21 1 2] [22 1 2] [23 1 2] [24 1 2] [25 1 2] [26 1 2] [27 1 2] [28 1 2] [29 1 2] [30 1 2] [31 1 2] [32 1 2] [33 1 2] [34 1 2] [35 1 2] [36 1 2] [37 1 3] [38 1 3] [39 1 3] [40 1 3] [41 1 3] [42 1 3] [43 1 3] [44 1 3] [45 1 3] [46 1 3] [47 1 3] [48 1 3] [49 1 3] [50 1 3] [51 1 3] [52 1 3] [53 1 3] [54 1 3]],[[23 35 7 47 47 47 47 47 47] [3115 4918 2023 3410 3414 3416 3412 3408 3407] [10041 10161 136 10060 10060 10060 10060 10060 10060] [3 3 4 10 10 10 10 10 10] [3.9 0.6 4.4 0.6 0.6 0.6 0.6 0.6 0.6]]
CypD-x0697-pandda-model,[[1 1 1] [2 1 1] [3 1 1] [4 1 1] [5 1 1] [6 1 1] [7 1 1] [8 1 1] [9 1 1] [10 1 1] [11 1 1] [12 1 1] [13 1 1] [14 1 1] [15 1 1] [16 1 1] [17 1 1] [18 1 1] [19 2 1] [20 2 1] [21 2 1] [22 2 1] [23 2 1] [24 2 1] [25 2 1] [26 2 1] [27 2 1] [28 2 1] [29 2 1] [30 2 1] [31 2 1] [32 2 1] [33 2 1] [34 2 1] [35 2 1] [36 2 1] [37 3 1] [38 3 1] [39 3 1] [40 3 1] [41 3 1] [42 3 1] [43 3 1] [44 3 1] [45 3 1] [46 3 1] [47 3 1] [48 3 1] [49 3 1] [50 3 1] [51 3 1] [52 3 1] [53 3 1] [54 3 1] [55 1 2] [56 1 2] [57 1 2] [58 1 2] [59 1 2] [60 1 2] [61 1 2] [62 1 2] [63 1 2] [64 1 2] [65 1 2] [66 1 2] [67 1 2] [68 1 2] [69 1 2] [70 1 2] [71 1 2] [72 1 2] [73 1 3] [74 1 3] [75 1 3] [76 1 3] [77 1 3] [78 1 3] [79 1 3] [80 1 3] [81 1 3] [82 1 3] [83 1 3] [84 1 3] [85 1 3] [86 1 3] [87 1 3] [88 1 3] [89 1 3] [90 1 3] [91 2 3] [92 2 3] [93 2 3] [94 2 3] [95 2 3] [96 2 3] [97 2 3] [98 2 3] [99 2 3] [100 2 3] [101 2 3] [102 2 3] [103 2 3] [104 2 3] [105 2 3] [106 2 3] [107 2 3] [108 2 3]],[[23 23 82 84 12 41 41 66 84 102 7 7 7 7 7 55 55 55 55 55 55 5 15 14 17 10] [615 2431 7420 7424 1516 1866 1889 4007 5725 6507 1887 1889 1883 1882 1885 4158 4161 4165 4167 4163 4159 970 970 970 970 970] [40 161 20161 20161 102 125 126 10102 20049 20102 126 126 126 126 126 10113 10113 10113 10113 10113 10113 63 63 63 63 63] [3 3 3 1 4 2 2 4 4 4 10 10 10 10 10 10 10 10 10 10 10 10 10 10 10 10] [1.8 1.2 1.8 0.8 3.6 0.8 0.9 4.4 0.9 2.8 0.9 0.9 0.9 0.9 0.9 0.7 0.7 0.7 0.7 0.7 0.7 1.6 1.6 1.6 1.6 1.6]]
CypD-x0698-pandda-model,[[1 1 1] [2 1 1] [3 1 1] [4 1 1] [5 1 1] [6 1 1] [7 1 1] [8 1 1] [9 1 1] [10 1 1] [11 1 1] [12 1 1] [13 1 1] [14 1 1] [15 1 1] [16 1 1] [17 1 1] [18 1 1] [19 1 1] [20 1 1] [21 1 1] [22 1 1] [23 1 1] [24 1 1] [25 1 1] [26 1 1] [27 1 1] [28 1 1] [29 1 1] [30 1 1] [31 1 1] [32 1 1] [33 1 1] [34 1 1] [35 2 1] [36 2 1] [37 2 1] [38 2 1] [39 2 1] [40 2 1] [41 2 1] [42 2 1] [43 2 1] [44 2 1] [45 2 1] [46 2 1] [47 2 1] [48 2 1] [49 2 1] [50 2 1] [51 2 1] [52 2 1] [53 2 1] [54 2 1] [55 2 1] [56 2 1] [57 2 1] [58 2 1] [59 2 1] [60 2 1] [61 2 1] [62 2 1] [63 2 1] [64 2 1] [65 2 1] [66 2 1] [67 2 1] [68 2 1] [69 1 2] [70 1 2] [71 1 2] [72 1 2] [73 1 2] [74 1 2] [75 1 2] [76 1 2] [77 1 2] [78 1 2] [79 1 2] [80 1 2] [81 1 2] [82 1 2] [83 1 2] [84 1 2] [85 1 2] [86 1 2] [87 1 2] [88 1 2] [89 1 2] [90 1 2] [91 1 2] [92 1 2] [93 1 2] [94 1 2] [95 1 2] [96 1 2] [97 1 2] [98 1 2] [99 1 2] [100 1 2] [101 1 2] [102 1 2] [103 2 2] [104 2 2] [105 2 2] [106 2 2] [107 2 2] [108 2 2] [109 2 2] [110 2 2] [111 2 2] [112 2 2] [113 2 2] [114 2 2] [115 2 2] [116 2 2] [117 2 2] [118 2 2] [119 2 2] [120 2 2] [121 2 2] [122 2 2] [123 2 2] [124 2 2] [125 2 2] [126 2 2] [127 2 2] [128 2 2] [129 2 2] [130 2 2] [131 2 2] [132 2 2] [133 2 2] [134 2 2] [135 2 2] [136 2 2] [137 3 2] [138 3 2] [139 3 2] [140 3 2] [141 3 2] [142 3 2] [143 3 2] [144 3 2] [145 3 2] [146 3 2] [147 3 2] [148 3 2] [149 3 2] [150 3 2] [151 3 2] [152 3 2] [153 3 2] [154 3 2] [155 3 2] [156 3 2] [157 3 2] [158 3 2] [159 3 2] [160 3 2] [161 3 2] [162 3 2] [163 3 2] [164 3 2] [165 3 2] [166 3 2] [167 3 2] [168 3 2] [169 3 2] [170 3 2]],[[42 76 94 144 144 144 144 144 144 162 162 162 162 162 7 19 17 15 13 11 41 53 51 49 47 45 109 121 119 117 115 113 109 121 119 117 115 113 109 121 119 117 115 113] [1116 3392 3377 6656 6659 6663 6665 6661 6657 6872 6878 6876 6874 6871 1356 1356 1356 1356 1356 1356 1536 1536 1536 1536 1536 1536 3836 3836 3836 3836 3836 3836 3841 3841 3841 3841 3841 3841 3845 3845 3845 3845 3845 3845] [75 10059 10058 20113 20113 20113 20113 20113 20113 20126 20126 20126 20126 20126 90 90 90 90 90 90 103 103 103 103 103 103 10090 10090 10090 10090 10090 10090 10090 10090 10090 10090 10090 10090 10090 10090 10090 10090 10090 10090] [3 3 3 10 10 10 10 10 10 10 10 10 10 10 10 10 10 10 10 10 10 10 10 10 10 10 10 10 10 10 10 10 10 10 10 10 10 10 10 10 10 10 10 10] [9.6 7.8 0.6 0.7 0.7 0.7 0.7 0.7 0.7 0.7 0.7 0.7 0.7 0.7 0.5 0.5 0.5 0.5 0.5 0.5 0.5 0.5 0.5 0.5 0.5 0.5 0.5 0.5 0.5 0.5 0.5 0.5 0.6 0.6 0.6 0.6 0.6 0.6 0.8 0.8 0.8 0.8 0.8 0.8]]
CypD-x0700-pandda-model,[[1 1 1] [2 1 1] [3 1 1] [4 1 1] [5 1 1] [6 1 1] [7 1 1] [8 1 1] [9 1 1] [10 1 1] [11 1 1] [12 1 1] [13 1 1] [14 1 1] [15 1 1] [16 1 1] [17 1 1] [18 1 1] [19 1 1] [20 1 1] [21 1 1] [22 1 1] [23 1 1] [24 1 1] [25 1 1] [26 1 1] [27 1 2] [28 1 2] [29 1 2] [30 1 2] [31 1 2] [32 1 2] [33 1 2] [34 1 2] [35 1 2] [36 1 2] [37 1 2] [38 1 2] [39 1 2] [40 1 2] [41 1 2] [42 1 2] [43 1 2] [44 1 2] [45 1 2] [46 1 2] [47 1 2] [48 1 2] [49 1 2] [50 1 2] [51 1 2] [52 1 2]],[[48 7 38] [4705 846 6794] [10148 55 20121] [3 2 2] [0.7 3.8 3.4]]
CypD-x0703-pandda-model,[[1 1 1] [2 1 1] [3 1 1] [4 1 1] [5 1 1] [6 1 1] [7 1 1] [8 1 1] [9 1 1] [10 1 1] [11 1 1] [12 1 1] [13 1 1] [14 1 1] [15 1 1] [16 1 1] [17 1 1] [18 1 1] [19 1 1] [20 1 1] [21 1 1] [22 1 1] [23 1 1] [24 1 1] [25 1 1] [26 1 1] [27 1 1] [28 1 1] [29 1 1] [30 1 1] [31 1 1] [32 1 1]],[[5 16 31 26 21 19 17 16 31 26 21 19 17 16 31 26 21 19 17] [1174 480 480 480 480 480 480 1238 1238 1238 1238 1238 1238 1263 1263 1263 1263 1263 1263] [79 31 31 31 31 31 31 83 83 83 83 83 83 84 84 84 84 84 84] [3 10 10 10 10 10 10 10 10 10 10 10 10 10 10 10 10 10 10] [6.9 1.9 1.9 1.9 1.9 1.9 1.9 0.7 0.7 0.7 0.7 0.7 0.7 0.7 0.7 0.7 0.7 0.7 0.7]]
CypD-x0704-pandda-model,[[1 1 1] [2 1 1] [3 1 1] [4 1 1] [5 1 1] [6 1 1] [7 1 1] [8 1 1] [9 1 1] [10 1 1] [11 1 1] [12 1 1] [13 1 1] [14 1 1] [15 1 1] [16 1 1] [17 1 1] [18 1 1] [19 1 1] [20 1 1] [21 1 1] [22 1 1] [23 1 1] [24 1 1] [25 1 1] [26 1 1] [27 1 1] [28 2 1] [29 2 1] [30 2 1] [31 2 1] [32 2 1] [33 2 1] [34 2 1] [35 2 1] [36 2 1] [37 2 1] [38 2 1] [39 2 1] [40 2 1] [41 2 1] [42 2 1] [43 2 1] [44 2 1] [45 2 1] [46 2 1] [47 2 1] [48 2 1] [49 2 1] [50 2 1] [51 2 1] [52 2 1] [53 2 1] [54 2 1] [55 1 2] [56 1 2] [57 1 2] [58 1 2] [59 1 2] [60 1 2] [61 1 2] [62 1 2] [63 1 2] [64 1 2] [65 1 2] [66 1 2] [67 1 2] [68 1 2] [69 1 2] [70 1 2] [71 1 2] [72 1 2] [73 1 2] [74 1 2] [75 1 2] [76 1 2] [77 1 2] [78 1 2] [79 1 2] [80 1 2] [81 1 2]],[[9 60 14 14 14 14 14 20 20 20 20 20 22 22 22 22 22 24 24 24 24 24 26 26 26 26 26 19 19 19 19 19] [1365 2880 1962 1963 1965 1960 1959 1962 1963 1965 1960 1959 1962 1963 1965 1960 1959 1962 1963 1965 1960 1959 1962 1963 1965 1960 1959 1962 1963 1965 1960 1959] [91 10025 131 131 131 131 131 131 131 131 131 131 131 131 131 131 131 131 131 131 131 131 131 131 131 131 131 131 131 131 131 131] [3 2 10 10 10 10 10 10 10 10 10 10 10 10 10 10 10 10 10 10 10 10 10 10 10 10 10 10 10 10 10 10] [4.1 7.6 -0 -0 -0 -0 -0 -0 -0 -0 -0 -0 -0 -0 -0 -0 -0 -0 -0 -0 -0 -0 -0 -0 -0 -0 -0 -0 -0 -0 -0 -0]]
CypD-x0707-pandda-model,[[1 1 1] [2 1 1] [3 1 1] [4 1 1] [5 1 1] [6 1 1] [7 1 1] [8 1 1] [9 1 1] [10 1 1] [11 1 1] [12 1 1] [13 1 1] [14 1 1] [15 1 1] [16 1 1] [17 1 1] [18 1 1] [19 1 1] [20 1 1] [21 1 1] [22 1 2] [23 1 2] [24 1 2] [25 1 2] [26 1 2] [27 1 2] [28 1 2] [29 1 2] [30 1 2] [31 1 2] [32 1 2] [33 1 2] [34 1 2] [35 1 2] [36 1 2] [37 1 2] [38 1 2] [39 1 2] [40 1 2] [41 1 2] [42 1 2] [43 1 3] [44 1 3] [45 1 3] [46 1 3] [47 1 3] [48 1 3] [49 1 3] [50 1 3] [51 1 3] [52 1 3] [53 1 3] [54 1 3] [55 1 3] [56 1 3] [57 1 3] [58 1 3] [59 1 3] [60 1 3] [61 1 3] [62 1 3] [63 1 3]],[[13 13 32 32 48 55 55 13 13 32 32 55 55 55 55 1 1 1 1 1 1 43 43 43 43 43 43 49 49 49 49 49 49] [843 846 3334 3337 5834 3337 5837 843 846 3334 3337 3331 3337 5834 5837 1668 1671 1675 1677 1673 1669 6658 6661 6665 6667 6663 6659 6658 6661 6665 6667 6663 6659] [55 55 10055 10055 20055 10055 20055 55 55 10055 10055 10055 10055 20055 20055 113 113 113 113 113 113 20113 20113 20113 20113 20113 20113 20113 20113 20113 20113 20113 20113] [2 2 2 2 2 2 2 7 7 7 7 7 7 7 7 10 10 10 10 10 10 10 10 10 10 10 10 10 10 10 10 10 10] [4.7 9.3 9 6.9 1.7 7.8 4.2 6.442527057 6.460771845 5.853451126 6.588583499 1.220501774 6.479700735 1.430108524 6.229835216 0.9 0.9 0.9 0.9 0.9 0.9 0.5 0.5 0.5 0.5 0.5 0.5 0.8 0.8 0.8 0.8 0.8 0.8]]
CypD-x0709-pandda-model,[[1 1 1] [2 1 1] [3 1 1] [4 1 1] [5 1 1] [6 1 1] [7 1 1] [8 1 1] [9 1 1] [10 1 1] [11 1 1] [12 1 1] [13 1 1] [14 1 1] [15 1 1] [16 1 1] [17 1 1] [18 1 1] [19 1 1] [20 1 1] [21 1 1] [22 1 1] [23 1 1] [24 1 1] [25 1 1] [26 1 1] [27 1 1] [28 2 1] [29 2 1] [30 2 1] [31 2 1] [32 2 1] [33 2 1] [34 2 1] [35 2 1] [36 2 1] [37 2 1] [38 2 1] [39 2 1] [40 2 1] [41 2 1] [42 2 1] [43 2 1] [44 2 1] [45 2 1] [46 2 1] [47 2 1] [48 2 1] [49 2 1] [50 2 1] [51 2 1] [52 2 1] [53 2 1] [54 2 1] [55 1 2] [56 1 2] [57 1 2] [58 1 2] [59 1 2] [60 1 2] [61 1 2] [62 1 2] [63 1 2] [64 1 2] [65 1 2] [66 1 2] [67 1 2] [68 1 2] [69 1 2] [70 1 2] [71 1 2] [72 1 2] [73 1 2] [74 1 2] [75 1 2] [76 1 2] [77 1 2] [78 1 2] [79 1 2] [80 1 2] [81 1 2] [82 2 2] [83 2 2] [84 2 2] [85 2 2] [86 2 2] [87 2 2] [88 2 2] [89 2 2] [90 2 2] [91 2 2] [92 2 2] [93 2 2] [94 2 2] [95 2 2] [96 2 2] [97 2 2] [98 2 2] [99 2 2] [100 2 2] [101 2 2] [102 2 2] [103 2 2] [104 2 2] [105 2 2] [106 2 2] [107 2 2] [108 2 2]],[[5 32 91 40 71 18 18 18 18 18 26 26 26 26 26 24 24 24 24 24 23 23 23 23 23 21 21 21 21 21 19 19 19 19 19] [1427 522 4961 480 4526 1959 1962 1964 1966 1960 1959 1962 1964 1966 1960 1959 1962 1964 1966 1960 1959 1962 1964 1966 1960 1959 1962 1964 1966 1960 1959 1962 1964 1966 1960] [10095 10034 20163 10031 20136 10131 10131 10131 10131 10131 10131 10131 10131 10131 10131 10131 10131 10131 10131 10131 10131 10131 10131 10131 10131 10131 10131 10131 10131 10131 10131 10131 10131 10131 10131] [3 1 1 2 4 10 10 10 10 10 10 10 10 10 10 10 10 10 10 10 10 10 10 10 10 10 10 10 10 10 10 10 10 10 10] [4.5 2.6 3.6 7.3 3.8 -0 -0 -0 -0 -0 -0 -0 -0 -0 -0 -0 -0 -0 -0 -0 -0 -0 -0 -0 -0 -0 -0 -0 -0 -0 -0 -0 -0 -0 -0]]
CypD-x0713-pandda-model,[[1 1 1] [2 1 1] [3 1 1] [4 1 1] [5 1 1] [6 1 1] [7 1 1] [8 1 1] [9 1 1] [10 1 1] [11 1 1] [12 1 1] [13 1 1] [14 1 1] [15 1 1] [16 1 1] [17 1 1] [18 1 1] [19 1 1] [20 1 1] [21 1 1] [22 1 1] [23 1 1] [24 1 1] [25 2 1] [26 2 1] [27 2 1] [28 2 1] [29 2 1] [30 2 1] [31 2 1] [32 2 1] [33 2 1] [34 2 1] [35 2 1] [36 2 1] [37 2 1] [38 2 1] [39 2 1] [40 2 1] [41 2 1] [42 2 1] [43 2 1] [44 2 1] [45 2 1] [46 2 1] [47 2 1] [48 2 1] [49 2 1]],[[10 41 5 7 7 32] [4021 4080 3343 4016 4386 3729] [20102 20107 20055 20102 20126 20082] [3 3 2 4 2 2] [5 1.4 1.8 4.1 1.5 6.2]]
CypD-x0714-pandda-model,[[1 1 1] [2 1 1] [3 1 1] [4 1 1] [5 1 1] [6 1 1] [7 1 1] [8 1 1] [9 1 1] [10 1 1] [11 1 1] [12 1 1] [13 1 1] [14 1 1] [15 1 1] [16 1 1] [17 1 1] [18 1 1] [19 1 1] [20 1 1] [21 1 1] [22 1 1] [23 1 1] [24 1 1] [25 1 2] [26 1 2] [27 1 2] [28 1 2] [29 1 2] [30 1 2] [31 1 2] [32 1 2] [33 1 2] [34 1 2] [35 1 2] [36 1 2] [37 1 2] [38 1 2] [39 1 2] [40 1 2] [41 1 2] [42 1 2] [43 1 2] [44 1 2] [45 1 2] [46 1 2] [47 1 2] [48 1 2] [49 1 3] [50 1 3] [51 1 3] [52 1 3] [53 1 3] [54 1 3] [55 1 3] [56 1 3] [57 1 3] [58 1 3] [59 1 3] [60 1 3] [61 1 3] [62 1 3] [63 1 3] [64 1 3] [65 1 3] [66 1 3] [67 1 3] [68 1 3] [69 1 3] [70 1 3] [71 1 3] [72 1 3]],[[13 37 61 11 35 59 15 23 21 20 18 16 15 23 21 20 18 16 39 47 45 44 42 40 63 71 69 68 66 64] [1961 4449 6952 1360 3849 6350 1352 1352 1352 1352 1352 1352 1356 1356 1356 1356 1356 1356 3845 3845 3845 3845 3845 3845 6346 6346 6346 6346 6346 6346] [131 10131 20131 91 10091 20091 90 90 90 90 90 90 90 90 90 90 90 90 10090 10090 10090 10090 10090 10090 20090 20090 20090 20090 20090 20090] [1 1 1 4 4 4 10 10 10 10 10 10 10 10 10 10 10 10 10 10 10 10 10 10 10 10 10 10 10 10] [2.6 2.6 3.9 2.8 3.1 2.1 0.5 0.5 0.5 0.5 0.5 0.5 0.7 0.7 0.7 0.7 0.7 0.7 0.8 0.8 0.8 0.8 0.8 0.8 0.7 0.7 0.7 0.7 0.7 0.7]]
CypD-x0715-pandda-model,[[1 1 1] [2 1 1] [3 1 1] [4 1 1] [5 1 1] [6 1 1] [7 1 1] [8 1 1] [9 1 1] [10 1 1] [11 1 1] [12 1 1] [13 1 1] [14 1 1] [15 1 1] [16 1 1] [17 1 1] [18 1 1] [19 1 1] [20 1 1] [21 1 1] [22 1 1] [23 1 1] [24 1 1] [25 1 1] [26 1 1] [27 1 1] [28 1 2] [29 1 2] [30 1 2] [31 1 2] [32 1 2] [33 1 2] [34 1 2] [35 1 2] [36 1 2] [37 1 2] [38 1 2] [39 1 2] [40 1 2] [41 1 2] [42 1 2] [43 1 2] [44 1 2] [45 1 2] [46 1 2] [47 1 2] [48 1 2] [49 1 2] [50 1 2] [51 1 2] [52 1 2] [53 1 2] [54 1 2] [55 2 2] [56 2 2] [57 2 2] [58 2 2] [59 2 2] [60 2 2] [61 2 2] [62 2 2] [63 2 2] [64 2 2] [65 2 2] [66 2 2] [67 2 2] [68 2 2] [69 2 2] [70 2 2] [71 2 2] [72 2 2] [73 2 2] [74 2 2] [75 2 2] [76 2 2] [77 2 2] [78 2 2] [79 2 2] [80 2 2] [81 2 2]],[[1 1 35 55 58 61 58 58] [1202 1581 3600 4652 4651 4651 4651 4652] [81 107 10074 10143 10143 10143 10143 10143] [3 3 3 1 1 1 7 7] [0.9 0.9 0.6 0.6 18.4 1.4 6.759587991 4.242988677]]
CypD-x0718-pandda-model,[[1 1 1] [2 1 1] [3 1 1] [4 1 1] [5 1 1] [6 1 1] [7 1 1] [8 1 1] [9 1 1] [10 1 1] [11 1 1] [12 1 1] [13 1 1] [14 1 1] [15 1 1] [16 1 1] [17 1 1] [18 1 1] [19 1 1] [20 1 1] [21 1 1] [22 1 1] [23 1 1] [24 1 1] [25 1 1] [26 1 1] [27 1 1] [28 1 1] [29 1 1] [30 1 1] [31 1 2] [32 1 2] [33 1 2] [34 1 2] [35 1 2] [36 1 2] [37 1 2] [38 1 2] [39 1 2] [40 1 2] [41 1 2] [42 1 2] [43 1 2] [44 1 2] [45 1 2] [46 1 2] [47 1 2] [48 1 2] [49 1 2] [50 1 2] [51 1 2] [52 1 2] [53 1 2] [54 1 2] [55 1 2] [56 1 2] [57 1 2] [58 1 2] [59 1 2] [60 1 2] [61 2 2] [62 2 2] [63 2 2] [64 2 2] [65 2 2] [66 2 2] [67 2 2] [68 2 2] [69 2 2] [70 2 2] [71 2 2] [72 2 2] [73 2 2] [74 2 2] [75 2 2] [76 2 2] [77 2 2] [78 2 2] [79 2 2] [80 2 2] [81 2 2] [82 2 2] [83 2 2] [84 2 2] [85 2 2] [86 2 2] [87 2 2] [88 2 2] [89 2 2] [90 2 2] [91 1 3] [92 1 3] [93 1 3] [94 1 3] [95 1 3] [96 1 3] [97 1 3] [98 1 3] [99 1 3] [100 1 3] [101 1 3] [102 1 3] [103 1 3] [104 1 3] [105 1 3] [106 1 3] [107 1 3] [108 1 3] [109 1 3] [110 1 3] [111 1 3] [112 1 3] [113 1 3] [114 1 3] [115 1 3] [116 1 3] [117 1 3] [118 1 3] [119 1 3] [120 1 3]],[[11 101 46 106] [1971 6077 4829 5959] [132 20072 10155 20063] [3 3 2 2] [2.4 0.8 3 2.9]]
CypD-x0720-pandda-model,[[1 1 1] [2 1 1] [3 1 1] [4 1 1] [5 1 1] [6 1 1] [7 1 1] [8 1 1] [9 1 1] [10 1 1] [11 1 1] [12 1 1] [13 1 1] [14 1 1] [15 1 1] [16 1 1] [17 1 1] [18 1 1] [19 1 1] [20 1 1] [21 1 1] [22 1 1] [23 1 1] [24 1 1] [25 1 1] [26 1 1] [27 2 1] [28 2 1] [29 2 1] [30 2 1] [31 2 1] [32 2 1] [33 2 1] [34 2 1] [35 2 1] [36 2 1] [37 2 1] [38 2 1] [39 2 1] [40 2 1] [41 2 1] [42 2 1] [43 2 1] [44 2 1] [45 2 1] [46 2 1] [47 2 1] [48 2 1] [49 2 1] [50 2 1] [51 2 1] [52 2 1] [53 3 1] [54 3 1] [55 3 1] [56 3 1] [57 3 1] [58 3 1] [59 3 1] [60 3 1] [61 3 1] [62 3 1] [63 3 1] [64 3 1] [65 3 1] [66 3 1] [67 3 1] [68 3 1] [69 3 1] [70 3 1] [71 3 1] [72 3 1] [73 3 1] [74 3 1] [75 3 1] [76 3 1] [77 3 1] [78 3 1]],[[7 13 58 44 44 44 44 44] [970 1516 3470 1958 1961 1962 1964 1959] [10063 10102 20063 10131 10131 10131 10131 10131] [2 4 2 10 10 10 10 10] [5.3 2.2 3 0.9 0.9 0.9 0.9 0.9]]
CypD-x0721-pandda-model,[[1 1 1] [2 1 1] [3 1 1] [4 1 1] [5 1 1] [6 1 1] [7 1 1] [8 1 1] [9 1 1] [10 1 1] [11 1 1] [12 1 1] [13 1 1] [14 1 1] [15 1 1] [16 1 1] [17 1 1] [18 1 1] [19 1 1] [20 1 1] [21 1 1] [22 1 1] [23 1 1] [24 1 1] [25 1 1] [26 1 1] [27 1 1] [28 1 1] [29 1 1] [30 1 1] [31 1 1] [32 1 1] [33 1 1] [34 1 1] [35 1 1] [36 1 1] [37 1 1]],[[15 7] [1580 1226] [107 82] [3 2] [0.5 5.9]]
CypD-x0722-pandda-model,[[1 1 1] [2 1 1] [3 1 1] [4 1 1] [5 1 1] [6 1 1] [7 1 1] [8 1 1] [9 1 1] [10 1 1] [11 1 1] [12 1 1] [13 1 1] [14 1 1] [15 1 1] [16 1 1] [17 1 1] [18 1 1] [19 1 1] [20 1 1] [21 1 1] [22 1 1] [23 1 1] [24 1 1] [25 1 1] [26 1 1] [27 1 1] [28 1 1] [29 1 1] [30 1 1] [31 1 1] [32 1 1] [33 1 1] [34 1 1] [35 1 1] [36 1 1] [37 1 1] [38 1 1] [39 1 1] [40 1 2] [41 1 2] [42 1 2] [43 1 2] [44 1 2] [45 1 2] [46 1 2] [47 1 2] [48 1 2] [49 1 2] [50 1 2] [51 1 2] [52 1 2] [53 1 2] [54 1 2] [55 1 2] [56 1 2] [57 1 2] [58 1 2] [59 1 2] [60 1 2] [61 1 2] [62 1 2] [63 1 2] [64 1 2] [65 1 2] [66 1 2] [67 1 2] [68 1 2] [69 1 2] [70 1 2] [71 1 2] [72 1 2] [73 1 2] [74 1 2] [75 1 2] [76 1 2] [77 1 2] [78 1 2]],[[5 40 44 7] [1256 3781 3746 480] [84 10086 10084 31] [3 1 3 2] [7.1 0.5 8.3 7.6]]
CypD-x0723-pandda-model,[[1 1 1] [2 1 1] [3 1 1] [4 1 1] [5 1 1] [6 1 1] [7 1 1] [8 1 1] [9 1 1] [10 1 1] [11 1 1] [12 1 1] [13 1 1] [14 1 1] [15 1 1] [16 1 1] [17 1 1] [18 1 1] [19 1 1] [20 1 1] [21 1 1] [22 1 1] [23 1 1] [24 1 1] [25 1 1] [26 1 1] [27 1 1] [28 1 1] [29 1 1] [30 1 1] [31 1 1] [32 1 1] [33 1 1] [34 1 2] [35 1 2] [36 1 2] [37 1 2] [38 1 2] [39 1 2] [40 1 2] [41 1 2] [42 1 2] [43 1 2] [44 1 2] [45 1 2] [46 1 2] [47 1 2] [48 1 2] [49 1 2] [50 1 2] [51 1 2] [52 1 2] [53 1 2] [54 1 2] [55 1 2] [56 1 2] [57 1 2] [58 1 2] [59 1 2] [60 1 2] [61 1 2] [62 1 2] [63 1 2] [64 1 2] [65 1 2] [66 1 2]],[[12 37] [823 3850] [54 10091] [2 4] [1.9 6.4]]
CypD-x0728-pandda-model,[[1 1 1] [2 1 1] [3 1 1] [4 1 1] [5 1 1] [6 1 1] [7 1 1] [8 1 1] [9 1 1] [10 1 1] [11 1 1] [12 1 1] [13 1 1] [14 1 1] [15 1 1] [16 1 1] [17 1 1] [18 1 1] [19 1 1] [20 1 1] [21 1 1] [22 1 1] [23 1 1] [24 1 1] [25 1 1] [26 1 1] [27 1 1] [28 1 1]],[[5 7] [1116 1226] [75 82] [3 2] [4.2 5.4]]
CypD-x0732-pandda-model,[[1 1 1] [2 1 1] [3 1 1] [4 1 1] [5 1 1] [6 1 1] [7 1 1] [8 1 1] [9 1 1] [10 1 1] [11 1 1] [12 1 1] [13 1 1] [14 1 1] [15 1 1] [16 1 1] [17 1 1] [18 1 1] [19 1 1] [20 1 1] [21 1 1] [22 1 1] [23 1 1] [24 1 1] [25 1 1] [26 1 1] [27 1 1]],[[15 1 1 1 1 1 1] [4731 3419 3422 3426 3428 3424 3420] [20148 20060 20060 20060 20060 20060 20060] [2 10 10 10 10 10 10] [3 0.5 0.5 0.5 0.5 0.5 0.5]]
CypD-x0733-pandda-model,[[1 1 1] [2 1 1] [3 1 1] [4 1 1] [5 1 1] [6 1 1] [7 1 1] [8 1 1] [9 1 1] [10 1 1] [11 1 1] [12 1 1] [13 1 1] [14 1 1] [15 1 1] [16 1 1] [17 1 1] [18 1 1] [19 1 1] [20 1 1] [21 1 1] [22 1 1] [23 1 1] [24 1 1] [25 1 1] [26 1 1] [27 1 1] [28 1 1] [29 1 1] [30 1 2] [31 1 2] [32 1 2] [33 1 2] [34 1 2] [35 1 2] [36 1 2] [37 1 2] [38 1 2] [39 1 2] [40 1 2] [41 1 2] [42 1 2] [43 1 2] [44 1 2] [45 1 2] [46 1 2] [47 1 2] [48 1 2] [49 1 2] [50 1 2] [51 1 2] [52 1 2] [53 1 2] [54 1 2] [55 1 2] [56 1 2] [57 1 2] [58 1 2]],[[5 10 39 15 28 26 24 23] [3716 3719 1229 1260 1260 1260 1260 1260] [10082 10082 82 84 84 84 84 84] [2 2 2 10 10 10 10 10] [3.1 0.7 6.4 0.9 0.9 0.9 0.9 0.9]]
CypD-x0734-pandda-model,[[1 1 1] [2 1 1] [3 1 1] [4 1 1] [5 1 1] [6 1 1] [7 1 1] [8 1 1] [9 1 1] [10 1 1] [11 1 1] [12 1 1] [13 1 1] [14 1 1] [15 1 1] [16 1 1] [17 1 1] [18 1 1] [19 1 1] [20 1 1] [21 1 1] [22 1 1] [23 1 2] [24 1 2] [25 1 2] [26 1 2] [27 1 2] [28 1 2] [29 1 2] [30 1 2] [31 1 2] [32 1 2] [33 1 2] [34 1 2] [35 1 2] [36 1 2] [37 1 2] [38 1 2] [39 1 2] [40 1 2] [41 1 2] [42 1 2] [43 1 2] [44 1 2]],[[6 28] [1360 3849] [91 10091] [4 4] [2.7 3]]
CypD-x0735-pandda-model,[[1 1 1] [2 1 1] [3 1 1] [4 1 1] [5 1 1] [6 1 1] [7 1 1] [8 1 1] [9 1 1] [10 1 1] [11 1 1] [12 1 1] [13 1 1] [14 1 1] [15 1 1] [16 1 1] [17 1 1] [18 1 1] [19 1 1] [20 1 1] [21 1 1] [22 1 1] [23 1 1] [24 1 1]],[15 421 28 3 1.3]
CypD-x0736-pandda-model,[[1 1 1] [2 1 1] [3 1 1] [4 1 1] [5 1 1] [6 1 1] [7 1 1] [8 1 1] [9 1 1] [10 1 1] [11 1 1] [12 1 1] [13 1 1] [14 1 1] [15 1 1] [16 1 1] [17 1 1] [18 1 1] [19 1 1] [20 1 1] [21 1 1] [22 1 1] [23 1 1] [24 1 1] [25 1 1] [26 1 1] [27 1 2] [28 1 2] [29 1 2] [30 1 2] [31 1 2] [32 1 2] [33 1 2] [34 1 2] [35 1 2] [36 1 2] [37 1 2] [38 1 2] [39 1 2] [40 1 2] [41 1 2] [42 1 2] [43 1 2] [44 1 2] [45 1 2] [46 1 2] [47 1 2] [48 1 2] [49 1 2] [50 1 2] [51 1 2] [52 1 2]],[[41 41 41 41 41] [4449 4452 4453 4455 4450] [10131 10131 10131 10131 10131] [10 10 10 10 10] [0.6 0.6 0.6 0.6 0.6]]
CypD-x0738-pandda-model,[[1 1 1] [2 1 1] [3 1 1] [4 1 1] [5 1 1] [6 1 1] [7 1 1] [8 1 1] [9 1 1] [10 1 1] [11 1 1] [12 1 1] [13 1 1] [14 1 1] [15 1 1] [16 1 1] [17 1 1] [18 1 1] [19 1 1] [20 1 1] [21 1 1] [22 1 1] [23 1 1] [24 1 1] [25 1 1] [26 1 1] [27 1 1] [28 1 1] [29 1 1] [30 1 1] [31 1 1] [32 1 1] [33 1 2] [34 1 2] [35 1 2] [36 1 2] [37 1 2] [38 1 2] [39 1 2] [40 1 2] [41 1 2] [42 1 2] [43 1 2] [44 1 2] [45 1 2] [46 1 2] [47 1 2] [48 1 2] [49 1 2] [50 1 2] [51 1 2] [52 1 2] [53 1 2] [54 1 2] [55 1 2] [56 1 2] [57 1 2] [58 1 2] [59 1 2] [60 1 2] [61 1 2] [62 1 2] [63 1 2] [64 1 2] [65 2 2] [66 2 2] [67 2 2] [68 2 2] [69 2 2] [70 2 2] [71 2 2] [72 2 2] [73 2 2] [74 2 2] [75 2 2] [76 2 2] [77 2 2] [78 2 2] [79 2 2] [80 2 2] [81 2 2] [82 2 2] [83 2 2] [84 2 2] [85 2 2] [86 2 2] [87 2 2] [88 2 2] [89 2 2] [90 2 2] [91 2 2] [92 2 2] [93 2 2] [94 2 2] [95 2 2] [96 2 2] [97 1 3] [98 1 3] [99 1 3] [100 1 3] [101 1 3] [102 1 3] [103 1 3] [104 1 3] [105 1 3] [106 1 3] [107 1 3] [108 1 3] [109 1 3] [110 1 3] [111 1 3] [112 1 3] [113 1 3] [114 1 3] [115 1 3] [116 1 3] [117 1 3] [118 1 3] [119 1 3] [120 1 3] [121 1 3] [122 1 3] [123 1 3] [124 1 3] [125 1 3] [126 1 3] [127 1 3] [128 1 3]],[[19 40 40 109 109 109 109 109 54 63 61 59 57 55] [1427 3599 3606 6950 6953 6955 6956 6951 6088 6088 6088 6088 6088 6088] [95 10074 10075 20131 20131 20131 20131 20131 20073 20073 20073 20073 20073 20073] [3 3 3 10 10 10 10 10 10 10 10 10 10 10] [0.6 4.5 2.8 1 1 1 1 1 0.7 0.7 0.7 0.7 0.7 0.7]]
CypD-x0741-pandda-model,[[1 1 1] [2 1 1] [3 1 1] [4 1 1] [5 1 1] [6 1 1] [7 1 1] [8 1 1] [9 1 1] [10 1 1] [11 1 1] [12 1 1] [13 1 1] [14 1 1] [15 1 1] [16 1 1] [17 1 1] [18 1 1] [19 1 1] [20 1 1] [21 1 1] [22 1 1] [23 1 1] [24 1 1] [25 1 1] [26 1 1] [27 1 1] [28 1 1] [29 1 1]],[[] [] [] [] []]
CypD-x0742-pandda-model,[[1 1 1] [2 1 1] [3 1 1] [4 1 1] [5 1 1] [6 1 1] [7 1 1] [8 1 1] [9 1 1] [10 1 1] [11 1 1] [12 1 1] [13 1 1] [14 1 1] [15 1 1] [16 1 1] [17 1 1] [18 1 1] [19 1 1] [20 1 1] [21 1 1] [22 1 1] [23 1 1]],[11 846 55 2 5.6]
CypD-x0745-pandda-model,[[1 1 1] [2 1 1] [3 1 1] [4 1 1] [5 1 1] [6 1 1] [7 1 1] [8 1 1] [9 1 1] [10 1 1] [11 1 1] [12 1 1] [13 1 1] [14 1 1] [15 1 1] [16 1 1] [17 1 1] [18 1 1] [19 1 1] [20 1 1] [21 1 1] [22 1 1] [23 1 1] [24 1 1] [25 1 1] [26 1 1] [27 1 1] [28 1 1] [29 1 1] [30 1 1]],[[16 16 16 16 16 16] [921 925 927 923 919 918] [10060 10060 10060 10060 10060 10060] [10 10 10 10 10 10] [0.8 0.8 0.8 0.8 0.8 0.8]]
CypD-x0746-pandda-model,[[1 1 1] [2 1 1] [3 1 1] [4 1 1] [5 1 1] [6 1 1] [7 1 1] [8 1 1] [9 1 1] [10 1 1] [11 1 1] [12 1 1] [13 1 1] [14 1 1] [15 1 1] [16 1 1] [17 1 1] [18 1 1] [19 1 1] [20 1 1] [21 1 1] [22 1 1] [23 1 1] [24 1 1] [25 1 1] [26 1 1] [27 1 1] [28 1 1] [29 1 1] [30 1 1] [31 1 1] [32 1 2] [33 1 2] [34 1 2] [35 1 2] [36 1 2] [37 1 2] [38 1 2] [39 1 2] [40 1 2] [41 1 2] [42 1 2] [43 1 2] [44 1 2] [45 1 2] [46 1 2] [47 1 2] [48 1 2] [49 1 2] [50 1 2] [51 1 2] [52 1 2] [53 1 2] [54 1 2] [55 1 2] [56 1 2] [57 1 2] [58 1 2] [59 1 2] [60 1 2] [61 1 2] [62 1 2]],[[6 37] [1226 3717] [82 10082] [2 2] [0.8 3.3]]
CypD-x0751-pandda-model,[[1 1 1] [2 1 1] [3 1 1] [4 1 1] [5 1 1] [6 1 1] [7 1 1] [8 1 1] [9 1 1] [10 1 1] [11 1 1] [12 1 1] [13 1 1] [14 1 1] [15 1 1] [16 1 1] [17 1 1] [18 1 1] [19 1 1] [20 1 1] [21 1 1] [22 1 1] [23 1 1] [24 1 1] [25 1 1] [26 1 1] [27 1 2] [28 1 2] [29 1 2] [30 1 2] [31 1 2] [32 1 2] [33 1 2] [34 1 2] [35 1 2] [36 1 2] [37 1 2] [38 1 2] [39 1 2] [40 1 2] [41 1 2] [42 1 2] [43 1 2] [44 1 2] [45 1 2] [46 1 2] [47 1 2] [48 1 2] [49 1 2] [50 1 2] [51 1 2] [52 1 2]],[[8 6 11] [1552 1572 4062] [105 106 10106] [3 2 2] [4.3 2.1 3.7]]
CypD-x0752-pandda-model,[[1 1 1] [2 1 1] [3 1 1] [4 1 1] [5 1 1] [6 1 1] [7 1 1] [8 1 1] [9 1 1] [10 1 1] [11 1 1] [12 1 1] [13 1 1] [14 1 1] [15 1 1] [16 1 1] [17 1 1] [18 1 1] [19 1 1] [20 1 1] [21 1 1] [22 1 1] [23 1 1] [24 1 1] [25 1 1] [26 1 1] [27 1 2] [28 1 2] [29 1 2] [30 1 2] [31 1 2] [32 1 2] [33 1 2] [34 1 2] [35 1 2] [36 1 2] [37 1 2] [38 1 2] [39 1 2] [40 1 2] [41 1 2] [42 1 2] [43 1 2] [44 1 2] [45 1 2] [46 1 2] [47 1 2] [48 1 2] [49 1 2] [50 1 2] [51 1 2] [52 1 2]],[[18 6 32 5 26 16 15 18 20] [1365 1360 3849 1356 1356 1356 1356 1356 1356] [91 91 10091 90 90 90 90 90 90] [3 4 4 10 10 10 10 10 10] [0.5 3.3 2.2 0.5 0.5 0.5 0.5 0.5 0.5]]
CypD-x0758-pandda-model,[[1 1 1] [2 1 1] [3 1 1] [4 1 1] [5 1 1] [6 1 1] [7 1 1] [8 1 1] [9 1 1] [10 1 1] [11 1 1] [12 1 1] [13 1 1] [14 1 1] [15 1 1] [16 1 1] [17 1 1] [18 1 1] [19 1 1] [20 1 1] [21 1 1] [22 1 1] [23 1 1]],[[20 20 20 20 20] [1802 1805 1799 1798 1801] [10121 10121 10121 10121 10121] [10 10 10 10 10] [0.8 0.8 0.8 0.8 0.8]]
CypD-x0759-pandda-model,[[1 1 1] [2 1 1] [3 1 1] [4 1 1] [5 1 1] [6 1 1] [7 1 1] [8 1 1] [9 1 1] [10 1 1] [11 1 1] [12 1 1] [13 1 1] [14 1 1] [15 1 1] [16 1 1] [17 1 1] [18 1 1] [19 1 1] [20 1 1] [21 1 1] [22 1 1] [23 1 1] [24 1 1] [25 1 1] [26 1 1] [27 1 1] [28 1 1] [29 1 1] [30 1 1] [31 1 1]],[11 480 31 2 10.9]
CypD-x0762-pandda-model,[[1 1 1] [2 1 1] [3 1 1] [4 1 1] [5 1 1] [6 1 1] [7 1 1] [8 1 1] [9 1 1] [10 1 1] [11 1 1] [12 1 1] [13 1 1] [14 1 1] [15 1 1] [16 1 1] [17 1 1] [18 1 1] [19 1 1] [20 1 1] [21 1 1] [22 1 1] [23 2 1] [24 2 1] [25 2 1] [26 2 1] [27 2 1] [28 2 1] [29 2 1] [30 2 1] [31 2 1] [32 2 1] [33 2 1] [34 2 1] [35 2 1] [36 2 1] [37 2 1] [38 2 1] [39 2 1] [40 2 1] [41 2 1] [42 2 1] [43 2 1] [44 2 1] [45 3 1] [46 3 1] [47 3 1] [48 3 1] [49 3 1] [50 3 1] [51 3 1] [52 3 1] [53 3 1] [54 3 1] [55 3 1] [56 3 1] [57 3 1] [58 3 1] [59 3 1] [60 3 1] [61 3 1] [62 3 1] [63 3 1] [64 3 1] [65 3 1] [66 3 1] [67 1 2] [68 1 2] [69 1 2] [70 1 2] [71 1 2] [72 1 2] [73 1 2] [74 1 2] [75 1 2] [76 1 2] [77 1 2] [78 1 2] [79 1 2] [80 1 2] [81 1 2] [82 1 2] [83 1 2] [84 1 2] [85 1 2] [86 1 2] [87 1 2] [88 1 2]],[[7 24 46 27 27 50 65 64 57 55 53] [1580 813 786 2275 2287 2328 2328 2328 2328 2328 2328] [10107 10054 10052 10152 10152 10155 10155 10155 10155 10155 10155] [3 3 1 4 2 10 10 10 10 10 10] [2.5 3.6 1.5 4.9 0.9 0.6 0.6 0.6 0.6 0.6 0.6]]
CypD-x0763-pandda-model,[[1 1 1] [2 1 1] [3 1 1] [4 1 1] [5 1 1] [6 1 1] [7 1 1] [8 1 1] [9 1 1] [10 1 1] [11 1 1] [12 1 1] [13 1 1] [14 1 1] [15 1 1] [16 1 1] [17 1 1] [18 1 1] [19 1 1] [20 1 1] [21 1 1] [22 1 1] [23 1 1] [24 1 1] [25 1 1] [26 1 1] [27 1 1] [28 1 1] [29 1 1] [30 1 1] [31 1 2] [32 1 2] [33 1 2] [34 1 2] [35 1 2] [36 1 2] [37 1 2] [38 1 2] [39 1 2] [40 1 2] [41 1 2] [42 1 2] [43 1 2] [44 1 2] [45 1 2] [46 1 2] [47 1 2] [48 1 2] [49 1 2] [50 1 2] [51 1 2] [52 1 2] [53 1 2] [54 1 2] [55 1 2] [56 1 2] [57 1 2] [58 1 2] [59 1 2] [60 1 2] [61 2 2] [62 2 2] [63 2 2] [64 2 2] [65 2 2] [66 2 2] [67 2 2] [68 2 2] [69 2 2] [70 2 2] [71 2 2] [72 2 2] [73 2 2] [74 2 2] [75 2 2] [76 2 2] [77 2 2] [78 2 2] [79 2 2] [80 2 2] [81 2 2] [82 2 2] [83 2 2] [84 2 2] [85 2 2] [86 2 2] [87 2 2] [88 2 2] [89 2 2] [90 2 2]],[[68 33 33 33 33 33 33] [4720 5912 5916 5918 5914 5910 5909] [10148 20060 20060 20060 20060 20060 20060] [2 10 10 10 10 10 10] [11.1 0.9 0.9 0.9 0.9 0.9 0.9]]
CypD-x0767-pandda-model,[[1 1 1] [2 1 1] [3 1 1] [4 1 1] [5 1 1] [6 1 1] [7 1 1] [8 1 1] [9 1 1] [10 1 1] [11 1 1] [12 1 1] [13 1 1] [14 1 1] [15 1 1] [16 1 1] [17 1 1] [18 1 1] [19 1 1] [20 1 1] [21 1 1] [22 1 1] [23 1 1] [24 1 1] [25 1 1] [26 1 1] [27 1 1] [28 1 1] [29 2 1] [30 2 1] [31 2 1] [32 2 1] [33 2 1] [34 2 1] [35 2 1] [36 2 1] [37 2 1] [38 2 1] [39 2 1] [40 2 1] [41 2 1] [42 2 1] [43 2 1] [44 2 1] [45 2 1] [46 2 1] [47 2 1] [48 2 1] [49 2 1] [50 2 1] [51 2 1] [52 2 1] [53 2 1] [54 2 1] [55 2 1] [56 2 1] [57 2 1] [58 1 2] [59 1 2] [60 1 2] [61 1 2] [62 1 2] [63 1 2] [64 1 2] [65 1 2] [66 1 2] [67 1 2] [68 1 2] [69 1 2] [70 1 2] [71 1 2] [72 1 2] [73 1 2] [74 1 2] [75 1 2] [76 1 2] [77 1 2] [78 1 2] [79 1 2] [80 1 2] [81 1 2] [82 1 2] [83 1 2] [84 1 2] [85 1 2] [86 1 2] [87 1 3] [88 1 3] [89 1 3] [90 1 3] [91 1 3] [92 1 3] [93 1 3] [94 1 3] [95 1 3] [96 1 3] [97 1 3] [98 1 3] [99 1 3] [100 1 3] [101 1 3] [102 1 3] [103 1 3] [104 1 3] [105 1 3] [106 1 3] [107 1 3] [108 1 3] [109 1 3] [110 1 3] [111 1 3] [112 1 3] [113 1 3] [114 1 3]],[[37 66 81 5 11 40 69 92 97 6 6 92 97] [888 3378 7207 970 823 2230 4719 7220 7220 840 843 7220 7220] [58 10058 20148 63 54 148 10148 20148 20148 55 55 20148 20148] [3 3 3 2 2 2 2 2 2 7 7 7 7] [0.5 0.5 0.6 8.2 5.1 9 6.3 11.6 5.7 2.467436113 5.758051979 6.513366045 6.945239007]]
CypD-x0771-pandda-model,[[1 1 1] [2 1 1] [3 1 1] [4 1 1] [5 1 1] [6 1 1] [7 1 1] [8 1 1] [9 1 1] [10 1 1] [11 1 1] [12 1 1] [13 1 1] [14 1 1] [15 1 1] [16 1 1] [17 1 1] [18 1 1] [19 1 1] [20 1 1] [21 1 1] [22 1 1] [23 1 1] [24 1 1] [25 1 1] [26 1 1] [27 1 1] [28 1 1] [29 1 1] [30 1 1] [31 1 1] [32 1 1] [33 1 2] [34 1 2] [35 1 2] [36 1 2] [37 1 2] [38 1 2] [39 1 2] [40 1 2] [41 1 2] [42 1 2] [43 1 2] [44 1 2] [45 1 2] [46 1 2] [47 1 2] [48 1 2] [49 1 2] [50 1 2] [51 1 2] [52 1 2] [53 1 2] [54 1 2] [55 1 2] [56 1 2] [57 1 2] [58 1 2] [59 1 2] [60 1 2] [61 1 2] [62 1 2] [63 1 2] [64 1 2]],[[12 44 47 56 39 39 39] [1521 4011 4127 6078 5813 5960 6074] [102 10102 10111 20072 20054 20063 20072] [3 3 1 3 2 2 4] [0.5 0.6 0.5 0.5 2.1 2 0.5]]
CypD-x0772-pandda-model,[[1 1 1] [2 1 1] [3 1 1] [4 1 1] [5 1 1] [6 1 1] [7 1 1] [8 1 1] [9 1 1] [10 1 1] [11 1 1] [12 1 1] [13 1 1] [14 1 1] [15 1 1] [16 1 1] [17 1 1] [18 1 1] [19 1 1] [20 1 1] [21 1 1] [22 1 1] [23 1 1] [24 1 1] [25 1 1] [26 1 1]],[[16 25 23 21 19 17 16 25 23 21 19 17] [1352 1352 1352 1352 1352 1352 1360 1360 1360 1360 1360 1360] [10090 10090 10090 10090 10090 10090 10091 10091 10091 10091 10091 10091] [10 10 10 10 10 10 10 10 10 10 10 10] [0.5 0.5 0.5 0.5 0.5 0.5 0.5 0.5 0.5 0.5 0.5 0.5]]
CypD-x0773-pandda-model,[[1 1 1] [2 1 1] [3 1 1] [4 1 1] [5 1 1] [6 1 1] [7 1 1] [8 1 1] [9 1 1] [10 1 1] [11 1 1] [12 1 1] [13 1 1] [14 1 1] [15 1 1] [16 1 1] [17 1 1] [18 1 1] [19 1 1] [20 1 1] [21 1 1] [22 1 1] [23 1 1] [24 1 1] [25 1 1] [26 1 1] [27 1 2] [28 1 2] [29 1 2] [30 1 2] [31 1 2] [32 1 2] [33 1 2] [34 1 2] [35 1 2] [36 1 2] [37 1 2] [38 1 2] [39 1 2] [40 1 2] [41 1 2] [42 1 2] [43 1 2] [44 1 2] [45 1 2] [46 1 2] [47 1 2] [48 1 2] [49 1 2] [50 1 2] [51 1 2] [52 1 2] [53 1 2] [54 1 2] [55 2 2] [56 2 2] [57 2 2] [58 2 2] [59 2 2] [60 2 2] [61 2 2] [62 2 2] [63 2 2] [64 2 2] [65 2 2] [66 2 2] [67 2 2] [68 2 2] [69 2 2] [70 2 2] [71 2 2] [72 2 2] [73 2 2] [74 2 2] [75 2 2] [76 2 2] [77 2 2] [78 2 2] [79 2 2] [80 2 2] [81 2 2] [82 2 2] [83 2 2] [84 2 2] [85 2 2] [86 2 2]],[[32 8 34 59 59 59 59 59 59] [6107 2231 6220 5909 5912 5916 5918 5914 5910] [20075 148 20082 20060 20060 20060 20060 20060 20060] [3 2 2 10 10 10 10 10 10] [0.7 9.6 3.9 1.3 1.3 1.3 1.3 1.3 1.3]]
CypD-x0775-pandda-model,[[1 1 1] [2 1 1] [3 1 1] [4 1 1] [5 1 1] [6 1 1] [7 1 1] [8 1 1] [9 1 1] [10 1 1] [11 1 1] [12 1 1] [13 1 1] [14 1 1] [15 1 1] [16 1 1] [17 1 1] [18 1 1] [19 1 1] [20 1 1] [21 1 1] [22 1 1] [23 1 1] [24 1 1] [25 1 1] [26 1 1] [27 1 1] [28 1 1] [29 1 1] [30 1 1] [31 1 1] [32 1 2] [33 1 2] [34 1 2] [35 1 2] [36 1 2] [37 1 2] [38 1 2] [39 1 2] [40 1 2] [41 1 2] [42 1 2] [43 1 2] [44 1 2] [45 1 2] [46 1 2] [47 1 2] [48 1 2] [49 1 2] [50 1 2] [51 1 2] [52 1 2] [53 1 2] [54 1 2] [55 1 2] [56 1 2] [57 1 2] [58 1 2] [59 1 2] [60 1 2] [61 1 2] [62 1 2] [63 1 2]],[[38 46 4] [5892 5877 2229] [20059 20058 148] [3 3 2] [7.2 1.4 11.3]]
CypD-x0776-pandda-model,[[1 1 1] [2 1 1] [3 1 1] [4 1 1] [5 1 1] [6 1 1] [7 1 1] [8 1 1] [9 1 1] [10 1 1] [11 1 1] [12 1 1] [13 1 1] [14 1 1] [15 1 1] [16 1 1] [17 1 1] [18 1 1] [19 1 1] [20 1 1] [21 1 1] [22 1 1] [23 1 1] [24 1 1] [25 1 1] [26 1 1] [27 1 1] [28 1 1] [29 1 1] [30 1 1] [31 1 1] [32 1 1] [33 1 1] [34 1 1] [35 1 2] [36 1 2] [37 1 2] [38 1 2] [39 1 2] [40 1 2] [41 1 2] [42 1 2] [43 1 2] [44 1 2] [45 1 2] [46 1 2] [47 1 2] [48 1 2] [49 1 2] [50 1 2] [51 1 2] [52 1 2] [53 1 2] [54 1 2] [55 1 2] [56 1 2] [57 1 2] [58 1 2] [59 1 2] [60 1 2] [61 1 2] [62 1 2] [63 1 2] [64 1 2] [65 1 2] [66 1 2] [67 1 2] [68 1 2] [69 1 3] [70 1 3] [71 1 3] [72 1 3] [73 1 3] [74 1 3] [75 1 3] [76 1 3] [77 1 3] [78 1 3] [79 1 3] [80 1 3] [81 1 3] [82 1 3] [83 1 3] [84 1 3] [85 1 3] [86 1 3] [87 1 3] [88 1 3] [89 1 3] [90 1 3] [91 1 3] [92 1 3] [93 1 3] [94 1 3] [95 1 3] [96 1 3] [97 1 3] [98 1 3] [99 1 3] [100 1 3] [101 1 3] [102 1 3]],[[7 41 75 1 1 1 1 1] [1360 3849 6349 1958 1961 1962 1964 1959] [91 10091 20091 131 131 131 131 131] [4 4 4 10 10 10 10 10] [3.2 3.5 3.8 2 2 2 2 2]]
CypD-x0777-pandda-model,[[1 1 1] [2 1 1] [3 1 1] [4 1 1] [5 1 1] [6 1 1] [7 1 1] [8 1 1] [9 1 1] [10 1 1] [11 1 1] [12 1 1] [13 1 1] [14 1 1] [15 1 1] [16 1 1] [17 1 1] [18 1 1] [19 1 1] [20 1 1] [21 1 1] [22 1 1] [23 1 1] [24 1 1] [25 1 1] [26 1 1]],[10 3729 20082 2 4.8]
CypD-x0780-pandda-model,[[1 1 1] [2 1 1] [3 1 1] [4 1 1] [5 1 1] [6 1 1] [7 1 1] [8 1 1] [9 1 1] [10 1 1] [11 1 1] [12 1 1] [13 1 1] [14 1 1] [15 1 1] [16 1 1] [17 1 1] [18 1 1] [19 1 1] [20 1 1] [21 1 1] [22 1 1] [23 1 1] [24 1 1] [25 1 1] [26 1 1] [27 1 1]],[[] [] [] [] []]
CypD-x0781-pandda-model,[[1 1 1] [2 1 1] [3 1 1] [4 1 1] [5 1 1] [6 1 1] [7 1 1] [8 1 1] [9 1 1] [10 1 1] [11 1 1] [12 1 1] [13 1 1] [14 1 1] [15 1 1] [16 1 1] [17 1 1] [18 1 1] [19 1 1] [20 1 1] [21 1 1] [22 1 1] [23 1 1] [24 1 1] [25 1 1] [26 1 1] [27 1 1] [28 1 1] [29 1 1] [30 1 1]],[[10 6 15] [4041 4061 1571] [10105 10106 106] [3 2 2] [4.9 2.2 2]]
CypD-x0782-pandda-model,[[1 1 1] [2 1 1] [3 1 1] [4 1 1] [5 1 1] [6 1 1] [7 1 1] [8 1 1] [9 1 1] [10 1 1] [11 1 1] [12 1 1] [13 1 1] [14 1 1] [15 1 1] [16 1 1] [17 1 1] [18 1 1] [19 1 1] [20 1 1] [21 1 1] [22 1 1] [23 1 1] [24 1 1] [25 1 1] [26 1 1] [27 1 1] [28 1 1] [29 1 1] [30 1 1] [31 1 1] [32 1 1] [33 1 1] [34 1 1] [35 1 1] [36 1 2] [37 1 2] [38 1 2] [39 1 2] [40 1 2] [41 1 2] [42 1 2] [43 1 2] [44 1 2] [45 1 2] [46 1 2] [47 1 2] [48 1 2] [49 1 2] [50 1 2] [51 1 2] [52 1 2] [53 1 2] [54 1 2] [55 1 2] [56 1 2] [57 1 2] [58 1 2] [59 1 2] [60 1 2] [61 1 2] [62 1 2] [63 1 2] [64 1 2] [65 1 2] [66 1 2] [67 1 2] [68 1 2] [69 1 2] [70 1 2]],[[7 42 56 56 56 56 56] [1360 3851 4449 4452 4453 4455 4450] [91 10091 10131 10131 10131 10131 10131] [4 4 10 10 10 10 10] [3.8 4.8 0.8 0.8 0.8 0.8 0.8]]
CypD-x0789-pandda-model,[[1 1 1] [2 1 1] [3 1 1] [4 1 1] [5 1 1] [6 1 1] [7 1 1] [8 1 1] [9 1 1] [10 1 1] [11 1 1] [12 1 1] [13 1 1] [14 1 1] [15 1 1] [16 1 1] [17 1 1] [18 1 1] [19 1 1] [20 1 1] [21 1 1] [22 1 1] [23 1 1] [24 1 1] [25 1 1] [26 1 1] [27 1 1] [28 1 1] [29 1 1] [30 1 2] [31 1 2] [32 1 2] [33 1 2] [34 1 2] [35 1 2] [36 1 2] [37 1 2] [38 1 2] [39 1 2] [40 1 2] [41 1 2] [42 1 2] [43 1 2] [44 1 2] [45 1 2] [46 1 2] [47 1 2] [48 1 2] [49 1 2] [50 1 2] [51 1 2] [52 1 2] [53 1 2] [54 1 2] [55 1 2] [56 1 2] [57 1 2] [58 1 2]],[[7 7 7 7 7 7 10 10 10 10 10 10 24 24 24 24 24 24 13 13 13 13 13 13 26 26 26 26 26 26 28 28 28 28 28 28 23 23 23 23 23 23] [918 921 925 927 923 919 1811 1809 1803 1801 1802 1807 1811 1809 1803 1801 1802 1807 1811 1809 1803 1801 1802 1807 1811 1809 1803 1801 1802 1807 1811 1809 1803 1801 1802 1807 1811 1809 1803 1801 1802 1807] [60 60 60 60 60 60 121 121 121 121 121 121 121 121 121 121 121 121 121 121 121 121 121 121 121 121 121 121 121 121 121 121 121 121 121 121 121 121 121 121 121 121] [10 10 10 10 10 10 10 10 10 10 10 10 10 10 10 10 10 10 10 10 10 10 10 10 10 10 10 10 10 10 10 10 10 10 10 10 10 10 10 10 10 10] [0.5 0.5 0.5 0.5 0.5 0.5 -0 -0 -0 -0 -0 -0 -0 -0 -0 -0 -0 -0 -0 -0 -0 -0 -0 -0 -0 -0 -0 -0 -0 -0 -0 -0 -0 -0 -0 -0 -0 -0 -0 -0 -0 -0]]
CypD-x0793-pandda-model,[[1 1 1] [2 1 1] [3 1 1] [4 1 1] [5 1 1] [6 1 1] [7 1 1] [8 1 1] [9 1 1] [10 1 1] [11 1 1] [12 1 1] [13 1 1] [14 1 1] [15 1 1] [16 1 1] [17 2 1] [18 2 1] [19 2 1] [20 2 1] [21 2 1] [22 2 1] [23 2 1] [24 2 1] [25 2 1] [26 2 1] [27 2 1] [28 2 1] [29 2 1] [30 2 1] [31 1 2] [32 1 2] [33 1 2] [34 1 2] [35 1 2] [36 1 2] [37 1 2] [38 1 2] [39 1 2] [40 1 2] [41 1 2] [42 1 2] [43 1 2] [44 1 2] [45 2 2] [46 2 2] [47 2 2] [48 2 2] [49 2 2] [50 2 2] [51 2 2] [52 2 2] [53 2 2] [54 2 2] [55 2 2] [56 2 2] [57 2 2] [58 2 2] [59 2 2] [60 2 2] [61 1 3] [62 1 3] [63 1 3] [64 1 3] [65 1 3] [66 1 3] [67 1 3] [68 1 3] [69 1 3] [70 1 3] [71 1 3] [72 1 3] [73 1 3] [74 1 3]],[[71 33 37 39 55] [5616 3332 3335 5836 2879] [20041 10055 10055 20055 10025] [3 2 2 2 2] [1.9 3.7 6.4 1.8 1.4]]
CypD-x0794-pandda-model,[[1 1 1] [2 1 1] [3 1 1] [4 1 1] [5 1 1] [6 1 1] [7 1 1] [8 1 1] [9 1 1] [10 1 1] [11 1 1] [12 1 1] [13 1 1] [14 1 1] [15 1 1] [16 1 1] [17 1 1] [18 1 1] [19 1 1] [20 1 1] [21 1 1] [22 1 1] [23 1 1] [24 1 1] [25 1 1] [26 1 1] [27 1 1] [28 1 1] [29 1 1] [30 1 1]],[7 480 31 2 3.2]
CypD-x0799-pandda-model,[[1 1 1] [2 1 1] [3 1 1] [4 1 1] [5 1 1] [6 1 1] [7 1 1] [8 1 1] [9 1 1] [10 1 1] [11 1 1] [12 1 1] [13 1 1] [14 1 1] [15 1 1] [16 1 1] [17 1 1] [18 1 1] [19 1 1] [20 1 1] [21 1 1] [22 1 1] [23 1 1] [24 1 1] [25 1 1] [26 1 1] [27 1 1] [28 1 1] [29 1 1] [30 1 2] [31 1 2] [32 1 2] [33 1 2] [34 1 2] [35 1 2] [36 1 2] [37 1 2] [38 1 2] [39 1 2] [40 1 2] [41 1 2] [42 1 2] [43 1 2] [44 1 2] [45 1 2] [46 1 2] [47 1 2] [48 1 2] [49 1 2] [50 1 2] [51 1 2] [52 1 2] [53 1 2] [54 1 2] [55 1 2] [56 1 2] [57 1 2] [58 1 2]],[[10 17 17 17 17 17 17 26 26 26 26 26 26 16 24 22 21 19 17 45 53 51 50 48 46] [1174 1179 1183 1187 1185 1181 1178 1179 1183 1187 1185 1181 1178 1263 1263 1263 1263 1263 1263 3846 3846 3846 3846 3846 3846] [79 79 79 79 79 79 79 79 79 79 79 79 79 84 84 84 84 84 84 10090 10090 10090 10090 10090 10090] [3 10 10 10 10 10 10 10 10 10 10 10 10 10 10 10 10 10 10 10 10 10 10 10 10] [0.5 0.7 0.7 0.7 0.7 0.7 0.7 0.7 0.7 0.7 0.7 0.7 0.7 0.5 0.5 0.5 0.5 0.5 0.5 0.7 0.7 0.7 0.7 0.7 0.7]]
CypD-x0802-pandda-model,[[1 1 1] [2 1 1] [3 1 1] [4 1 1] [5 1 1] [6 1 1] [7 1 1] [8 1 1] [9 1 1] [10 1 1] [11 1 1] [12 1 1] [13 1 1] [14 1 1] [15 1 1] [16 1 1] [17 1 1] [18 1 1] [19 1 1] [20 1 1] [21 1 1] [22 1 1] [23 1 1] [24 1 1] [25 1 1] [26 1 1] [27 2 1] [28 2 1] [29 2 1] [30 2 1] [31 2 1] [32 2 1] [33 2 1] [34 2 1] [35 2 1] [36 2 1] [37 2 1] [38 2 1] [39 2 1] [40 2 1] [41 2 1] [42 2 1] [43 2 1] [44 2 1] [45 2 1] [46 2 1] [47 2 1] [48 2 1] [49 2 1] [50 2 1] [51 2 1] [52 2 1] [53 2 1] [54 2 1] [55 2 1] [56 2 1] [57 2 1] [58 1 2] [59 1 2] [60 1 2] [61 1 2] [62 1 2] [63 1 2] [64 1 2] [65 1 2] [66 1 2] [67 1 2] [68 1 2] [69 1 2] [70 1 2] [71 1 2] [72 1 2] [73 1 2] [74 1 2] [75 1 2] [76 1 2] [77 1 2] [78 1 2] [79 1 2] [80 1 2] [81 1 2] [82 1 2] [83 1 2] [84 1 3] [85 1 3] [86 1 3] [87 1 3] [88 1 3] [89 1 3] [90 1 3] [91 1 3] [92 1 3] [93 1 3] [94 1 3] [95 1 3] [96 1 3] [97 1 3] [98 1 3] [99 1 3] [100 1 3] [101 1 3] [102 1 3] [103 1 3] [104 1 3] [105 1 3] [106 1 3] [107 1 3] [108 1 3] [109 1 3] [110 2 3] [111 2 3] [112 2 3] [113 2 3] [114 2 3] [115 2 3] [116 2 3] [117 2 3] [118 2 3] [119 2 3] [120 2 3] [121 2 3] [122 2 3] [123 2 3] [124 2 3] [125 2 3] [126 2 3] [127 2 3] [128 2 3] [129 2 3] [130 2 3] [131 2 3] [132 2 3] [133 2 3] [134 2 3] [135 2 3] [136 2 3] [137 2 3]],[[43 64 6 10 89 120] [1094 3828 970 1516 5960 1339] [73 10089 63 102 20063 89] [3 1 2 4 2 2] [1.8 0.9 4 2 3.2 2.5]]
CypD-x0811-pandda-model,[[1 1 1] [2 1 1] [3 1 1] [4 1 1] [5 1 1] [6 1 1] [7 1 1] [8 1 1] [9 1 1] [10 1 1] [11 1 1] [12 1 1] [13 1 1] [14 1 1] [15 1 1] [16 1 1] [17 1 1] [18 1 1] [19 1 1] [20 1 1] [21 1 1] [22 1 1] [23 1 1] [24 1 1] [25 1 1] [26 1 1] [27 1 1] [28 1 1] [29 1 1] [30 1 1] [31 1 1] [32 1 2] [33 1 2] [34 1 2] [35 1 2] [36 1 2] [37 1 2] [38 1 2] [39 1 2] [40 1 2] [41 1 2] [42 1 2] [43 1 2] [44 1 2] [45 1 2] [46 1 2] [47 1 2] [48 1 2] [49 1 2] [50 1 2] [51 1 2] [52 1 2] [53 1 2] [54 1 2] [55 1 2] [56 1 2] [57 1 2] [58 1 2] [59 1 2] [60 1 2] [61 1 2] [62 1 2]],[[6 37] [2230 4719] [148 10148] [2 2] [13.4 11.6]]
CypD-x0812-pandda-model,[[1 1 1] [2 1 1] [3 1 1] [4 1 1] [5 1 1] [6 1 1] [7 1 1] [8 1 1] [9 1 1] [10 1 1] [11 1 1] [12 1 1] [13 1 1] [14 1 1] [15 1 1] [16 1 1] [17 1 1] [18 1 1] [19 1 1] [20 1 1] [21 1 1] [22 1 1] [23 1 1] [24 1 1] [25 1 1] [26 1 1] [27 1 1] [28 1 1] [29 1 1] [30 1 1] [31 1 1] [32 1 1] [33 1 1] [34 1 2] [35 1 2] [36 1 2] [37 1 2] [38 1 2] [39 1 2] [40 1 2] [41 1 2] [42 1 2] [43 1 2] [44 1 2] [45 1 2] [46 1 2] [47 1 2] [48 1 2] [49 1 2] [50 1 2] [51 1 2] [52 1 2] [53 1 2] [54 1 2] [55 1 2] [56 1 2] [57 1 2] [58 1 2] [59 1 2] [60 1 2] [61 1 2] [62 1 2] [63 1 2] [64 1 2] [65 1 2] [66 1 2] [67 2 2] [68 2 2] [69 2 2] [70 2 2] [71 2 2] [72 2 2] [73 2 2] [74 2 2] [75 2 2] [76 2 2] [77 2 2] [78 2 2] [79 2 2] [80 2 2] [81 2 2] [82 2 2] [83 2 2] [84 2 2] [85 2 2] [86 2 2] [87 2 2] [88 2 2] [89 2 2] [90 2 2] [91 2 2] [92 2 2] [93 2 2] [94 2 2] [95 2 2] [96 2 2] [97 2 2] [98 2 2] [99 2 2] [100 1 3] [101 1 3] [102 1 3] [103 1 3] [104 1 3] [105 1 3] [106 1 3] [107 1 3] [108 1 3] [109 1 3] [110 1 3] [111 1 3] [112 1 3] [113 1 3] [114 1 3] [115 1 3] [116 1 3] [117 1 3] [118 1 3] [119 1 3] [120 1 3] [121 1 3] [122 1 3] [123 1 3] [124 1 3] [125 1 3] [126 1 3] [127 1 3] [128 1 3] [129 1 3] [130 1 3] [131 1 3] [132 1 3]],[[8 6 39 71 72 78 111] [1365 1360 3850 4507 4514 4531 6507] [91 91 10091 10135 10136 10137 20102] [3 4 4 4 4 4 4] [0.6 3.4 4.7 1.6 2.7 1.2 3.5]]
CypD-x0814-pandda-model,[[1 1 1] [2 1 1] [3 1 1] [4 1 1] [5 1 1] [6 1 1] [7 1 1] [8 1 1] [9 1 1] [10 1 1] [11 1 1] [12 1 1] [13 1 1] [14 1 1] [15 1 1] [16 1 1] [17 1 1] [18 1 1] [19 1 1] [20 1 1] [21 1 1] [22 1 1] [23 1 1] [24 1 1] [25 1 1] [26 1 1] [27 1 2] [28 1 2] [29 1 2] [30 1 2] [31 1 2] [32 1 2] [33 1 2] [34 1 2] [35 1 2] [36 1 2] [37 1 2] [38 1 2] [39 1 2] [40 1 2] [41 1 2] [42 1 2] [43 1 2] [44 1 2] [45 1 2] [46 1 2] [47 1 2] [48 1 2] [49 1 2] [50 1 2] [51 1 2] [52 1 2] [53 2 2] [54 2 2] [55 2 2] [56 2 2] [57 2 2] [58 2 2] [59 2 2] [60 2 2] [61 2 2] [62 2 2] [63 2 2] [64 2 2] [65 2 2] [66 2 2] [67 2 2] [68 2 2] [69 2 2] [70 2 2] [71 2 2] [72 2 2] [73 2 2] [74 2 2] [75 2 2] [76 2 2] [77 2 2] [78 2 2] [79 3 2] [80 3 2] [81 3 2] [82 3 2] [83 3 2] [84 3 2] [85 3 2] [86 3 2] [87 3 2] [88 3 2] [89 3 2] [90 3 2] [91 3 2] [92 3 2] [93 3 2] [94 3 2] [95 3 2] [96 3 2] [97 3 2] [98 3 2] [99 3 2] [100 3 2] [101 3 2] [102 3 2] [103 3 2] [104 3 2]],[[41 6 84 38 43 40 48 41] [6963 706 4717 6947 6947 6947 6947 6947] [20132 47 10148 20131 20131 20131 20131 20131] [3 4 2 10 10 10 10 10] [5.6 0.7 0.6 0.9 0.9 0.9 0.9 0.9]]
CypD-x0815-pandda-model,[[1 1 1] [2 1 1] [3 1 1] [4 1 1] [5 1 1] [6 1 1] [7 1 1] [8 1 1] [9 1 1] [10 1 1] [11 1 1] [12 1 1] [13 1 1] [14 1 1] [15 1 1] [16 1 1] [17 1 1] [18 1 1] [19 1 1] [20 1 1] [21 1 1] [22 1 1] [23 1 1] [24 1 1] [25 1 1] [26 1 1] [27 1 1] [28 1 1] [29 1 1] [30 1 1] [31 1 1] [32 1 1] [33 1 1] [34 1 1] [35 1 2] [36 1 2] [37 1 2] [38 1 2] [39 1 2] [40 1 2] [41 1 2] [42 1 2] [43 1 2] [44 1 2] [45 1 2] [46 1 2] [47 1 2] [48 1 2] [49 1 2] [50 1 2] [51 1 2] [52 1 2] [53 1 2] [54 1 2] [55 1 2] [56 1 2] [57 1 2] [58 1 2] [59 1 2] [60 1 2] [61 1 2] [62 1 2] [63 1 2] [64 1 2] [65 1 2] [66 1 2] [67 1 2] [68 1 2]],[[7 45] [1206 3567] [81 10071] [2 2] [1.8 1.8]]
CypD-x0816-pandda-model,[[1 1 1] [2 1 1] [3 1 1] [4 1 1] [5 1 1] [6 1 1] [7 1 1] [8 1 1] [9 1 1] [10 1 1] [11 1 1] [12 1 1] [13 1 1] [14 1 1] [15 1 1] [16 1 1] [17 1 1] [18 1 1] [19 1 1] [20 1 1] [21 1 1] [22 1 1] [23 1 1] [24 1 1] [25 1 1] [26 1 1] [27 2 1] [28 2 1] [29 2 1] [30 2 1] [31 2 1] [32 2 1] [33 2 1] [34 2 1] [35 2 1] [36 2 1] [37 2 1] [38 2 1] [39 2 1] [40 2 1] [41 2 1] [42 2 1] [43 2 1] [44 2 1] [45 2 1] [46 2 1] [47 2 1] [48 2 1] [49 2 1] [50 2 1] [51 2 1] [52 2 1]],[[6 37 44 44 44 44 44] [3716 5381 6953 6954 6956 6951 6950] [10082 20025 20131 20131 20131 20131 20131] [2 2 10 10 10 10 10] [1.1 8 0.8 0.8 0.8 0.8 0.8]]
CypD-x0818-pandda-model,[[1 1 1] [2 1 1] [3 1 1] [4 1 1] [5 1 1] [6 1 1] [7 1 1] [8 1 1] [9 1 1] [10 1 1] [11 1 1] [12 1 1] [13 1 1] [14 1 1] [15 1 1] [16 1 1] [17 1 1] [18 1 1] [19 1 1] [20 1 1] [21 1 1] [22 1 1] [23 1 1] [24 1 1] [25 1 1] [26 2 1] [27 2 1] [28 2 1] [29 2 1] [30 2 1] [31 2 1] [32 2 1] [33 2 1] [34 2 1] [35 2 1] [36 2 1] [37 2 1] [38 2 1] [39 2 1] [40 2 1] [41 2 1] [42 2 1] [43 2 1] [44 2 1] [45 2 1] [46 2 1] [47 2 1] [48 2 1] [49 2 1] [50 2 1] [51 1 2] [52 1 2] [53 1 2] [54 1 2] [55 1 2] [56 1 2] [57 1 2] [58 1 2] [59 1 2] [60 1 2] [61 1 2] [62 1 2] [63 1 2] [64 1 2] [65 1 2] [66 1 2] [67 1 2] [68 1 2] [69 1 2] [70 1 2] [71 1 2] [72 1 2] [73 1 2] [74 1 2] [75 1 2] [76 2 2] [77 2 2] [78 2 2] [79 2 2] [80 2 2] [81 2 2] [82 2 2] [83 2 2] [84 2 2] [85 2 2] [86 2 2] [87 2 2] [88 2 2] [89 2 2] [90 2 2] [91 2 2] [92 2 2] [93 2 2] [94 2 2] [95 2 2] [96 2 2] [97 2 2] [98 2 2] [99 2 2] [100 2 2] [101 3 2] [102 3 2] [103 3 2] [104 3 2] [105 3 2] [106 3 2] [107 3 2] [108 3 2] [109 3 2] [110 3 2] [111 3 2] [112 3 2] [113 3 2] [114 3 2] [115 3 2] [116 3 2] [117 3 2] [118 3 2] [119 3 2] [120 3 2] [121 3 2] [122 3 2] [123 3 2] [124 3 2] [125 3 2]],[[98 14 31 39 106 110] [3854 1360 2229 2229 7219 7219] [10091 91 148 148 20148 20148] [3 4 2 2 2 2] [0.5 4.9 5.5 2.5 7.4 0.7]]
CypD-x0819-pandda-model,[[1 1 1] [2 1 1] [3 1 1] [4 1 1] [5 1 1] [6 1 1] [7 1 1] [8 1 1] [9 1 1] [10 1 1] [11 1 1] [12 1 1] [13 1 1] [14 1 1] [15 1 1] [16 1 1] [17 1 1] [18 1 1] [19 1 1] [20 1 1] [21 1 1] [22 1 1] [23 1 1] [24 1 1] [25 1 1] [26 1 1] [27 1 1] [28 1 1]],[[7 5 18 27 25 23 21 19 18 27 25 23 21 19] [1365 1360 1347 1347 1347 1347 1347 1347 1352 1352 1352 1352 1352 1352] [10091 10091 10090 10090 10090 10090 10090 10090 10090 10090 10090 10090 10090 10090] [3 4 10 10 10 10 10 10 10 10 10 10 10 10] [4.4 4.1 0.5 0.5 0.5 0.5 0.5 0.5 0.5 0.5 0.5 0.5 0.5 0.5]]
CypD-x0820-pandda-model,[[1 1 1] [2 1 1] [3 1 1] [4 1 1] [5 1 1] [6 1 1] [7 1 1] [8 1 1] [9 1 1] [10 1 1] [11 1 1] [12 1 1] [13 1 1] [14 1 1] [15 1 1] [16 1 1] [17 1 1] [18 1 1] [19 1 1] [20 1 1] [21 1 1] [22 1 1] [23 1 1] [24 2 1] [25 2 1] [26 2 1] [27 2 1] [28 2 1] [29 2 1] [30 2 1] [31 2 1] [32 2 1] [33 2 1] [34 2 1] [35 2 1] [36 2 1] [37 2 1] [38 2 1] [39 2 1] [40 2 1] [41 2 1] [42 2 1] [43 2 1] [44 2 1] [45 2 1] [46 2 1]],[[8 28 31] [3470 4016 970] [20063 20102 10063] [2 4 2] [3.6 4.4 3.7]]
CypD-x0822-pandda-model,[[1 1 1] [2 1 1] [3 1 1] [4 1 1] [5 1 1] [6 1 1] [7 1 1] [8 1 1] [9 1 1] [10 1 1] [11 1 1] [12 1 1] [13 1 1] [14 1 1] [15 1 1] [16 1 1] [17 1 1] [18 1 1] [19 1 1] [20 1 1] [21 1 1] [22 1 1] [23 1 1] [24 1 1] [25 1 1] [26 1 2] [27 1 2] [28 1 2] [29 1 2] [30 1 2] [31 1 2] [32 1 2] [33 1 2] [34 1 2] [35 1 2] [36 1 2] [37 1 2] [38 1 2] [39 1 2] [40 1 2] [41 1 2] [42 1 2] [43 1 2] [44 1 2] [45 1 2] [46 1 2] [47 1 2] [48 1 2] [49 1 2] [50 1 2]],[[8 6] [1580 970] [10107 10063] [3 2] [2.5 4.3]]
CypD-x0826-pandda-model,[[1 1 1] [2 1 1] [3 1 1] [4 1 1] [5 1 1] [6 1 1] [7 1 1] [8 1 1] [9 1 1] [10 1 1] [11 1 1] [12 1 1] [13 1 1] [14 1 1] [15 1 1] [16 1 1] [17 1 1] [18 1 1] [19 1 1] [20 1 1] [21 1 1] [22 1 1] [23 1 1] [24 1 1] [25 1 1] [26 1 1] [27 1 1] [28 1 2] [29 1 2] [30 1 2] [31 1 2] [32 1 2] [33 1 2] [34 1 2] [35 1 2] [36 1 2] [37 1 2] [38 1 2] [39 1 2] [40 1 2] [41 1 2] [42 1 2] [43 1 2] [44 1 2] [45 1 2] [46 1 2] [47 1 2] [48 1 2] [49 1 2] [50 1 2] [51 1 2] [52 1 2] [53 1 2] [54 1 2] [55 1 3] [56 1 3] [57 1 3] [58 1 3] [59 1 3] [60 1 3] [61 1 3] [62 1 3] [63 1 3] [64 1 3] [65 1 3] [66 1 3] [67 1 3] [68 1 3] [69 1 3] [70 1 3] [71 1 3] [72 1 3] [73 1 3] [74 1 3] [75 1 3] [76 1 3] [77 1 3] [78 1 3] [79 1 3] [80 1 3] [81 1 3]],[[59 59 59 13 40 67 59 59 17 26 24 22 20 18 44 53 51 49 47 45 71 80 78 76 74 72] [7413 7414 7420 1360 3849 5742 7413 7414 1356 1356 1356 1356 1356 1356 3845 3845 3845 3845 3845 3845 5724 5724 5724 5724 5724 5724] [20160 20160 20161 91 10091 20049 20160 20160 90 90 90 90 90 90 10090 10090 10090 10090 10090 10090 20049 20049 20049 20049 20049 20049] [1 1 3 4 4 2 7 7 10 10 10 10 10 10 10 10 10 10 10 10 10 10 10 10 10 10] [14.8 2.9 7.4 2.4 1.5 0.5 6.543628015 4.365643526 0.5 0.5 0.5 0.5 0.5 0.5 0.5 0.5 0.5 0.5 0.5 0.5 0.5 0.5 0.5 0.5 0.5 0.5]]
CypD-x0831-pandda-model,[[1 1 1] [2 1 1] [3 1 1] [4 1 1] [5 1 1] [6 1 1] [7 1 1] [8 1 1] [9 1 1] [10 1 1] [11 1 1] [12 1 1] [13 1 1] [14 1 1] [15 1 1] [16 1 1] [17 1 1] [18 1 1] [19 1 1] [20 1 1] [21 1 1] [22 1 1] [23 1 1] [24 1 1] [25 1 1] [26 1 1] [27 1 1] [28 1 1] [29 1 1]],[7 351 23 1 0.8]
CypD-x0833-pandda-model,[[1 1 1] [2 1 1] [3 1 1] [4 1 1] [5 1 1] [6 1 1] [7 1 1] [8 1 1] [9 1 1] [10 1 1] [11 1 1] [12 1 1] [13 1 1] [14 1 1] [15 1 1] [16 1 1] [17 1 1] [18 1 1] [19 1 1] [20 1 1] [21 1 1] [22 1 1] [23 1 1] [24 1 1] [25 1 1] [26 1 1] [27 1 1] [28 1 1] [29 1 2] [30 1 2] [31 1 2] [32 1 2] [33 1 2] [34 1 2] [35 1 2] [36 1 2] [37 1 2] [38 1 2] [39 1 2] [40 1 2] [41 1 2] [42 1 2] [43 1 2] [44 1 2] [45 1 2] [46 1 2] [47 1 2] [48 1 2] [49 1 2] [50 1 2] [51 1 2] [52 1 2] [53 1 2] [54 1 2] [55 1 2] [56 1 2]],[[41 38 38 43 38 38 46 54 53 51 49 47] [4948 2781 2784 2609 2781 2784 4962 4962 4962 4962 4962 4962] [20163 20019 20019 20007 20019 20019 20164 20164 20164 20164 20164 20164] [3 2 2 2 7 7 10 10 10 10 10 10] [4.7 6.9 2.7 4.4 6.702510009 3.090530734 0.5 0.5 0.5 0.5 0.5 0.5]]
CypD-x0834-pandda-model,[[1 1 1] [2 1 1] [3 1 1] [4 1 1] [5 1 1] [6 1 1] [7 1 1] [8 1 1] [9 1 1] [10 1 1] [11 1 1] [12 1 1] [13 1 1] [14 1 1] [15 1 1] [16 1 1] [17 1 1] [18 1 1] [19 1 1] [20 1 1] [21 1 1] [22 1 1] [23 1 1] [24 1 1] [25 1 1] [26 1 1] [27 1 1] [28 1 1] [29 1 2] [30 1 2] [31 1 2] [32 1 2] [33 1 2] [34 1 2] [35 1 2] [36 1 2] [37 1 2] [38 1 2] [39 1 2] [40 1 2] [41 1 2] [42 1 2] [43 1 2] [44 1 2] [45 1 2] [46 1 2] [47 1 2] [48 1 2] [49 1 2] [50 1 2] [51 1 2] [52 1 2] [53 1 2] [54 1 2] [55 1 2] [56 1 2]],[[35 38 10 10 10 10 10 27 27 27 27 27 20 20 20 20 20 21 21 21 21 21 23 23 23 23 23 25 25 25 25 25] [3471 970 1958 1961 1963 1965 1959 1958 1961 1963 1965 1959 1958 1961 1963 1965 1959 1958 1961 1963 1965 1959 1958 1961 1963 1965 1959 1958 1961 1963 1965 1959] [20063 10063 10131 10131 10131 10131 10131 10131 10131 10131 10131 10131 10131 10131 10131 10131 10131 10131 10131 10131 10131 10131 10131 10131 10131 10131 10131 10131 10131 10131 10131 10131] [2 2 10 10 10 10 10 10 10 10 10 10 10 10 10 10 10 10 10 10 10 10 10 10 10 10 10 10 10 10 10 10] [2.1 3.3 -0 -0 -0 -0 -0 -0 -0 -0 -0 -0 -0 -0 -0 -0 -0 -0 -0 -0 -0 -0 -0 -0 -0 -0 -0 -0 -0 -0 -0 -0]]
CypD-x0837-pandda-model,[[1 1 1] [2 1 1] [3 1 1] [4 1 1] [5 1 1] [6 1 1] [7 1 1] [8 1 1] [9 1 1] [10 1 1] [11 1 1] [12 1 1] [13 1 1] [14 1 1] [15 1 1] [16 1 1] [17 1 1] [18 1 1] [19 1 1] [20 1 1] [21 1 1] [22 1 1] [23 1 1] [24 1 1] [25 1 1] [26 1 1] [27 2 1] [28 2 1] [29 2 1] [30 2 1] [31 2 1] [32 2 1] [33 2 1] [34 2 1] [35 2 1] [36 2 1] [37 2 1] [38 2 1] [39 2 1] [40 2 1] [41 2 1] [42 2 1] [43 2 1] [44 2 1] [45 2 1] [46 2 1] [47 2 1] [48 2 1] [49 2 1] [50 2 1] [51 2 1] [52 2 1] [53 1 2] [54 1 2] [55 1 2] [56 1 2] [57 1 2] [58 1 2] [59 1 2] [60 1 2] [61 1 2] [62 1 2] [63 1 2] [64 1 2] [65 1 2] [66 1 2] [67 1 2] [68 1 2] [69 1 2] [70 1 2] [71 1 2] [72 1 2] [73 1 2] [74 1 2] [75 1 2] [76 1 2] [77 1 2] [78 1 2] [79 2 2] [80 2 2] [81 2 2] [82 2 2] [83 2 2] [84 2 2] [85 2 2] [86 2 2] [87 2 2] [88 2 2] [89 2 2] [90 2 2] [91 2 2] [92 2 2] [93 2 2] [94 2 2] [95 2 2] [96 2 2] [97 2 2] [98 2 2] [99 2 2] [100 2 2] [101 2 2] [102 2 2] [103 2 2] [104 2 2] [105 1 3] [106 1 3] [107 1 3] [108 1 3] [109 1 3] [110 1 3] [111 1 3] [112 1 3] [113 1 3] [114 1 3] [115 1 3] [116 1 3] [117 1 3] [118 1 3] [119 1 3] [120 1 3] [121 1 3] [122 1 3] [123 1 3] [124 1 3] [125 1 3] [126 1 3] [127 1 3] [128 1 3] [129 1 3] [130 1 3]],[[18 26 24 22 21 19] [1356 1356 1356 1356 1356 1356] [90 90 90 90 90 90] [10 10 10 10 10 10] [0.5 0.5 0.5 0.5 0.5 0.5]]
CypD-x0843-pandda-model,[[1 1 1] [2 1 1] [3 1 1] [4 1 1] [5 1 1] [6 1 1] [7 1 1] [8 1 1] [9 1 1] [10 1 1] [11 1 1] [12 1 1] [13 1 1] [14 1 1] [15 1 1] [16 1 1] [17 1 1] [18 1 1] [19 1 1] [20 1 1] [21 1 1] [22 1 1] [23 1 1] [24 1 1] [25 1 1] [26 1 1] [27 1 1] [28 1 1] [29 1 1] [30 1 1] [31 1 1] [32 1 1] [33 1 1] [34 1 1] [35 1 1] [36 1 1]],[[11 14] [4070 3716] [10107 10082] [3 2] [1.1 3.9]]
CypD-x0844-pandda-model,[[1 1 1] [2 1 1] [3 1 1] [4 1 1] [5 1 1] [6 1 1] [7 1 1] [8 1 1] [9 1 1] [10 1 1] [11 1 1] [12 1 1] [13 1 1] [14 1 1] [15 1 1] [16 1 1] [17 1 1] [18 1 1] [19 1 1] [20 1 1] [21 1 1] [22 1 1] [23 1 1] [24 1 1] [25 1 1] [26 1 1] [27 1 1] [28 1 1] [29 1 1] [30 1 1] [31 1 1]],[[23 26 7 5 5 5 5 5 15 15 15 15 15 7 7 7 7 7 6 6 6 6 6 8 8 8 8 8 11 11 11 11 11] [1983 1983 401 1970 1973 1975 1976 1971 1970 1973 1975 1976 1971 1970 1973 1975 1976 1971 1970 1973 1975 1976 1971 1970 1973 1975 1976 1971 1970 1973 1975 1976 1971] [20132 20132 20025 20131 20131 20131 20131 20131 20131 20131 20131 20131 20131 20131 20131 20131 20131 20131 20131 20131 20131 20131 20131 20131 20131 20131 20131 20131 20131 20131 20131 20131 20131] [3 3 2 10 10 10 10 10 10 10 10 10 10 10 10 10 10 10 10 10 10 10 10 10 10 10 10 10 10 10 10 10 10] [1.2 1 11 -0 -0 -0 -0 -0 -0 -0 -0 -0 -0 -0 -0 -0 -0 -0 -0 -0 -0 -0 -0 -0 -0 -0 -0 -0 -0 -0 -0 -0 -0]]
CypD-x0852-pandda-model,[[1 1 1] [2 1 1] [3 1 1] [4 1 1] [5 1 1] [6 1 1] [7 1 1] [8 1 1] [9 1 1] [10 1 1] [11 1 1] [12 1 1] [13 1 1] [14 1 1] [15 1 1] [16 1 1] [17 1 1] [18 1 1] [19 1 1] [20 1 1] [21 1 1] [22 1 1] [23 1 1] [24 1 1] [25 1 1] [26 1 1] [27 2 1] [28 2 1] [29 2 1] [30 2 1] [31 2 1] [32 2 1] [33 2 1] [34 2 1] [35 2 1] [36 2 1] [37 2 1] [38 2 1] [39 2 1] [40 2 1] [41 2 1] [42 2 1] [43 2 1] [44 2 1] [45 2 1] [46 2 1] [47 2 1] [48 2 1] [49 2 1] [50 2 1] [51 2 1] [52 2 1] [53 1 2] [54 1 2] [55 1 2] [56 1 2] [57 1 2] [58 1 2] [59 1 2] [60 1 2] [61 1 2] [62 1 2] [63 1 2] [64 1 2] [65 1 2] [66 1 2] [67 1 2] [68 1 2] [69 1 2] [70 1 2] [71 1 2] [72 1 2] [73 1 2] [74 1 2] [75 1 2] [76 1 2] [77 1 2] [78 1 2] [79 1 3] [80 1 3] [81 1 3] [82 1 3] [83 1 3] [84 1 3] [85 1 3] [86 1 3] [87 1 3] [88 1 3] [89 1 3] [90 1 3] [91 1 3] [92 1 3] [93 1 3] [94 1 3] [95 1 3] [96 1 3] [97 1 3] [98 1 3] [99 1 3] [100 1 3] [101 1 3] [102 1 3] [103 1 3] [104 1 3]],[[35 87 6 58] [641 5631 969 3459] [42 20042 63 10063] [3 3 2 2] [2.3 1.7 1.7 4.3]]
CypD-x0854-pandda-model,[[1 1 1] [2 1 1] [3 1 1] [4 1 1] [5 1 1] [6 1 1] [7 1 1] [8 1 1] [9 1 1] [10 1 1] [11 1 1] [12 1 1] [13 1 1] [14 1 1] [15 1 1] [16 1 1] [17 1 1] [18 1 1] [19 1 1] [20 1 1] [21 1 1] [22 1 1] [23 1 1] [24 1 1] [25 1 1] [26 1 1] [27 1 1] [28 1 1] [29 1 2] [30 1 2] [31 1 2] [32 1 2] [33 1 2] [34 1 2] [35 1 2] [36 1 2] [37 1 2] [38 1 2] [39 1 2] [40 1 2] [41 1 2] [42 1 2] [43 1 2] [44 1 2] [45 1 2] [46 1 2] [47 1 2] [48 1 2] [49 1 2] [50 1 2] [51 1 2] [52 1 2] [53 1 2] [54 1 2] [55 1 2] [56 1 2]],[[7 35] [1360 3850] [91 10091] [4 4] [2.8 2.2]]
CypD-x0857-pandda-model,[[1 1 1] [2 1 1] [3 1 1] [4 1 1] [5 1 1] [6 1 1] [7 1 1] [8 1 1] [9 1 1] [10 1 1] [11 1 1] [12 1 1] [13 1 1] [14 1 1] [15 1 1] [16 1 1] [17 1 1] [18 1 1] [19 1 1] [20 1 1] [21 1 1] [22 1 1] [23 1 1] [24 1 1] [25 1 1] [26 1 1]],[10 3346 20055 2 4.4]
CypD-x0858-pandda-model,[[1 1 1] [2 1 1] [3 1 1] [4 1 1] [5 1 1] [6 1 1] [7 1 1] [8 1 1] [9 1 1] [10 1 1] [11 1 1] [12 1 1] [13 1 1] [14 1 1] [15 1 1] [16 1 1] [17 1 1] [18 1 1] [19 1 1] [20 1 1] [21 1 1] [22 1 1] [23 1 1] [24 1 1] [25 1 1] [26 1 1] [27 1 1] [28 1 1] [29 1 1] [30 1 1] [31 1 1] [32 1 1] [33 1 2] [34 1 2] [35 1 2] [36 1 2] [37 1 2] [38 1 2] [39 1 2] [40 1 2] [41 1 2] [42 1 2] [43 1 2] [44 1 2] [45 1 2] [46 1 2] [47 1 2] [48 1 2] [49 1 2] [50 1 2] [51 1 2] [52 1 2] [53 1 2] [54 1 2] [55 1 2] [56 1 2] [57 1 2] [58 1 2] [59 1 2] [60 1 2] [61 1 2] [62 1 2] [63 1 3] [64 1 3] [65 1 3] [66 1 3] [67 1 3] [68 1 3] [69 1 3] [70 1 3] [71 1 3] [72 1 3] [73 1 3] [74 1 3] [75 1 3] [76 1 3] [77 1 3] [78 1 3] [79 1 3] [80 1 3] [81 1 3] [82 1 3] [83 1 3] [84 1 3] [85 1 3] [86 1 3] [87 1 3] [88 1 3] [89 1 3] [90 1 3] [91 1 3] [92 1 3]],[[43 43 43 43 43 43] [3408 3411 3415 3417 3413 3409] [10060 10060 10060 10060 10060 10060] [10 10 10 10 10 10] [0.6 0.6 0.6 0.6 0.6 0.6]]
CypD-x0859-pandda-model,[[1 1 1] [2 1 1] [3 1 1] [4 1 1] [5 1 1] [6 1 1] [7 1 1] [8 1 1] [9 1 1] [10 1 1] [11 1 1] [12 1 1] [13 1 1] [14 1 1] [15 1 1] [16 1 1] [17 1 1] [18 1 1] [19 1 1] [20 1 1] [21 1 1] [22 1 1] [23 1 1] [24 1 1] [25 1 1] [26 1 1] [27 1 1] [28 1 1] [29 1 1] [30 1 1] [31 1 1] [32 1 1] [33 1 1] [34 1 1] [35 1 1]],[7 1870 125 2 5.7]
CypD-x0862-pandda-model,[[1 1 1] [2 1 1] [3 1 1] [4 1 1] [5 1 1] [6 1 1] [7 1 1] [8 1 1] [9 1 1] [10 1 1] [11 1 1] [12 1 1] [13 1 1] [14 1 1] [15 1 1] [16 1 1] [17 1 1] [18 1 1] [19 1 1] [20 1 1] [21 1 1] [22 1 1] [23 1 1] [24 1 1] [25 1 1] [26 1 1] [27 1 1] [28 1 1] [29 1 1] [30 1 1] [31 1 1] [32 1 2] [33 1 2] [34 1 2] [35 1 2] [36 1 2] [37 1 2] [38 1 2] [39 1 2] [40 1 2] [41 1 2] [42 1 2] [43 1 2] [44 1 2] [45 1 2] [46 1 2] [47 1 2] [48 1 2] [49 1 2] [50 1 2] [51 1 2] [52 1 2] [53 1 2] [54 1 2] [55 1 2] [56 1 2] [57 1 2] [58 1 2] [59 1 2] [60 1 2] [61 1 2] [62 1 2] [63 1 3] [64 1 3] [65 1 3] [66 1 3] [67 1 3] [68 1 3] [69 1 3] [70 1 3] [71 1 3] [72 1 3] [73 1 3] [74 1 3] [75 1 3] [76 1 3] [77 1 3] [78 1 3] [79 1 3] [80 1 3] [81 1 3] [82 1 3] [83 1 3] [84 1 3] [85 1 3] [86 1 3] [87 1 3] [88 1 3] [89 1 3] [90 1 3] [91 1 3] [92 1 3] [93 1 3] [94 2 3] [95 2 3] [96 2 3] [97 2 3] [98 2 3] [99 2 3] [100 2 3] [101 2 3] [102 2 3] [103 2 3] [104 2 3] [105 2 3] [106 2 3] [107 2 3] [108 2 3] [109 2 3] [110 2 3] [111 2 3] [112 2 3] [113 2 3] [114 2 3] [115 2 3] [116 2 3] [117 2 3] [118 2 3] [119 2 3] [120 2 3] [121 2 3] [122 2 3] [123 2 3] [124 2 3] [125 3 3] [126 3 3] [127 3 3] [128 3 3] [129 3 3] [130 3 3] [131 3 3] [132 3 3] [133 3 3] [134 3 3] [135 3 3] [136 3 3] [137 3 3] [138 3 3] [139 3 3] [140 3 3] [141 3 3] [142 3 3] [143 3 3] [144 3 3] [145 3 3] [146 3 3] [147 3 3] [148 3 3] [149 3 3] [150 3 3] [151 3 3] [152 3 3] [153 3 3] [154 3 3] [155 3 3]],[[73 135 6 37 99 130 123 123 123 123 123 123 138 154 153 143 141 139] [6191 5728 2229 3849 7219 5741 4298 4300 4296 4291 4290 4292 5735 5735 5735 5735 5735 5735] [20081 20049 148 10091 20148 20049 10121 10121 10121 10121 10121 10121 20049 20049 20049 20049 20049 20049] [3 3 2 4 2 2 10 10 10 10 10 10 10 10 10 10 10 10] [2.2 1.1 12.6 1.2 12.1 11 0.6 0.6 0.6 0.6 0.6 0.6 0.5 0.5 0.5 0.5 0.5 0.5]]
CypD-x0863-pandda-model,[[1 1 1] [2 1 1] [3 1 1] [4 1 1] [5 1 1] [6 1 1] [7 1 1] [8 1 1] [9 1 1] [10 1 1] [11 1 1] [12 1 1] [13 1 1] [14 1 1] [15 1 1] [16 1 1] [17 1 1] [18 1 1] [19 1 1] [20 1 1] [21 1 1] [22 1 1] [23 1 1] [24 2 1] [25 2 1] [26 2 1] [27 2 1] [28 2 1] [29 2 1] [30 2 1] [31 2 1] [32 2 1] [33 2 1] [34 2 1] [35 2 1] [36 2 1] [37 2 1] [38 2 1] [39 2 1] [40 2 1] [41 2 1] [42 2 1] [43 2 1] [44 2 1] [45 2 1] [46 2 1] [47 2 1] [48 1 2] [49 1 2] [50 1 2] [51 1 2] [52 1 2] [53 1 2] [54 1 2] [55 1 2] [56 1 2] [57 1 2] [58 1 2] [59 1 2] [60 1 2] [61 1 2] [62 1 2] [63 1 2] [64 1 2] [65 1 2] [66 1 2] [67 1 2] [68 1 2] [69 1 2] [70 1 2] [71 1 3] [72 1 3] [73 1 3] [74 1 3] [75 1 3] [76 1 3] [77 1 3] [78 1 3] [79 1 3] [80 1 3] [81 1 3] [82 1 3] [83 1 3] [84 1 3] [85 1 3] [86 1 3] [87 1 3] [88 1 3] [89 1 3] [90 1 3] [91 1 3] [92 1 3] [93 1 3]],[[76 11 22 20 18 16 15 81 92 90 88 86 85 81 92 90 88 86 85] [5380 1356 1356 1356 1356 1356 1356 6342 6342 6342 6342 6342 6342 6346 6346 6346 6346 6346 6346] [20025 90 90 90 90 90 90 20090 20090 20090 20090 20090 20090 20090 20090 20090 20090 20090 20090] [2 10 10 10 10 10 10 10 10 10 10 10 10 10 10 10 10 10 10] [3.7 0.5 0.5 0.5 0.5 0.5 0.5 0.5 0.5 0.5 0.5 0.5 0.5 0.5 0.5 0.5 0.5 0.5 0.5]]
CypD-x0864-pandda-model,[[1 1 1] [2 1 1] [3 1 1] [4 1 1] [5 1 1] [6 1 1] [7 1 1] [8 1 1] [9 1 1] [10 1 1] [11 1 1] [12 1 1] [13 1 1] [14 1 1] [15 1 1] [16 1 1] [17 1 1] [18 1 1] [19 1 1] [20 1 1] [21 1 1] [22 1 1] [23 1 1] [24 1 1] [25 1 1] [26 1 1] [27 1 1] [28 1 1] [29 1 1] [30 1 1] [31 1 1] [32 1 1] [33 1 1] [34 1 1] [35 1 1]],[5 1042 10069 3 6.3]
CypD-x0869-pandda-model,[[1 1 1] [2 1 1] [3 1 1] [4 1 1] [5 1 1] [6 1 1] [7 1 1] [8 1 1] [9 1 1] [10 1 1] [11 1 1] [12 1 1] [13 1 1] [14 1 1] [15 1 1] [16 1 1] [17 1 1] [18 1 1] [19 1 1] [20 1 1] [21 1 1] [22 1 1] [23 1 1] [24 1 1] [25 1 1] [26 1 1] [27 1 1] [28 1 1] [29 1 1] [30 1 1]],[[13 6 10] [1521 970 1516] [102 63 102] [3 2 4] [1.7 2.8 1.7]]
CypD-x0871-pandda-model,[[1 1 1] [2 1 1] [3 1 1] [4 1 1] [5 1 1] [6 1 1] [7 1 1] [8 1 1] [9 1 1] [10 1 1] [11 1 1] [12 1 1] [13 1 1] [14 1 1] [15 1 1] [16 1 1] [17 1 1] [18 1 1] [19 1 1] [20 1 1] [21 1 1] [22 1 1] [23 1 1] [24 1 1] [25 1 1] [26 1 1] [27 1 1] [28 1 1] [29 1 2] [30 1 2] [31 1 2] [32 1 2] [33 1 2] [34 1 2] [35 1 2] [36 1 2] [37 1 2] [38 1 2] [39 1 2] [40 1 2] [41 1 2] [42 1 2] [43 1 2] [44 1 2] [45 1 2] [46 1 2] [47 1 2] [48 1 2] [49 1 2] [50 1 2] [51 1 2] [52 1 2] [53 1 2] [54 1 2] [55 1 2] [56 1 2] [57 2 2] [58 2 2] [59 2 2] [60 2 2] [61 2 2] [62 2 2] [63 2 2] [64 2 2] [65 2 2] [66 2 2] [67 2 2] [68 2 2] [69 2 2] [70 2 2] [71 2 2] [72 2 2] [73 2 2] [74 2 2] [75 2 2] [76 2 2] [77 2 2] [78 2 2] [79 2 2] [80 2 2] [81 2 2] [82 2 2] [83 2 2] [84 2 2]],[[11 39 67] [970 3459 5959] [63 10063 20063] [2 2 2] [1.8 2.9 2.4]]
CypD-x0875-pandda-model,[[1 1 1] [2 1 1] [3 1 1] [4 1 1] [5 1 1] [6 1 1] [7 1 1] [8 1 1] [9 1 1] [10 1 1] [11 1 1] [12 1 1] [13 1 1] [14 1 1] [15 1 1] [16 1 1] [17 1 1] [18 1 1] [19 1 1] [20 1 2] [21 1 2] [22 1 2] [23 1 2] [24 1 2] [25 1 2] [26 1 2] [27 1 2] [28 1 2] [29 1 2] [30 1 2] [31 1 2] [32 1 2] [33 1 2] [34 1 2] [35 1 2] [36 1 2] [37 1 2] [38 1 2]],[[6 6 9 25 25 25 25 6 6 25 25 25 25 29] [843 846 846 3333 3336 5833 5836 843 846 3333 3336 5833 5836 5836] [55 55 55 10055 10055 20055 20055 55 55 10055 10055 20055 20055 20055] [2 2 2 2 2 2 2 7 7 7 7 7 7 7] [13 9.9 0.7 6.4 6 4.3 5.4 6.685799719 6.496422096 6.694413875 4.604982466 6.393072712 5.975680054 1.587232357]]
CypD-x0877-pandda-model,[[1 1 1] [2 1 1] [3 1 1] [4 1 1] [5 1 1] [6 1 1] [7 1 1] [8 1 1] [9 1 1] [10 1 1] [11 1 1] [12 1 1] [13 1 1] [14 1 1] [15 1 1] [16 1 1] [17 1 1] [18 1 1] [19 1 1] [20 1 1] [21 1 1] [22 1 1] [23 1 1] [24 1 1] [25 1 1] [26 1 1] [27 1 1] [28 1 1] [29 1 1] [30 1 1] [31 1 2] [32 1 2] [33 1 2] [34 1 2] [35 1 2] [36 1 2] [37 1 2] [38 1 2] [39 1 2] [40 1 2] [41 1 2] [42 1 2] [43 1 2] [44 1 2] [45 1 2] [46 1 2] [47 1 2] [48 1 2] [49 1 2] [50 1 2] [51 1 2] [52 1 2] [53 1 2] [54 1 2] [55 1 2] [56 1 2] [57 1 2] [58 1 2] [59 1 2] [60 1 2] [61 1 2] [62 2 2] [63 2 2] [64 2 2] [65 2 2] [66 2 2] [67 2 2] [68 2 2] [69 2 2] [70 2 2] [71 2 2] [72 2 2] [73 2 2] [74 2 2] [75 2 2] [76 2 2] [77 2 2] [78 2 2] [79 2 2] [80 2 2] [81 2 2] [82 2 2] [83 2 2] [84 2 2] [85 2 2] [86 2 2] [87 2 2] [88 2 2] [89 2 2] [90 2 2] [91 2 2] [92 2 2]],[[13 75 91 80 82 90] [4730 3415 3415 3415 3415 3415] [20148 20060 20060 20060 20060 20060] [2 10 10 10 10 10] [14.1 0.5 0.5 0.5 0.5 0.5]]
CypD-x0879-pandda-model,[[1 1 1] [2 1 1] [3 1 1] [4 1 1] [5 1 1] [6 1 1] [7 1 1] [8 1 1] [9 1 1] [10 1 1] [11 1 1] [12 1 1] [13 1 1] [14 1 1] [15 1 1] [16 1 1] [17 1 1] [18 1 1] [19 1 1] [20 1 1] [21 1 1] [22 1 1] [23 1 1] [24 1 1] [25 1 1] [26 1 1] [27 1 1] [28 2 1] [29 2 1] [30 2 1] [31 2 1] [32 2 1] [33 2 1] [34 2 1] [35 2 1] [36 2 1] [37 2 1] [38 2 1] [39 2 1] [40 2 1] [41 2 1] [42 2 1] [43 2 1] [44 2 1] [45 2 1] [46 2 1] [47 2 1] [48 2 1] [49 2 1] [50 2 1] [51 2 1] [52 2 1] [53 2 1] [54 2 1] [55 1 2] [56 1 2] [57 1 2] [58 1 2] [59 1 2] [60 1 2] [61 1 2] [62 1 2] [63 1 2] [64 1 2] [65 1 2] [66 1 2] [67 1 2] [68 1 2] [69 1 2] [70 1 2] [71 1 2] [72 1 2] [73 1 2] [74 1 2] [75 1 2] [76 1 2] [77 1 2] [78 1 2] [79 1 2] [80 1 2] [81 1 2] [82 2 2] [83 2 2] [84 2 2] [85 2 2] [86 2 2] [87 2 2] [88 2 2] [89 2 2] [90 2 2] [91 2 2] [92 2 2] [93 2 2] [94 2 2] [95 2 2] [96 2 2] [97 2 2] [98 2 2] [99 2 2] [100 2 2] [101 2 2] [102 2 2] [103 2 2] [104 2 2] [105 2 2] [106 2 2] [107 2 2] [108 2 2] [109 3 2] [110 3 2] [111 3 2] [112 3 2] [113 3 2] [114 3 2] [115 3 2] [116 3 2] [117 3 2] [118 3 2] [119 3 2] [120 3 2] [121 3 2] [122 3 2] [123 3 2] [124 3 2] [125 3 2] [126 3 2] [127 3 2] [128 3 2] [129 3 2] [130 3 2] [131 3 2] [132 3 2] [133 3 2] [134 3 2] [135 3 2] [136 1 3] [137 1 3] [138 1 3] [139 1 3] [140 1 3] [141 1 3] [142 1 3] [143 1 3] [144 1 3] [145 1 3] [146 1 3] [147 1 3] [148 1 3] [149 1 3] [150 1 3] [151 1 3] [152 1 3] [153 1 3] [154 1 3] [155 1 3] [156 1 3] [157 1 3] [158 1 3] [159 1 3] [160 1 3] [161 1 3] [162 1 3] [163 2 3] [164 2 3] [165 2 3] [166 2 3] [167 2 3] [168 2 3] [169 2 3] [170 2 3] [171 2 3] [172 2 3] [173 2 3] [174 2 3] [175 2 3] [176 2 3] [177 2 3] [178 2 3] [179 2 3] [180 2 3] [181 2 3] [182 2 3] [183 2 3] [184 2 3] [185 2 3] [186 2 3] [187 2 3] [188 2 3] [189 2 3] [190 3 3] [191 3 3] [192 3 3] [193 3 3] [194 3 3] [195 3 3] [196 3 3] [197 3 3] [198 3 3] [199 3 3] [200 3 3] [201 3 3] [202 3 3] [203 3 3] [204 3 3] [205 3 3] [206 3 3] [207 3 3] [208 3 3] [209 3 3] [210 3 3] [211 3 3] [212 3 3] [213 3 3] [214 3 3] [215 3 3] [216 3 3] [217 4 3] [218 4 3] [219 4 3] [220 4 3] [221 4 3] [222 4 3] [223 4 3] [224 4 3] [225 4 3] [226 4 3] [227 4 3] [228 4 3] [229 4 3] [230 4 3] [231 4 3] [232 4 3] [233 4 3] [234 4 3] [235 4 3] [236 4 3] [237 4 3] [238 4 3] [239 4 3] [240 4 3] [241 4 3] [242 4 3] [243 4 3]],[[37 118 145 145 172 226 226 6 33 60 114 168 195 10 10 10 10 10 153 161 160 158 156 154 234 242 241 239 237 235 234 242 241 239 237 235] [888 3276 6193 6571 5879 6526 6542 1360 2230 3850 4831 7221 6351 1958 1961 1963 1965 1959 3587 3587 3587 3587 3587 3587 6533 6533 6533 6533 6533 6533 6549 6549 6549 6549 6549 6549] [58 10052 20081 20107 20058 20103 20105 91 148 10091 10155 20148 20091 131 131 131 131 131 10073 10073 10073 10073 10073 10073 20104 20104 20104 20104 20104 20104 20105 20105 20105 20105 20105 20105] [3 1 3 3 3 3 3 4 2 4 2 2 4 10 10 10 10 10 10 10 10 10 10 10 10 10 10 10 10 10 10 10 10 10 10 10] [2 1.6 1.5 1.8 2.1 2.2 2.2 2.9 12.9 2.8 11.4 12.1 2.2 2.3 2.3 2.3 2.3 2.3 0.6 0.6 0.6 0.6 0.6 0.6 0.5 0.5 0.5 0.5 0.5 0.5 0.6 0.6 0.6 0.6 0.6 0.6]]
CypD-x0880-pandda-model,[[1 1 1] [2 1 1] [3 1 1] [4 1 1] [5 1 1] [6 1 1] [7 1 1] [8 1 1] [9 1 1] [10 1 1] [11 1 1] [12 1 1] [13 1 1] [14 1 1] [15 1 1] [16 1 1] [17 1 1] [18 1 1] [19 1 1] [20 1 1] [21 1 1] [22 1 1] [23 1 1] [24 1 2] [25 1 2] [26 1 2] [27 1 2] [28 1 2] [29 1 2] [30 1 2] [31 1 2] [32 1 2] [33 1 2] [34 1 2] [35 1 2] [36 1 2] [37 1 2] [38 1 2] [39 1 2] [40 1 2] [41 1 2] [42 1 2] [43 1 2] [44 1 2] [45 1 2] [46 1 2] [47 1 2] [48 1 2]],[[31 41 6 29 7 19 17 15 13 10 28 44 46 31 36 28 44 46 31 36] [4448 3864 389 2889 1406 1406 1406 1406 1406 1406 3846 3846 3846 3846 3846 3851 3851 3851 3851 3851] [20130 20091 10025 20025 10093 10093 10093 10093 10093 10093 20090 20090 20090 20090 20090 20090 20090 20090 20090 20090] [3 3 2 7 10 10 10 10 10 10 10 10 10 10 10 10 10 10 10 10] [7.3 1.2 3.7 1.4923426 0.5 0.5 0.5 0.5 0.5 0.5 0.9 0.9 0.9 0.9 0.9 0.6 0.6 0.6 0.6 0.6]]
CypD-x0881-pandda-model,[[1 1 1] [2 1 1] [3 1 1] [4 1 1] [5 1 1] [6 1 1] [7 1 1] [8 1 1] [9 1 1] [10 1 1] [11 1 1] [12 1 1] [13 1 1] [14 1 1] [15 1 1] [16 1 1] [17 1 1] [18 1 1] [19 1 1] [20 1 1] [21 1 1] [22 1 1] [23 1 1] [24 1 1] [25 1 1] [26 1 1] [27 1 1] [28 1 1] [29 1 1] [30 1 1] [31 1 1] [32 1 2] [33 1 2] [34 1 2] [35 1 2] [36 1 2] [37 1 2] [38 1 2] [39 1 2] [40 1 2] [41 1 2] [42 1 2] [43 1 2] [44 1 2] [45 1 2] [46 1 2] [47 1 2] [48 1 2] [49 1 2] [50 1 2] [51 1 2] [52 1 2] [53 1 2] [54 1 2] [55 1 2] [56 1 2] [57 1 2] [58 1 2] [59 1 2] [60 1 2] [61 1 2] [62 1 2] [63 1 2] [64 1 3] [65 1 3] [66 1 3] [67 1 3] [68 1 3] [69 1 3] [70 1 3] [71 1 3] [72 1 3] [73 1 3] [74 1 3] [75 1 3] [76 1 3] [77 1 3] [78 1 3] [79 1 3] [80 1 3] [81 1 3] [82 1 3] [83 1 3] [84 1 3] [85 1 3] [86 1 3] [87 1 3] [88 1 3] [89 1 3] [90 1 3] [91 1 3] [92 1 3] [93 1 3] [94 1 3] [95 1 3]],[[5 36 68 8 40 72 52 52 52 52 52 52 52 52 52 52 52] [1521 4010 6510 1516 4005 6505 4157 4161 4165 4163 4159 4156 4374 4376 4378 4372 4371] [102 10102 20102 102 10102 20102 10113 10113 10113 10113 10113 10113 10126 10126 10126 10126 10126] [3 3 3 4 4 4 10 10 10 10 10 10 10 10 10 10 10] [0.7 9 10 3.9 3.9 3.8 0.7 0.7 0.7 0.7 0.7 0.7 0.9 0.9 0.9 0.9 0.9]]
CypD-x0884-pandda-model,[[1 1 1] [2 1 1] [3 1 1] [4 1 1] [5 1 1] [6 1 1] [7 1 1] [8 1 1] [9 1 1] [10 1 1] [11 1 1] [12 1 1] [13 1 1] [14 1 1] [15 1 1] [16 1 1] [17 1 1] [18 1 1] [19 1 1] [20 1 1] [21 1 1] [22 1 1] [23 1 1] [24 1 1] [25 1 1] [26 1 1] [27 1 1] [28 1 1] [29 1 1] [30 1 2] [31 1 2] [32 1 2] [33 1 2] [34 1 2] [35 1 2] [36 1 2] [37 1 2] [38 1 2] [39 1 2] [40 1 2] [41 1 2] [42 1 2] [43 1 2] [44 1 2] [45 1 2] [46 1 2] [47 1 2] [48 1 2] [49 1 2] [50 1 2] [51 1 2] [52 1 2] [53 1 2] [54 1 2] [55 1 2] [56 1 2] [57 1 2] [58 1 2] [59 1 3] [60 1 3] [61 1 3] [62 1 3] [63 1 3] [64 1 3] [65 1 3] [66 1 3] [67 1 3] [68 1 3] [69 1 3] [70 1 3] [71 1 3] [72 1 3] [73 1 3] [74 1 3] [75 1 3] [76 1 3] [77 1 3] [78 1 3] [79 1 3] [80 1 3] [81 1 3] [82 1 3] [83 1 3] [84 1 3] [85 1 3] [86 1 3] [87 1 3] [88 2 3] [89 2 3] [90 2 3] [91 2 3] [92 2 3] [93 2 3] [94 2 3] [95 2 3] [96 2 3] [97 2 3] [98 2 3] [99 2 3] [100 2 3] [101 2 3] [102 2 3] [103 2 3] [104 2 3] [105 2 3] [106 2 3] [107 2 3] [108 2 3] [109 2 3] [110 2 3] [111 2 3] [112 2 3] [113 2 3] [114 2 3] [115 2 3] [116 2 3] [117 3 3] [118 3 3] [119 3 3] [120 3 3] [121 3 3] [122 3 3] [123 3 3] [124 3 3] [125 3 3] [126 3 3] [127 3 3] [128 3 3] [129 3 3] [130 3 3] [131 3 3] [132 3 3] [133 3 3] [134 3 3] [135 3 3] [136 3 3] [137 3 3] [138 3 3] [139 3 3] [140 3 3] [141 3 3] [142 3 3] [143 3 3] [144 3 3]],[[23 26 35 64 78 90 117 129 128 126 124 120 117 129 128 126 124 120] [1427 1962 3917 6501 6068 6058 6336 6336 6336 6336 6336 6336 6942 6942 6942 6942 6942 6942] [95 131 10095 20102 20072 20071 20090 20090 20090 20090 20090 20090 20131 20131 20131 20131 20131 20131] [3 1 3 3 3 2 10 10 10 10 10 10 10 10 10 10 10 10] [0.5 0.7 15 9.6 0.5 3.7 0.6 0.6 0.6 0.6 0.6 0.6 0.6 0.6 0.6 0.6 0.6 0.6]]
CypD-x0886-pandda-model,[[1 1 1] [2 1 1] [3 1 1] [4 1 1] [5 1 1] [6 1 1] [7 1 1] [8 1 1] [9 1 1] [10 1 1] [11 1 1] [12 1 1] [13 1 1] [14 1 1] [15 1 1] [16 1 1] [17 1 1] [18 1 1] [19 1 1] [20 1 1] [21 1 1] [22 1 1] [23 1 1] [24 2 1] [25 2 1] [26 2 1] [27 2 1] [28 2 1] [29 2 1] [30 2 1] [31 2 1] [32 2 1] [33 2 1] [34 2 1] [35 2 1] [36 2 1] [37 2 1] [38 2 1] [39 2 1] [40 2 1] [41 2 1] [42 2 1] [43 2 1] [44 2 1] [45 2 1] [46 2 1] [47 1 2] [48 1 2] [49 1 2] [50 1 2] [51 1 2] [52 1 2] [53 1 2] [54 1 2] [55 1 2] [56 1 2] [57 1 2] [58 1 2] [59 1 2] [60 1 2] [61 1 2] [62 1 2] [63 1 2] [64 1 2] [65 1 2] [66 1 2] [67 1 2] [68 1 2] [69 1 2] [70 2 2] [71 2 2] [72 2 2] [73 2 2] [74 2 2] [75 2 2] [76 2 2] [77 2 2] [78 2 2] [79 2 2] [80 2 2] [81 2 2] [82 2 2] [83 2 2] [84 2 2] [85 2 2] [86 2 2] [87 2 2] [88 2 2] [89 2 2] [90 2 2] [91 2 2] [92 2 2] [93 1 3] [94 1 3] [95 1 3] [96 1 3] [97 1 3] [98 1 3] [99 1 3] [100 1 3] [101 1 3] [102 1 3] [103 1 3] [104 1 3] [105 1 3] [106 1 3] [107 1 3] [108 1 3] [109 1 3] [110 1 3] [111 1 3] [112 1 3] [113 1 3] [114 1 3] [115 1 3]],[[30 53 76 99 42 42 42 42 42 42 83 83 83 83 83 83 34 46 41 39 37 35 9 23 18 19 21 12 14 16 18 23 11 80 92 87 85 83 81 78 92 87 88 90 80 92 87 85 83 81 55 69 64 65 67 55 69 64 65 67 101 115 110 111 113 103 115 110 108 106 104] [480 3850 2970 6351 1181 1185 1187 1183 1179 1178 3668 3671 3675 3677 3673 3669 1263 1263 1263 1263 1263 1263 1356 1356 1356 1356 1356 1356 1356 1356 1356 1356 1356 2964 2964 2964 2964 2964 2964 3753 3753 3753 3753 3753 3753 3753 3753 3753 3753 3753 3837 3837 3837 3837 3837 3842 3842 3842 3842 3842 6338 6338 6338 6338 6338 6347 6347 6347 6347 6347 6347] [31 10091 10031 20091 79 79 79 79 79 79 10079 10079 10079 10079 10079 10079 84 84 84 84 84 84 90 90 90 90 90 90 90 90 90 90 90 10031 10031 10031 10031 10031 10031 10084 10084 10084 10084 10084 10084 10084 10084 10084 10084 10084 10090 10090 10090 10090 10090 10090 10090 10090 10090 10090 20090 20090 20090 20090 20090 20090 20090 20090 20090 20090 20090] [2 4 2 4 10 10 10 10 10 10 10 10 10 10 10 10 10 10 10 10 10 10 10 10 10 10 10 10 10 10 10 10 10 10 10 10 10 10 10 10 10 10 10 10 10 10 10 10 10 10 10 10 10 10 10 10 10 10 10 10 10 10 10 10 10 10 10 10 10 10 10] [5.9 4.6 8.9 5.8 0.7 0.7 0.7 0.7 0.7 0.7 0.5 0.5 0.5 0.5 0.5 0.5 0.5 0.5 0.5 0.5 0.5 0.5 0.6 0.6 0.6 0.6 0.6 0.5 0.5 0.5 0.5 0.5 0.5 0.5 0.5 0.5 0.5 0.5 0.5 0.7 0.7 0.7 0.7 0.7 0.6 0.6 0.6 0.6 0.6 0.6 0.6 0.6 0.6 0.6 0.6 0.5 0.5 0.5 0.5 0.5 0.7 0.7 0.7 0.7 0.7 0.5 0.5 0.5 0.5 0.5 0.5]]
CypD-x0887-pandda-model,[[1 1 1] [2 1 1] [3 1 1] [4 1 1] [5 1 1] [6 1 1] [7 1 1] [8 1 1] [9 1 1] [10 1 1] [11 1 1] [12 1 1] [13 1 1] [14 1 1] [15 1 1] [16 1 1] [17 1 1] [18 1 1] [19 1 1] [20 1 1] [21 1 1] [22 1 1] [23 1 1] [24 1 1] [25 1 1] [26 1 1] [27 1 1] [28 1 1]],[[4 5 15 13 11 9 7] [1360 1356 1356 1356 1356 1356 1356] [91 90 90 90 90 90 90] [4 10 10 10 10 10 10] [4.7 0.7 0.7 0.7 0.7 0.7 0.7]]
CypD-x0889-pandda-model,[[1 1 1] [2 1 1] [3 1 1] [4 1 1] [5 1 1] [6 1 1] [7 1 1] [8 1 1] [9 1 1] [10 1 1] [11 1 1] [12 1 1] [13 1 1] [14 1 1] [15 1 1] [16 1 1] [17 1 1] [18 1 1] [19 1 2] [20 1 2] [21 1 2] [22 1 2] [23 1 2] [24 1 2] [25 1 2] [26 1 2] [27 1 2] [28 1 2] [29 1 2] [30 1 2] [31 1 2] [32 1 2] [33 1 2] [34 1 2] [35 1 2] [36 1 2] [37 1 2] [38 2 2] [39 2 2] [40 2 2] [41 2 2] [42 2 2] [43 2 2] [44 2 2] [45 2 2] [46 2 2] [47 2 2] [48 2 2] [49 2 2] [50 2 2] [51 2 2] [52 2 2] [53 2 2] [54 2 2] [55 2 2] [56 2 2]],[[7 12 12 12 12 12 42 56 54 52 50 48 23 37 35 33 31 29] [1360 1958 1961 1962 1964 1959 4818 4818 4818 4818 4818 4818 6532 6532 6532 6532 6532 6532] [91 131 131 131 131 131 10155 10155 10155 10155 10155 10155 20104 20104 20104 20104 20104 20104] [4 10 10 10 10 10 10 10 10 10 10 10 10 10 10 10 10 10] [5.9 0.6 0.6 0.6 0.6 0.6 0.6 0.6 0.6 0.6 0.6 0.6 0.5 0.5 0.5 0.5 0.5 0.5]]
CypD-x0890-pandda-model,[[1 1 1] [2 1 1] [3 1 1] [4 1 1] [5 1 1] [6 1 1] [7 1 1] [8 1 1] [9 1 1] [10 1 1] [11 1 1] [12 1 1] [13 1 1] [14 1 1] [15 1 1] [16 1 1] [17 1 1] [18 1 1] [19 1 1] [20 1 2] [21 1 2] [22 1 2] [23 1 2] [24 1 2] [25 1 2] [26 1 2] [27 1 2] [28 1 2] [29 1 2] [30 1 2] [31 1 2] [32 1 2] [33 1 2] [34 1 2] [35 1 2] [36 1 2] [37 1 2] [38 1 2] [39 1 3] [40 1 3] [41 1 3] [42 1 3] [43 1 3] [44 1 3] [45 1 3] [46 1 3] [47 1 3] [48 1 3] [49 1 3] [50 1 3] [51 1 3] [52 1 3] [53 1 3] [54 1 3] [55 1 3] [56 1 3] [57 1 3] [58 2 3] [59 2 3] [60 2 3] [61 2 3] [62 2 3] [63 2 3] [64 2 3] [65 2 3] [66 2 3] [67 2 3] [68 2 3] [69 2 3] [70 2 3] [71 2 3] [72 2 3] [73 2 3] [74 2 3] [75 2 3] [76 2 3]],[[25 63] [3460 5960] [10063 20063] [2 2] [1.1 1.3]]
CypD-x0892-pandda-model,[[1 1 1] [2 1 1] [3 1 1] [4 1 1] [5 1 1] [6 1 1] [7 1 1] [8 1 1] [9 1 1] [10 1 1] [11 1 1] [12 1 1] [13 1 1] [14 1 1] [15 1 1] [16 1 1] [17 1 1] [18 1 1] [19 1 2] [20 1 2] [21 1 2] [22 1 2] [23 1 2] [24 1 2] [25 1 2] [26 1 2] [27 1 2] [28 1 2] [29 1 2] [30 1 2] [31 1 2] [32 1 2] [33 1 2] [34 1 2] [35 1 2] [36 1 2] [37 2 2] [38 2 2] [39 2 2] [40 2 2] [41 2 2] [42 2 2] [43 2 2] [44 2 2] [45 2 2] [46 2 2] [47 2 2] [48 2 2] [49 2 2] [50 2 2] [51 2 2] [52 2 2] [53 2 2] [54 2 2] [55 3 2] [56 3 2] [57 3 2] [58 3 2] [59 3 2] [60 3 2] [61 3 2] [62 3 2] [63 3 2] [64 3 2] [65 3 2] [66 3 2] [67 3 2] [68 3 2] [69 3 2] [70 3 2] [71 3 2] [72 3 2]],[[27 63 63 41 41 41 41 41 43 43 43 43 43 44 44 44 44 44 48 48 48 48 48 42 42 42 42 42 44 44 44 44 44 48 48 48 48 48 53 53 53 53 53 51 51 51 51 51 49 49 49 49 49 46 46 46 46 46] [6506 3581 6081 6948 6951 6953 6954 6949 6948 6951 6953 6954 6949 6948 6951 6953 6954 6949 6948 6951 6953 6954 6949 6948 6951 6953 6954 6949 6948 6951 6953 6954 6949 6948 6951 6953 6954 6949 6948 6951 6953 6954 6949 6948 6951 6953 6954 6949 6948 6951 6953 6954 6949 6948 6951 6953 6954 6949] [20102 10073 20073 20131 20131 20131 20131 20131 20131 20131 20131 20131 20131 20131 20131 20131 20131 20131 20131 20131 20131 20131 20131 20131 20131 20131 20131 20131 20131 20131 20131 20131 20131 20131 20131 20131 20131 20131 20131 20131 20131 20131 20131 20131 20131 20131 20131 20131 20131 20131 20131 20131 20131 20131 20131 20131 20131 20131] [4 4 4 10 10 10 10 10 10 10 10 10 10 10 10 10 10 10 10 10 10 10 10 10 10 10 10 10 10 10 10 10 10 10 10 10 10 10 10 10 10 10 10 10 10 10 10 10 10 10 10 10 10 10 10 10 10 10] [3.1 0.5 0.5 -0 -0 -0 -0 -0 -0 -0 -0 -0 -0 -0 -0 -0 -0 -0 -0 -0 -0 -0 -0 -0 -0 -0 -0 -0 -0 -0 -0 -0 -0 -0 -0 -0 -0 -0 -0 -0 -0 -0 -0 -0 -0 -0 -0 -0 -0 -0 -0 -0 -0 -0 -0 -0 -0 -0]]
CypD-x0893-pandda-model,[[1 1 1] [2 1 1] [3 1 1] [4 1 1] [5 1 1] [6 1 1] [7 1 1] [8 1 1] [9 1 1] [10 1 1] [11 1 1] [12 1 1] [13 1 1] [14 1 1] [15 1 1] [16 1 1] [17 1 1] [18 1 1] [19 1 1] [20 1 2] [21 1 2] [22 1 2] [23 1 2] [24 1 2] [25 1 2] [26 1 2] [27 1 2] [28 1 2] [29 1 2] [30 1 2] [31 1 2] [32 1 2] [33 1 2] [34 1 2] [35 1 2] [36 1 2] [37 1 2] [38 1 2] [39 1 3] [40 1 3] [41 1 3] [42 1 3] [43 1 3] [44 1 3] [45 1 3] [46 1 3] [47 1 3] [48 1 3] [49 1 3] [50 1 3] [51 1 3] [52 1 3] [53 1 3] [54 1 3] [55 1 3] [56 1 3] [57 1 3] [58 2 3] [59 2 3] [60 2 3] [61 2 3] [62 2 3] [63 2 3] [64 2 3] [65 2 3] [66 2 3] [67 2 3] [68 2 3] [69 2 3] [70 2 3] [71 2 3] [72 2 3] [73 2 3] [74 2 3] [75 2 3] [76 2 3]],[[5 24 8 10 12 14 19 9 27 29 31 33 38 28 62 62 62 62 62 72 72 72 72 72 74 74 74 74 74 76 76 76 76 76 71 71 71 71 71] [1959 4448 1356 1356 1356 1356 1356 1356 3845 3845 3845 3845 3845 3845 4447 4449 4451 4453 4448 4447 4449 4451 4453 4448 4447 4449 4451 4453 4448 4447 4449 4451 4453 4448 4447 4449 4451 4453 4448] [131 10131 90 90 90 90 90 90 10090 10090 10090 10090 10090 10090 10131 10131 10131 10131 10131 10131 10131 10131 10131 10131 10131 10131 10131 10131 10131 10131 10131 10131 10131 10131 10131 10131 10131 10131 10131] [1 1 10 10 10 10 10 10 10 10 10 10 10 10 10 10 10 10 10 10 10 10 10 10 10 10 10 10 10 10 10 10 10 10 10 10 10 10 10] [2.7 1.9 0.9 0.9 0.9 0.9 0.9 0.9 0.7 0.7 0.7 0.7 0.7 0.7 -0 -0 -0 -0 -0 -0 -0 -0 -0 -0 -0 -0 -0 -0 -0 -0 -0 -0 -0 -0 -0 -0 -0 -0 -0]]
CypD-x0896-pandda-model,[[1 1 1] [2 1 1] [3 1 1] [4 1 1] [5 1 1] [6 1 1] [7 1 1] [8 1 1] [9 1 1] [10 1 1] [11 1 1] [12 1 1] [13 1 1] [14 1 1] [15 1 1] [16 1 1] [17 1 1] [18 1 1] [19 1 1] [20 1 1] [21 1 1] [22 1 1] [23 2 1] [24 2 1] [25 2 1] [26 2 1] [27 2 1] [28 2 1] [29 2 1] [30 2 1] [31 2 1] [32 2 1] [33 2 1] [34 2 1] [35 2 1] [36 2 1] [37 2 1] [38 2 1] [39 2 1] [40 2 1] [41 2 1] [42 2 1] [43 2 1] [44 2 1] [45 1 2] [46 1 2] [47 1 2] [48 1 2] [49 1 2] [50 1 2] [51 1 2] [52 1 2] [53 1 2] [54 1 2] [55 1 2] [56 1 2] [57 1 2] [58 1 2] [59 1 2] [60 1 2] [61 1 2] [62 1 2] [63 1 2] [64 1 2] [65 1 2] [66 1 2] [67 2 2] [68 2 2] [69 2 2] [70 2 2] [71 2 2] [72 2 2] [73 2 2] [74 2 2] [75 2 2] [76 2 2] [77 2 2] [78 2 2] [79 2 2] [80 2 2] [81 2 2] [82 2 2] [83 2 2] [84 2 2] [85 2 2] [86 2 2] [87 2 2] [88 2 2] [89 1 3] [90 1 3] [91 1 3] [92 1 3] [93 1 3] [94 1 3] [95 1 3] [96 1 3] [97 1 3] [98 1 3] [99 1 3] [100 1 3] [101 1 3] [102 1 3] [103 1 3] [104 1 3] [105 1 3] [106 1 3] [107 1 3] [108 1 3] [109 1 3] [110 1 3]],[[2 24 68 4 26 26 70 92 92] [1365 1109 3856 1360 1611 1622 3851 6601 6612] [91 74 10091 91 110 111 10091 20110 20111] [3 3 3 4 4 4 4 4 4] [3.8 1.3 3.6 5.6 4.7 5.1 5.5 6.3 4.1]]
CypD-x0897-pandda-model,[[1 1 1] [2 1 1] [3 1 1] [4 1 1] [5 1 1] [6 1 1] [7 1 1] [8 1 1] [9 1 1] [10 1 1] [11 1 1] [12 1 1] [13 1 1] [14 1 1] [15 1 1] [16 1 1] [17 1 1] [18 1 1] [19 1 1] [20 1 1] [21 1 1] [22 1 1] [23 1 1] [24 1 1] [25 1 1] [26 1 1] [27 1 1] [28 1 1] [29 1 1] [30 1 1] [31 1 1] [32 1 1] [33 2 1] [34 2 1] [35 2 1] [36 2 1] [37 2 1] [38 2 1] [39 2 1] [40 2 1] [41 2 1] [42 2 1] [43 2 1] [44 2 1] [45 2 1] [46 2 1] [47 2 1] [48 2 1] [49 2 1] [50 2 1] [51 2 1] [52 2 1] [53 2 1] [54 2 1] [55 2 1] [56 2 1] [57 2 1] [58 2 1] [59 2 1] [60 2 1] [61 2 1] [62 2 1] [63 2 1] [64 2 1] [65 1 2] [66 1 2] [67 1 2] [68 1 2] [69 1 2] [70 1 2] [71 1 2] [72 1 2] [73 1 2] [74 1 2] [75 1 2] [76 1 2] [77 1 2] [78 1 2] [79 1 2] [80 1 2] [81 1 2] [82 1 2] [83 1 2] [84 1 2] [85 1 2] [86 1 2] [87 1 2] [88 1 2] [89 1 2] [90 1 2] [91 1 2] [92 1 2] [93 1 2] [94 1 2] [95 1 2] [96 1 2] [97 2 2] [98 2 2] [99 2 2] [100 2 2] [101 2 2] [102 2 2] [103 2 2] [104 2 2] [105 2 2] [106 2 2] [107 2 2] [108 2 2] [109 2 2] [110 2 2] [111 2 2] [112 2 2] [113 2 2] [114 2 2] [115 2 2] [116 2 2] [117 2 2] [118 2 2] [119 2 2] [120 2 2] [121 2 2] [122 2 2] [123 2 2] [124 2 2] [125 2 2] [126 2 2] [127 2 2] [128 2 2] [129 3 2] [130 3 2] [131 3 2] [132 3 2] [133 3 2] [134 3 2] [135 3 2] [136 3 2] [137 3 2] [138 3 2] [139 3 2] [140 3 2] [141 3 2] [142 3 2] [143 3 2] [144 3 2] [145 3 2] [146 3 2] [147 3 2] [148 3 2] [149 3 2] [150 3 2] [151 3 2] [152 3 2] [153 3 2] [154 3 2] [155 3 2] [156 3 2] [157 3 2] [158 3 2] [159 3 2] [160 3 2] [161 1 3] [162 1 3] [163 1 3] [164 1 3] [165 1 3] [166 1 3] [167 1 3] [168 1 3] [169 1 3] [170 1 3] [171 1 3] [172 1 3] [173 1 3] [174 1 3] [175 1 3] [176 1 3] [177 1 3] [178 1 3] [179 1 3] [180 1 3] [181 1 3] [182 1 3] [183 1 3] [184 1 3] [185 1 3] [186 1 3] [187 1 3] [188 1 3] [189 1 3] [190 1 3] [191 1 3] [192 1 3]],[[10 36 74 100 138 170 47 47 47 47 47 47 53 53 53 53 53 53 52 64 59 57 55 53 52 64 59 57 55 53 10 28 30 32 27 20 32 27 25 23 21 20 32 27 25 23 21 84 96 91 89 87 85 74 92 94 96 91 84 96 91 89 87 85 181 183 185 187 192 180 170 188 190 192 187] [1365 1174 3854 3663 3104 5165 1178 1181 1185 1187 1183 1179 1178 1181 1185 1187 1183 1179 1238 1238 1238 1238 1238 1238 1263 1263 1263 1263 1263 1263 1347 1347 1347 1347 1347 1352 1352 1352 1352 1352 1352 1356 1356 1356 1356 1356 1356 3841 3841 3841 3841 3841 3841 3845 3845 3845 3845 3845 3845 3845 3845 3845 3845 3845 7306 7306 7306 7306 7306 7306 7306 7306 7306 7306 7306] [91 79 10091 10079 10040 20012 79 79 79 79 79 79 79 79 79 79 79 79 83 83 83 83 83 83 84 84 84 84 84 84 90 90 90 90 90 90 90 90 90 90 90 90 90 90 90 90 90 10090 10090 10090 10090 10090 10090 10090 10090 10090 10090 10090 10090 10090 10090 10090 10090 10090 20154 20154 20154 20154 20154 20154 20154 20154 20154 20154 20154] [3 3 3 3 3 3 10 10 10 10 10 10 10 10 10 10 10 10 10 10 10 10 10 10 10 10 10 10 10 10 10 10 10 10 10 10 10 10 10 10 10 10 10 10 10 10 10 10 10 10 10 10 10 10 10 10 10 10 10 10 10 10 10 10 10 10 10 10 10 10 10 10 10 10 10] [4.1 8.8 3.6 7.2 1.7 3.1 0.5 0.5 0.5 0.5 0.5 0.5 0.6 0.6 0.6 0.6 0.6 0.6 0.5 0.5 0.5 0.5 0.5 0.5 0.6 0.6 0.6 0.6 0.6 0.6 0.7 0.7 0.7 0.7 0.7 0.5 0.5 0.5 0.5 0.5 0.5 0.5 0.5 0.5 0.5 0.5 0.5 0.6 0.6 0.6 0.6 0.6 0.6 0.7 0.7 0.7 0.7 0.7 0.9 0.9 0.9 0.9 0.9 0.9 0.5 0.5 0.5 0.5 0.5 0.5 0.5 0.5 0.5 0.5 0.5]]
CypD-x0898-pandda-model,[[1 1 1] [2 1 1] [3 1 1] [4 1 1] [5 1 1] [6 1 1] [7 1 1] [8 1 1] [9 1 1] [10 1 1] [11 1 1] [12 1 1] [13 1 1] [14 1 1] [15 1 1] [16 1 1] [17 1 1] [18 1 1] [19 1 1] [20 1 1] [21 1 1] [22 1 1] [23 1 1] [24 1 1] [25 1 1]],[[5 13 13 13 13 13 13 22 22 22 22 22 22] [4731 3422 3426 3428 3424 3420 3419 918 921 925 927 923 919] [20148 20060 20060 20060 20060 20060 20060 10060 10060 10060 10060 10060 10060] [2 10 10 10 10 10 10 10 10 10 10 10 10] [10.6 0.5 0.5 0.5 0.5 0.5 0.5 1 1 1 1 1 1]]
CypD-x0902-pandda-model,[[1 1 1] [2 1 1] [3 1 1] [4 1 1] [5 1 1] [6 1 1] [7 1 1] [8 1 1] [9 1 1] [10 1 1] [11 1 1] [12 1 1] [13 1 1] [14 1 1] [15 1 1] [16 1 1] [17 1 1] [18 1 1] [19 1 1] [20 1 1] [21 1 1] [22 1 1] [23 1 1] [24 1 1] [25 1 1] [26 1 1] [27 1 1] [28 1 1] [29 1 2] [30 1 2] [31 1 2] [32 1 2] [33 1 2] [34 1 2] [35 1 2] [36 1 2] [37 1 2] [38 1 2] [39 1 2] [40 1 2] [41 1 2] [42 1 2] [43 1 2] [44 1 2] [45 1 2] [46 1 2] [47 1 2] [48 1 2] [49 1 2] [50 1 2] [51 1 2] [52 1 2] [53 1 2] [54 1 2] [55 1 2] [56 1 2]],[[5 9] [1517 970] [102 63] [4 2] [1.6 3.9]]
CypD-x0903-pandda-model,[[1 1 1] [2 1 1] [3 1 1] [4 1 1] [5 1 1] [6 1 1] [7 1 1] [8 1 1] [9 1 1] [10 1 1] [11 1 1] [12 1 1] [13 1 1] [14 1 1] [15 1 1] [16 1 1] [17 1 1] [18 1 1] [19 1 1] [20 1 1] [21 1 1] [22 1 1] [23 1 1] [24 1 1] [25 1 1] [26 1 1] [27 1 1] [28 1 1] [29 1 1] [30 1 1] [31 1 1]],[[6 6 6 6 6 6 5 13 8 9 6 5 13 8 9 6] [1178 1181 1185 1187 1183 1179 1238 1238 1238 1238 1238 1263 1263 1263 1263 1263] [10079 10079 10079 10079 10079 10079 10083 10083 10083 10083 10083 10084 10084 10084 10084 10084] [10 10 10 10 10 10 10 10 10 10 10 10 10 10 10 10] [0.7 0.7 0.7 0.7 0.7 0.7 0.5 0.5 0.5 0.5 0.5 1.5 1.5 1.5 1.5 1.5]]
CypD-x0904-pandda-model,[[1 1 1] [2 1 1] [3 1 1] [4 1 1] [5 1 1] [6 1 1] [7 1 1] [8 1 1] [9 1 1] [10 1 1] [11 1 1] [12 1 1] [13 1 1] [14 1 1] [15 1 1] [16 1 1] [17 1 1] [18 1 1] [19 1 1] [20 1 1] [21 1 1] [22 1 1] [23 1 1] [24 1 1] [25 1 1] [26 1 1] [27 1 1] [28 1 1]],[[1 12 11 9 7 5 1 12 11 9 7 5] [1347 1347 1347 1347 1347 1347 1356 1356 1356 1356 1356 1356] [90 90 90 90 90 90 90 90 90 90 90 90] [10 10 10 10 10 10 10 10 10 10 10 10] [0.5 0.5 0.5 0.5 0.5 0.5 0.9 0.9 0.9 0.9 0.9 0.9]]
CypD-x0908-pandda-model,[[1 1 1] [2 1 1] [3 1 1] [4 1 1] [5 1 1] [6 1 1] [7 1 1] [8 1 1] [9 1 1] [10 1 1] [11 1 1] [12 1 1] [13 1 1] [14 1 1] [15 1 1] [16 1 1] [17 1 1] [18 1 1] [19 1 1] [20 1 1] [21 1 1] [22 1 2] [23 1 2] [24 1 2] [25 1 2] [26 1 2] [27 1 2] [28 1 2] [29 1 2] [30 1 2] [31 1 2] [32 1 2] [33 1 2] [34 1 2] [35 1 2] [36 1 2] [37 1 2] [38 1 2] [39 1 2] [40 1 2] [41 1 2] [42 1 2]],[[5 17 19 21 14 15] [1356 1356 1356 1356 1356 1356] [90 90 90 90 90 90] [10 10 10 10 10 10] [0.5 0.5 0.5 0.5 0.5 0.5]]
CypD-x0910-pandda-model,[[1 1 1] [2 1 1] [3 1 1] [4 1 1] [5 1 1] [6 1 1] [7 1 1] [8 1 1] [9 1 1] [10 1 1] [11 1 1] [12 1 1] [13 1 1] [14 1 1] [15 1 1] [16 1 1] [17 1 1] [18 1 1] [19 1 1] [20 1 1] [21 1 1] [22 1 2] [23 1 2] [24 1 2] [25 1 2] [26 1 2] [27 1 2] [28 1 2] [29 1 2] [30 1 2] [31 1 2] [32 1 2] [33 1 2] [34 1 2] [35 1 2] [36 1 2] [37 1 2] [38 1 2] [39 1 2] [40 1 2] [41 1 2] [42 1 2] [43 2 2] [44 2 2] [45 2 2] [46 2 2] [47 2 2] [48 2 2] [49 2 2] [50 2 2] [51 2 2] [52 2 2] [53 2 2] [54 2 2] [55 2 2] [56 2 2] [57 2 2] [58 2 2] [59 2 2] [60 2 2] [61 2 2] [62 2 2] [63 2 2] [64 3 2] [65 3 2] [66 3 2] [67 3 2] [68 3 2] [69 3 2] [70 3 2] [71 3 2] [72 3 2] [73 3 2] [74 3 2] [75 3 2] [76 3 2] [77 3 2] [78 3 2] [79 3 2] [80 3 2] [81 3 2] [82 3 2] [83 3 2] [84 3 2] [85 1 3] [86 1 3] [87 1 3] [88 1 3] [89 1 3] [90 1 3] [91 1 3] [92 1 3] [93 1 3] [94 1 3] [95 1 3] [96 1 3] [97 1 3] [98 1 3] [99 1 3] [100 1 3] [101 1 3] [102 1 3] [103 1 3] [104 1 3] [105 1 3]],[[68 68 95 102 104 97 98 100 53 60 62 55 56 58 47 51 49 54 50 32 39 41 34 35 37] [4771 4778 4717 4717 4717 4717 4717 4717 4819 4819 4819 4819 4819 4819 4828 4828 4828 4828 4828 7218 7218 7218 7218 7218 7218] [10152 10152 10148 10148 10148 10148 10148 10148 10155 10155 10155 10155 10155 10155 10155 10155 10155 10155 10155 20148 20148 20148 20148 20148 20148] [3 1 10 10 10 10 10 10 10 10 10 10 10 10 10 10 10 10 10 10 10 10 10 10 10] [1 1.9 0.7 0.7 0.7 0.7 0.7 0.7 0.7 0.7 0.7 0.7 0.7 0.7 1 1 1 1 1 0.8 0.8 0.8 0.8 0.8 0.8]]
CypD-x0915-pandda-model,[[1 1 1] [2 1 1] [3 1 1] [4 1 1] [5 1 1] [6 1 1] [7 1 1] [8 1 1] [9 1 1] [10 1 1] [11 1 1] [12 1 1] [13 1 1] [14 1 1] [15 1 1] [16 1 1] [17 1 1] [18 1 1] [19 1 1] [20 1 1] [21 1 1] [22 1 1] [23 1 1] [24 1 1] [25 1 1] [26 1 1] [27 1 1] [28 1 2] [29 1 2] [30 1 2] [31 1 2] [32 1 2] [33 1 2] [34 1 2] [35 1 2] [36 1 2] [37 1 2] [38 1 2] [39 1 2] [40 1 2] [41 1 2] [42 1 2] [43 1 2] [44 1 2] [45 1 2] [46 1 2] [47 1 2] [48 1 2] [49 1 2] [50 1 2] [51 1 2] [52 1 2] [53 1 2] [54 1 2]],[[3 34] [2025 4008] [136 10102] [4 4] [3 2.7]]
CypD-x0916-pandda-model,[[1 1 1] [2 1 1] [3 1 1] [4 1 1] [5 1 1] [6 1 1] [7 1 1] [8 1 1] [9 1 1] [10 1 1] [11 1 1] [12 1 1] [13 1 1] [14 1 1] [15 1 1] [16 1 1] [17 1 1] [18 1 1] [19 1 1] [20 1 1] [21 1 1] [22 1 1] [23 1 1] [24 1 1] [25 2 1] [26 2 1] [27 2 1] [28 2 1] [29 2 1] [30 2 1] [31 2 1] [32 2 1] [33 2 1] [34 2 1] [35 2 1] [36 2 1] [37 2 1] [38 2 1] [39 2 1] [40 2 1] [41 2 1] [42 2 1] [43 2 1] [44 2 1] [45 2 1] [46 2 1] [47 2 1] [48 2 1]],[4 3573 20071 3 2.6]
CypD-x0917-pandda-model,[[1 1 1] [2 1 1] [3 1 1] [4 1 1] [5 1 1] [6 1 1] [7 1 1] [8 1 1] [9 1 1] [10 1 1] [11 1 1] [12 1 1] [13 1 1] [14 1 1] [15 1 1] [16 1 1] [17 1 1] [18 1 1] [19 1 1] [20 1 1] [21 1 1] [22 1 1] [23 1 1] [24 1 1] [25 1 1] [26 1 1] [27 1 1] [28 1 1] [29 1 1] [30 1 1] [31 1 1] [32 1 1] [33 1 1] [34 1 1] [35 1 1] [36 1 1] [37 1 1] [38 1 1] [39 1 2] [40 1 2] [41 1 2] [42 1 2] [43 1 2] [44 1 2] [45 1 2] [46 1 2] [47 1 2] [48 1 2] [49 1 2] [50 1 2] [51 1 2] [52 1 2] [53 1 2] [54 1 2] [55 1 2] [56 1 2] [57 1 2] [58 1 2] [59 1 2] [60 1 2] [61 1 2] [62 1 2] [63 1 2] [64 1 2] [65 1 2] [66 1 2] [67 1 2] [68 1 2] [69 1 2] [70 1 2] [71 1 2] [72 1 2] [73 1 2] [74 1 2] [75 1 2] [76 1 2]],[[5 43 58 8 46 5 31 31 31 31 31] [351 6512 6628 390 5961 351 1961 1963 1965 1960 1959] [23 20102 20111 25 20063 23 131 131 131 131 131] [1 3 1 2 2 7 10 10 10 10 10] [18.9 4.1 0.7 12.6 4.6 7.079572756 0.8 0.8 0.8 0.8 0.8]]
CypD-x0919-pandda-model,[[1 1 1] [2 1 1] [3 1 1] [4 1 1] [5 1 1] [6 1 1] [7 1 1] [8 1 1] [9 1 1] [10 1 1] [11 1 1] [12 1 1] [13 1 1] [14 1 1] [15 1 1] [16 1 1] [17 1 1] [18 1 1] [19 1 1] [20 1 1] [21 1 1] [22 1 1] [23 1 1] [24 1 1] [25 1 1] [26 1 1] [27 1 1] [28 1 1] [29 1 1] [30 1 1] [31 1 1] [32 1 1] [33 2 1] [34 2 1] [35 2 1] [36 2 1] [37 2 1] [38 2 1] [39 2 1] [40 2 1] [41 2 1] [42 2 1] [43 2 1] [44 2 1] [45 2 1] [46 2 1] [47 2 1] [48 2 1] [49 2 1] [50 2 1] [51 2 1] [52 2 1] [53 2 1] [54 2 1] [55 2 1] [56 2 1] [57 2 1] [58 2 1] [59 2 1] [60 2 1] [61 2 1] [62 2 1] [63 2 1] [64 2 1] [65 1 2] [66 1 2] [67 1 2] [68 1 2] [69 1 2] [70 1 2] [71 1 2] [72 1 2] [73 1 2] [74 1 2] [75 1 2] [76 1 2] [77 1 2] [78 1 2] [79 1 2] [80 1 2] [81 1 2] [82 1 2] [83 1 2] [84 1 2] [85 1 2] [86 1 2] [87 1 2] [88 1 2] [89 1 2] [90 1 2] [91 1 2] [92 1 2] [93 1 2] [94 1 2] [95 1 2] [96 1 2] [97 1 3] [98 1 3] [99 1 3] [100 1 3] [101 1 3] [102 1 3] [103 1 3] [104 1 3] [105 1 3] [106 1 3] [107 1 3] [108 1 3] [109 1 3] [110 1 3] [111 1 3] [112 1 3] [113 1 3] [114 1 3] [115 1 3] [116 1 3] [117 1 3] [118 1 3] [119 1 3] [120 1 3] [121 1 3] [122 1 3] [123 1 3] [124 1 3] [125 1 3] [126 1 3] [127 1 3]],[[23 26 39 39 55 87 90 103 7 71] [522 521 1094 1109 1094 3012 3011 3716 521 3011] [34 34 73 74 73 10034 10034 10082 34 10034] [1 1 3 3 3 1 1 2 7 7] [1.4 1.5 1.6 2.2 0.8 1.4 1.2 6.3 0.9995167035 1.047271025]]
CypD-x0921-pandda-model,[[1 1 1] [2 1 1] [3 1 1] [4 1 1] [5 1 1] [6 1 1] [7 1 1] [8 1 1] [9 1 1] [10 1 1] [11 1 1] [12 1 1] [13 1 1] [14 1 1] [15 1 1] [16 1 1] [17 1 1] [18 1 1] [19 1 1] [20 1 1] [21 1 1] [22 1 1] [23 1 1] [24 1 1] [25 1 1] [26 1 1] [27 1 1] [28 1 1]],[[18 27 25 23 21 19] [1356 1356 1356 1356 1356 1356] [10090 10090 10090 10090 10090 10090] [10 10 10 10 10 10] [0.8 0.8 0.8 0.8 0.8 0.8]]
CypD-x0922-pandda-model,[[1 1 1] [2 1 1] [3 1 1] [4 1 1] [5 1 1] [6 1 1] [7 1 1] [8 1 1] [9 1 1] [10 1 1] [11 1 1] [12 1 1] [13 1 1] [14 1 1] [15 1 1] [16 1 1] [17 1 1] [18 1 2] [19 1 2] [20 1 2] [21 1 2] [22 1 2] [23 1 2] [24 1 2] [25 1 2] [26 1 2] [27 1 2] [28 1 2] [29 1 2] [30 1 2] [31 1 2] [32 1 2] [33 1 2] [34 1 2]],[[5 15 13 16 8] [734 734 734 734 734] [49 49 49 49 49] [10 10 10 10 10] [3.1 3.1 3.1 3.1 3.1]]
CypD-x0926-pandda-model,[[1 1 1] [2 1 1] [3 1 1] [4 1 1] [5 1 1] [6 1 1] [7 1 1] [8 1 1] [9 1 1] [10 1 1] [11 1 1] [12 1 1] [13 1 1] [14 1 1] [15 1 1] [16 1 1] [17 1 1] [18 1 1] [19 1 1] [20 1 1] [21 1 2] [22 1 2] [23 1 2] [24 1 2] [25 1 2] [26 1 2] [27 1 2] [28 1 2] [29 1 2] [30 1 2] [31 1 2] [32 1 2] [33 1 2] [34 1 2] [35 1 2] [36 1 2] [37 1 2] [38 1 2] [39 1 2] [40 1 2] [41 2 2] [42 2 2] [43 2 2] [44 2 2] [45 2 2] [46 2 2] [47 2 2] [48 2 2] [49 2 2] [50 2 2] [51 2 2] [52 2 2] [53 2 2] [54 2 2] [55 2 2] [56 2 2] [57 2 2] [58 2 2] [59 2 2] [60 2 2]],[[37 37 37 37 37 37] [4291 4293 4299 4301 4297 4292] [10121 10121 10121 10121 10121 10121] [10 10 10 10 10 10] [0.5 0.5 0.5 0.5 0.5 0.5]]
CypD-x0928-pandda-model,[[1 1 1] [2 1 1] [3 1 1] [4 1 1] [5 1 1] [6 1 1] [7 1 1] [8 1 1] [9 1 1] [10 1 1] [11 1 1] [12 1 1] [13 1 1] [14 1 1] [15 1 1] [16 1 1] [17 1 1] [18 1 1] [19 1 1] [20 1 1] [21 1 1] [22 1 1] [23 1 2] [24 1 2] [25 1 2] [26 1 2] [27 1 2] [28 1 2] [29 1 2] [30 1 2] [31 1 2] [32 1 2] [33 1 2] [34 1 2] [35 1 2] [36 1 2] [37 1 2] [38 1 2] [39 1 2] [40 1 2] [41 1 2] [42 1 2] [43 1 2] [44 1 2] [45 1 3] [46 1 3] [47 1 3] [48 1 3] [49 1 3] [50 1 3] [51 1 3] [52 1 3] [53 1 3] [54 1 3] [55 1 3] [56 1 3] [57 1 3] [58 1 3] [59 1 3] [60 1 3] [61 1 3] [62 1 3] [63 1 3] [64 1 3] [65 1 3] [66 1 3]],[[10 32 49 49 49 49 49 49 52 52 52 52 52 50 50 50 50 50 66 66 66 66 66 51 51 51 51 51] [1580 4071 5381 6950 6953 6954 6956 6951 6950 6953 6954 6956 6951 6950 6953 6954 6956 6951 6950 6953 6954 6956 6951 6950 6953 6954 6956 6951] [107 10107 20025 20131 20131 20131 20131 20131 20131 20131 20131 20131 20131 20131 20131 20131 20131 20131 20131 20131 20131 20131 20131 20131 20131 20131 20131 20131] [3 3 2 10 10 10 10 10 10 10 10 10 10 10 10 10 10 10 10 10 10 10 10 10 10 10 10 10] [12.3 11.1 5.6 -0 -0 -0 -0 -0 -0 -0 -0 -0 -0 -0 -0 -0 -0 -0 -0 -0 -0 -0 -0 -0 -0 -0 -0 -0]]
CypD-x0929-pandda-model,[[1 1 1] [2 1 1] [3 1 1] [4 1 1] [5 1 1] [6 1 1] [7 1 1] [8 1 1] [9 1 1] [10 1 1] [11 1 1] [12 1 1] [13 1 1] [14 1 1] [15 1 1] [16 1 1] [17 1 1] [18 1 1] [19 1 1] [20 1 1] [21 1 1] [22 1 2] [23 1 2] [24 1 2] [25 1 2] [26 1 2] [27 1 2] [28 1 2] [29 1 2] [30 1 2] [31 1 2] [32 1 2] [33 1 2] [34 1 2] [35 1 2] [36 1 2] [37 1 2] [38 1 2] [39 1 2] [40 1 2] [41 1 2] [42 1 2]],[[18 39] [1580 6569] [107 20107] [3 3] [0.5 0.6]]
CypD-x0931-pandda-model,[[1 1 1] [2 1 1] [3 1 1] [4 1 1] [5 1 1] [6 1 1] [7 1 1] [8 1 1] [9 1 1] [10 1 1] [11 1 1] [12 1 1] [13 1 1] [14 1 1] [15 1 1] [16 1 1] [17 1 1] [18 1 1] [19 1 1] [20 1 1] [21 1 1] [22 1 1] [23 1 1] [24 1 1] [25 1 1] [26 1 1] [27 1 1] [28 1 1] [29 1 1] [30 1 1] [31 1 1] [32 1 1]],[[] [] [] [] []]
CypD-x0934-pandda-model,[[1 1 1] [2 1 1] [3 1 1] [4 1 1] [5 1 1] [6 1 1] [7 1 1] [8 1 1] [9 1 1] [10 1 1] [11 1 1] [12 1 1] [13 1 1] [14 1 1] [15 1 1] [16 1 1] [17 1 1] [18 1 1] [19 1 1] [20 1 1] [21 1 1] [22 1 1] [23 1 1] [24 1 1] [25 1 1] [26 1 1] [27 1 1] [28 1 1] [29 1 1] [30 1 1] [31 1 1] [32 1 1] [33 1 2] [34 1 2] [35 1 2] [36 1 2] [37 1 2] [38 1 2] [39 1 2] [40 1 2] [41 1 2] [42 1 2] [43 1 2] [44 1 2] [45 1 2] [46 1 2] [47 1 2] [48 1 2] [49 1 2] [50 1 2] [51 1 2] [52 1 2] [53 1 2] [54 1 2] [55 1 2] [56 1 2] [57 1 2] [58 1 2] [59 1 2] [60 1 2] [61 1 2] [62 1 2] [63 1 2] [64 1 2] [65 1 3] [66 1 3] [67 1 3] [68 1 3] [69 1 3] [70 1 3] [71 1 3] [72 1 3] [73 1 3] [74 1 3] [75 1 3] [76 1 3] [77 1 3] [78 1 3] [79 1 3] [80 1 3] [81 1 3] [82 1 3] [83 1 3] [84 1 3] [85 1 3] [86 1 3] [87 1 3] [88 1 3] [89 1 3] [90 1 3] [91 1 3] [92 1 3] [93 1 3] [94 1 3] [95 1 3] [96 1 3]],[[23 32 30 28 26 24 10 32 23 21 19 55 64 62 60 58 56 42 64 55 53 51 74 96 87 85 83] [1347 1347 1347 1347 1347 1347 1356 1356 1356 1356 1356 3837 3837 3837 3837 3837 3837 3846 3846 3846 3846 3846 6346 6346 6346 6346 6346] [90 90 90 90 90 90 90 90 90 90 90 10090 10090 10090 10090 10090 10090 10090 10090 10090 10090 10090 20090 20090 20090 20090 20090] [10 10 10 10 10 10 10 10 10 10 10 10 10 10 10 10 10 10 10 10 10 10 10 10 10 10 10] [0.9 0.9 0.9 0.9 0.9 0.9 0.7 0.7 0.7 0.7 0.7 0.7 0.7 0.7 0.7 0.7 0.7 0.5 0.5 0.5 0.5 0.5 0.8 0.8 0.8 0.8 0.8]]
CypD-x0935-pandda-model,[[1 1 1] [2 1 1] [3 1 1] [4 1 1] [5 1 1] [6 1 1] [7 1 1] [8 1 1] [9 1 1] [10 1 1] [11 1 1] [12 1 1] [13 1 1] [14 1 1] [15 1 1] [16 1 1] [17 1 1] [18 1 1] [19 1 1] [20 1 1] [21 1 1] [22 1 1] [23 1 1] [24 1 1] [25 1 1] [26 1 1] [27 1 1] [28 1 1] [29 1 1] [30 1 2] [31 1 2] [32 1 2] [33 1 2] [34 1 2] [35 1 2] [36 1 2] [37 1 2] [38 1 2] [39 1 2] [40 1 2] [41 1 2] [42 1 2] [43 1 2] [44 1 2] [45 1 2] [46 1 2] [47 1 2] [48 1 2] [49 1 2] [50 1 2] [51 1 2] [52 1 2] [53 1 2] [54 1 2] [55 1 2] [56 1 2] [57 1 2] [58 1 2] [59 1 3] [60 1 3] [61 1 3] [62 1 3] [63 1 3] [64 1 3] [65 1 3] [66 1 3] [67 1 3] [68 1 3] [69 1 3] [70 1 3] [71 1 3] [72 1 3] [73 1 3] [74 1 3] [75 1 3] [76 1 3] [77 1 3] [78 1 3] [79 1 3] [80 1 3] [81 1 3] [82 1 3] [83 1 3] [84 1 3] [85 1 3] [86 1 3] [87 1 3]],[[4 10 13 42 68 68 2 2 31 31 60 60] [1116 1202 1094 3585 6085 6107 1611 1622 4101 4112 6601 6612] [75 81 73 10073 20073 20075 110 111 10110 10111 20110 20111] [3 3 3 3 3 3 4 4 4 4 4 4] [6.6 0.7 0.7 0.5 0.9 0.8 4.9 4.6 4.6 4.2 4.4 2.8]]
CypD-x0936-pandda-model,[[1 1 1] [2 1 1] [3 1 1] [4 1 1] [5 1 1] [6 1 1] [7 1 1] [8 1 1] [9 1 1] [10 1 1] [11 1 1] [12 1 1] [13 1 1] [14 1 1] [15 1 1] [16 1 1] [17 1 1] [18 1 1] [19 1 1] [20 1 1] [21 1 1] [22 1 1] [23 1 1] [24 1 1] [25 2 1] [26 2 1] [27 2 1] [28 2 1] [29 2 1] [30 2 1] [31 2 1] [32 2 1] [33 2 1] [34 2 1] [35 2 1] [36 2 1] [37 2 1] [38 2 1] [39 2 1] [40 2 1] [41 2 1] [42 2 1] [43 2 1] [44 2 1] [45 2 1] [46 2 1] [47 2 1] [48 2 1] [49 3 1] [50 3 1] [51 3 1] [52 3 1] [53 3 1] [54 3 1] [55 3 1] [56 3 1] [57 3 1] [58 3 1] [59 3 1] [60 3 1] [61 3 1] [62 3 1] [63 3 1] [64 3 1] [65 3 1] [66 3 1] [67 3 1] [68 3 1] [69 3 1] [70 3 1] [71 3 1] [72 3 1] [73 1 2] [74 1 2] [75 1 2] [76 1 2] [77 1 2] [78 1 2] [79 1 2] [80 1 2] [81 1 2] [82 1 2] [83 1 2] [84 1 2] [85 1 2] [86 1 2] [87 1 2] [88 1 2] [89 1 2] [90 1 2] [91 1 2] [92 1 2] [93 1 2] [94 1 2] [95 1 2] [96 1 2] [97 2 2] [98 2 2] [99 2 2] [100 2 2] [101 2 2] [102 2 2] [103 2 2] [104 2 2] [105 2 2] [106 2 2] [107 2 2] [108 2 2] [109 2 2] [110 2 2] [111 2 2] [112 2 2] [113 2 2] [114 2 2] [115 2 2] [116 2 2] [117 2 2] [118 2 2] [119 2 2] [120 2 2] [121 3 2] [122 3 2] [123 3 2] [124 3 2] [125 3 2] [126 3 2] [127 3 2] [128 3 2] [129 3 2] [130 3 2] [131 3 2] [132 3 2] [133 3 2] [134 3 2] [135 3 2] [136 3 2] [137 3 2] [138 3 2] [139 3 2] [140 3 2] [141 3 2] [142 3 2] [143 3 2] [144 3 2] [145 1 3] [146 1 3] [147 1 3] [148 1 3] [149 1 3] [150 1 3] [151 1 3] [152 1 3] [153 1 3] [154 1 3] [155 1 3] [156 1 3] [157 1 3] [158 1 3] [159 1 3] [160 1 3] [161 1 3] [162 1 3] [163 1 3] [164 1 3] [165 1 3] [166 1 3] [167 1 3] [168 1 3]],[[3 55 3 32 99 133 147 130 130 130 130 130] [2434 2217 734 2488 3242 3336 5742 6792 6795 6789 6788 6791] [161 148 49 165 10049 10055 20049 20121 20121 20121 20121 20121] [1 3 4 2 2 2 2 10 10 10 10 10] [2.7 5.9 3 1.7 11.7 1.3 12 0.7 0.7 0.7 0.7 0.7]]
CypD-x0940-pandda-model,[[1 1 1] [2 1 1] [3 1 1] [4 1 1] [5 1 1] [6 1 1] [7 1 1] [8 1 1] [9 1 1] [10 1 1] [11 1 1] [12 1 1] [13 1 1] [14 1 1] [15 1 1] [16 1 1] [17 1 1] [18 1 1] [19 1 1] [20 1 1] [21 1 1] [22 1 1] [23 1 1] [24 1 1] [25 1 1] [26 1 1] [27 1 1] [28 1 1] [29 1 1] [30 1 1]],[9 4081 20107 3 14.6]
CypD-x0943-pandda-model,[[1 1 1] [2 1 1] [3 1 1] [4 1 1] [5 1 1] [6 1 1] [7 1 1] [8 1 1] [9 1 1] [10 1 1] [11 1 1] [12 1 1] [13 1 1] [14 1 1] [15 1 1] [16 1 1] [17 1 1] [18 1 1] [19 1 2] [20 1 2] [21 1 2] [22 1 2] [23 1 2] [24 1 2] [25 1 2] [26 1 2] [27 1 2] [28 1 2] [29 1 2] [30 1 2] [31 1 2] [32 1 2] [33 1 2] [34 1 2] [35 1 2] [36 1 2]],[[23 23 29 36 25 27 26 36 29 30 32 34] [3855 3837 3837 3837 3837 3837 3846 3846 3846 3846 3846 3846] [10091 10090 10090 10090 10090 10090 10090 10090 10090 10090 10090 10090] [3 10 10 10 10 10 10 10 10 10 10 10] [4.8 1.3 1.3 1.3 1.3 1.3 0.5 0.5 0.5 0.5 0.5 0.5]]
CypD-x0945-pandda-model,[[1 1 1] [2 1 1] [3 1 1] [4 1 1] [5 1 1] [6 1 1] [7 1 1] [8 1 1] [9 1 1] [10 1 1] [11 1 1] [12 1 1] [13 1 1] [14 1 1] [15 1 1] [16 1 1] [17 1 1] [18 1 1] [19 1 1] [20 1 1] [21 1 1] [22 1 1] [23 1 1] [24 2 1] [25 2 1] [26 2 1] [27 2 1] [28 2 1] [29 2 1] [30 2 1] [31 2 1] [32 2 1] [33 2 1] [34 2 1] [35 2 1] [36 2 1] [37 2 1] [38 2 1] [39 2 1] [40 2 1] [41 2 1] [42 2 1] [43 2 1] [44 2 1] [45 2 1] [46 2 1] [47 3 1] [48 3 1] [49 3 1] [50 3 1] [51 3 1] [52 3 1] [53 3 1] [54 3 1] [55 3 1] [56 3 1] [57 3 1] [58 3 1] [59 3 1] [60 3 1] [61 3 1] [62 3 1] [63 3 1] [64 3 1] [65 3 1] [66 3 1] [67 3 1] [68 3 1] [69 3 1] [70 4 1] [71 4 1] [72 4 1] [73 4 1] [74 4 1] [75 4 1] [76 4 1] [77 4 1] [78 4 1] [79 4 1] [80 4 1] [81 4 1] [82 4 1] [83 4 1] [84 4 1] [85 4 1] [86 4 1] [87 4 1] [88 4 1] [89 4 1] [90 4 1] [91 4 1] [92 4 1] [93 5 1] [94 5 1] [95 5 1] [96 5 1] [97 5 1] [98 5 1] [99 5 1] [100 5 1] [101 5 1] [102 5 1] [103 5 1] [104 5 1] [105 5 1] [106 5 1] [107 5 1] [108 5 1] [109 5 1] [110 5 1] [111 5 1] [112 5 1] [113 5 1] [114 5 1] [115 5 1] [116 6 1] [117 6 1] [118 6 1] [119 6 1] [120 6 1] [121 6 1] [122 6 1] [123 6 1] [124 6 1] [125 6 1] [126 6 1] [127 6 1] [128 6 1] [129 6 1] [130 6 1] [131 6 1] [132 6 1] [133 6 1] [134 6 1] [135 6 1] [136 6 1] [137 6 1] [138 6 1] [139 1 2] [140 1 2] [141 1 2] [142 1 2] [143 1 2] [144 1 2] [145 1 2] [146 1 2] [147 1 2] [148 1 2] [149 1 2] [150 1 2] [151 1 2] [152 1 2] [153 1 2] [154 1 2] [155 1 2] [156 1 2] [157 1 2] [158 1 2] [159 1 2] [160 1 2] [161 1 2] [162 2 2] [163 2 2] [164 2 2] [165 2 2] [166 2 2] [167 2 2] [168 2 2] [169 2 2] [170 2 2] [171 2 2] [172 2 2] [173 2 2] [174 2 2] [175 2 2] [176 2 2] [177 2 2] [178 2 2] [179 2 2] [180 2 2] [181 2 2] [182 2 2] [183 2 2] [184 2 2] [185 3 2] [186 3 2] [187 3 2] [188 3 2] [189 3 2] [190 3 2] [191 3 2] [192 3 2] [193 3 2] [194 3 2] [195 3 2] [196 3 2] [197 3 2] [198 3 2] [199 3 2] [200 3 2] [201 3 2] [202 3 2] [203 3 2] [204 3 2] [205 3 2] [206 4 2] [207 4 2] [208 4 2] [209 4 2] [210 4 2] [211 4 2] [212 4 2] [213 4 2] [214 4 2] [215 4 2] [216 4 2] [217 4 2] [218 4 2] [219 4 2] [220 4 2] [221 4 2] [222 4 2] [223 4 2] [224 4 2] [225 4 2] [226 4 2] [227 4 2] [228 1 3] [229 1 3] [230 1 3] [231 1 3] [232 1 3] [233 1 3] [234 1 3] [235 1 3] [236 1 3] [237 1 3] [238 1 3] [239 1 3] [240 1 3] [241 1 3] [242 1 3] [243 1 3] [244 1 3] [245 1 3] [246 1 3] [247 1 3] [248 1 3] [249 1 3] [250 1 3] [251 2 3] [252 2 3] [253 2 3] [254 2 3] [255 2 3] [256 2 3] [257 2 3] [258 2 3] [259 2 3] [260 2 3] [261 2 3] [262 2 3] [263 2 3] [264 2 3] [265 2 3] [266 2 3] [267 2 3] [268 2 3] [269 2 3] [270 2 3] [271 2 3] [272 2 3] [273 2 3] [274 3 3] [275 3 3] [276 3 3] [277 3 3] [278 3 3] [279 3 3] [280 3 3] [281 3 3] [282 3 3] [283 3 3] [284 3 3] [285 3 3] [286 3 3] [287 3 3] [288 3 3] [289 3 3] [290 3 3] [291 3 3] [292 3 3] [293 3 3] [294 3 3] [295 3 3] [296 3 3]],[[56 70 74 77 97 100 143 146 210 255 213 173 173 173 173 173 285 285 285 285 285 285 14 23 21 19 17 15 14 23 21 19 17 15 37 46 44 42 40 38 175 184 182 180 178 176 175 184 182 180 178 176 264 273 271 269 267 265 53 53 53 53 53 53 69 69 69 69 69 69 60 60 60 60 60 60 58 58 58 58 58 58 56 56 56 56 56 56 54 54 54 54 54 54 60 60 60 60 60 60 69 69 69 69 69 69 67 67 67 67 67 67 65 65 65 65 65 65 63 63 63 63 63 63 61 61 61 61 61 61] [903 2036 1972 1972 1427 1427 3393 3393 4461 6962 4450 4447 4450 4452 4454 4448 5908 5911 5915 5917 5913 5909 1347 1347 1347 1347 1347 1347 1356 1356 1356 1356 1356 1356 1537 1537 1537 1537 1537 1537 3837 3837 3837 3837 3837 3837 3846 3846 3846 3846 3846 3846 6946 6946 6946 6946 6946 6946 1810 1812 1808 1803 1802 1804 1810 1812 1808 1803 1802 1804 1810 1812 1808 1803 1802 1804 1810 1812 1808 1803 1802 1804 1810 1812 1808 1803 1802 1804 1810 1812 1808 1803 1802 1804 1810 1812 1808 1803 1802 1804 1810 1812 1808 1803 1802 1804 1810 1812 1808 1803 1802 1804 1810 1812 1808 1803 1802 1804 1810 1812 1808 1803 1802 1804 1810 1812 1808 1803 1802 1804] [59 136 132 132 95 95 10059 10059 10132 20132 10131 10131 10131 10131 10131 10131 20060 20060 20060 20060 20060 20060 90 90 90 90 90 90 90 90 90 90 90 90 103 103 103 103 103 103 10090 10090 10090 10090 10090 10090 10090 10090 10090 10090 10090 10090 20131 20131 20131 20131 20131 20131 121 121 121 121 121 121 121 121 121 121 121 121 121 121 121 121 121 121 121 121 121 121 121 121 121 121 121 121 121 121 121 121 121 121 121 121 121 121 121 121 121 121 121 121 121 121 121 121 121 121 121 121 121 121 121 121 121 121 121 121 121 121 121 121 121 121 121 121 121 121 121 121] [3 1 3 3 3 3 3 3 3 3 2 10 10 10 10 10 10 10 10 10 10 10 10 10 10 10 10 10 10 10 10 10 10 10 10 10 10 10 10 10 10 10 10 10 10 10 10 10 10 10 10 10 10 10 10 10 10 10 10 10 10 10 10 10 10 10 10 10 10 10 10 10 10 10 10 10 10 10 10 10 10 10 10 10 10 10 10 10 10 10 10 10 10 10 10 10 10 10 10 10 10 10 10 10 10 10 10 10 10 10 10 10 10 10 10 10 10 10 10 10 10 10 10 10 10 10 10 10 10 10] [0.7 0.6 2.3 7.1 4.3 6.1 0.8 5.3 2.1 5.3 1.9 0.7 0.7 0.7 0.7 0.7 0.5 0.5 0.5 0.5 0.5 0.5 0.5 0.5 0.5 0.5 0.5 0.5 0.6 0.6 0.6 0.6 0.6 0.6 0.5 0.5 0.5 0.5 0.5 0.5 0.5 0.5 0.5 0.5 0.5 0.5 0.8 0.8 0.8 0.8 0.8 0.8 0.8 0.8 0.8 0.8 0.8 0.8 -0 -0 -0 -0 -0 -0 -0 -0 -0 -0 -0 -0 -0 -0 -0 -0 -0 -0 -0 -0 -0 -0 -0 -0 -0 -0 -0 -0 -0 -0 -0 -0 -0 -0 -0 -0 -0 -0 -0 -0 -0 -0 -0 -0 -0 -0 -0 -0 -0 -0 -0 -0 -0 -0 -0 -0 -0 -0 -0 -0 -0 -0 -0 -0 -0 -0 -0 -0 -0 -0 -0 -0]]
CypD-x0947-pandda-model,[[1 1 1] [2 1 1] [3 1 1] [4 1 1] [5 1 1] [6 1 1] [7 1 1] [8 1 1] [9 1 1] [10 1 1] [11 1 1] [12 1 1] [13 1 1] [14 1 1] [15 1 1] [16 1 1] [17 1 1] [18 1 1] [19 1 1] [20 1 1] [21 1 1] [22 1 2] [23 1 2] [24 1 2] [25 1 2] [26 1 2] [27 1 2] [28 1 2] [29 1 2] [30 1 2] [31 1 2] [32 1 2] [33 1 2] [34 1 2] [35 1 2] [36 1 2] [37 1 2] [38 1 2] [39 1 2] [40 1 2]],[[2 23 11 31 31 31] [1073 6063 823 5813 5960 6074] [71 20071 54 20054 20063 20072] [3 3 2 2 2 4] [7 5.7 2.9 2.4 0.5 0.6]]
CypD-x0950-pandda-model,[[1 1 1] [2 1 1] [3 1 1] [4 1 1] [5 1 1] [6 1 1] [7 1 1] [8 1 1] [9 1 1] [10 1 1] [11 1 1] [12 1 1] [13 1 1] [14 1 1] [15 1 1] [16 1 1] [17 2 1] [18 2 1] [19 2 1] [20 2 1] [21 2 1] [22 2 1] [23 2 1] [24 2 1] [25 2 1] [26 2 1] [27 2 1] [28 2 1] [29 2 1] [30 2 1] [31 2 1] [32 2 1] [33 1 2] [34 1 2] [35 1 2] [36 1 2] [37 1 2] [38 1 2] [39 1 2] [40 1 2] [41 1 2] [42 1 2] [43 1 2] [44 1 2] [45 1 2] [46 1 2] [47 1 2] [48 1 2] [49 2 2] [50 2 2] [51 2 2] [52 2 2] [53 2 2] [54 2 2] [55 2 2] [56 2 2] [57 2 2] [58 2 2] [59 2 2] [60 2 2] [61 2 2] [62 2 2] [63 2 2] [64 2 2] [65 1 3] [66 1 3] [67 1 3] [68 1 3] [69 1 3] [70 1 3] [71 1 3] [72 1 3] [73 1 3] [74 1 3] [75 1 3] [76 1 3] [77 1 3] [78 1 3] [79 1 3] [80 1 3]],[[6 18 22 38 2 4 34 34 36 50 50] [1088 2036 2161 3578 1516 970 4006 4377 3460 3313 3574] [72 136 143 10072 102 63 10102 10126 10063 10054 10072] [3 1 1 3 4 2 4 2 2 2 4] [5.6 0.6 7.5 5.1 2.5 1.1 3.2 0.5 1.5 4.8 0.5]]
CypD-x0953-pandda-model,[[1 1 1] [2 1 1] [3 1 1] [4 1 1] [5 1 1] [6 1 1] [7 1 1] [8 1 1] [9 1 1] [10 1 1] [11 1 1] [12 1 1] [13 1 1] [14 1 1] [15 1 1] [16 1 1] [17 1 1] [18 1 1] [19 1 1] [20 1 1] [21 1 1] [22 1 1] [23 1 1] [24 1 1] [25 1 1] [26 1 1] [27 1 1] [28 1 1] [29 1 1] [30 1 1] [31 1 1] [32 2 1] [33 2 1] [34 2 1] [35 2 1] [36 2 1] [37 2 1] [38 2 1] [39 2 1] [40 2 1] [41 2 1] [42 2 1] [43 2 1] [44 2 1] [45 2 1] [46 2 1] [47 2 1] [48 2 1] [49 2 1] [50 2 1] [51 2 1] [52 2 1] [53 2 1] [54 2 1] [55 2 1] [56 2 1] [57 2 1] [58 2 1] [59 2 1] [60 2 1] [61 2 1] [62 2 1] [63 3 1] [64 3 1] [65 3 1] [66 3 1] [67 3 1] [68 3 1] [69 3 1] [70 3 1] [71 3 1] [72 3 1] [73 3 1] [74 3 1] [75 3 1] [76 3 1] [77 3 1] [78 3 1] [79 3 1] [80 3 1] [81 3 1] [82 3 1] [83 3 1] [84 3 1] [85 3 1] [86 3 1] [87 3 1] [88 3 1] [89 3 1] [90 3 1] [91 3 1] [92 3 1] [93 3 1]],[[71 80 89 87 85 83 81] [3388 4727 4727 4727 4727 4727 4727] [20058 20148 20148 20148 20148 20148 20148] [3 10 10 10 10 10 10] [1.7 0.5 0.5 0.5 0.5 0.5 0.5]]
CypD-x0954-pandda-model,[[1 1 1] [2 1 1] [3 1 1] [4 1 1] [5 1 1] [6 1 1] [7 1 1] [8 1 1] [9 1 1] [10 1 1] [11 1 1] [12 1 1] [13 1 1] [14 1 1] [15 1 1] [16 1 1] [17 1 1] [18 1 1] [19 1 1] [20 1 1] [21 1 1] [22 1 1] [23 1 1] [24 1 1] [25 1 1] [26 1 1] [27 2 1] [28 2 1] [29 2 1] [30 2 1] [31 2 1] [32 2 1] [33 2 1] [34 2 1] [35 2 1] [36 2 1] [37 2 1] [38 2 1] [39 2 1] [40 2 1] [41 2 1] [42 2 1] [43 2 1] [44 2 1] [45 2 1] [46 2 1] [47 2 1] [48 2 1] [49 2 1] [50 2 1] [51 2 1] [52 2 1] [53 1 2] [54 1 2] [55 1 2] [56 1 2] [57 1 2] [58 1 2] [59 1 2] [60 1 2] [61 1 2] [62 1 2] [63 1 2] [64 1 2] [65 1 2] [66 1 2] [67 1 2] [68 1 2] [69 1 2] [70 1 2] [71 1 2] [72 1 2] [73 1 2] [74 1 2] [75 1 2] [76 1 2] [77 1 2] [78 1 2] [79 2 2] [80 2 2] [81 2 2] [82 2 2] [83 2 2] [84 2 2] [85 2 2] [86 2 2] [87 2 2] [88 2 2] [89 2 2] [90 2 2] [91 2 2] [92 2 2] [93 2 2] [94 2 2] [95 2 2] [96 2 2] [97 2 2] [98 2 2] [99 2 2] [100 2 2] [101 2 2] [102 2 2] [103 2 2] [104 2 2]],[[2 80 7 7 30 56 82] [1365 2727 1343 1360 2124 4016 4624] [10091 20016 10090 10091 10141 20102 20141] [3 3 4 4 2 4 2] [5.3 5.2 0.5 1.5 14.9 2.6 15.4]]
CypD-x0962-pandda-model,[[1 1 1] [2 1 1] [3 1 1] [4 1 1] [5 1 1] [6 1 1] [7 1 1] [8 1 1] [9 1 1] [10 1 1] [11 1 1] [12 1 1] [13 1 1] [14 1 1] [15 1 1] [16 1 1] [17 1 1] [18 1 1] [19 1 1] [20 1 1] [21 1 1] [22 2 1] [23 2 1] [24 2 1] [25 2 1] [26 2 1] [27 2 1] [28 2 1] [29 2 1] [30 2 1] [31 2 1] [32 2 1] [33 2 1] [34 2 1] [35 2 1] [36 2 1] [37 2 1] [38 2 1] [39 2 1] [40 2 1] [41 2 1] [42 2 1] [43 1 2] [44 1 2] [45 1 2] [46 1 2] [47 1 2] [48 1 2] [49 1 2] [50 1 2] [51 1 2] [52 1 2] [53 1 2] [54 1 2] [55 1 2] [56 1 2] [57 1 2] [58 1 2] [59 1 2] [60 1 2] [61 1 2] [62 1 2] [63 1 2] [64 1 3] [65 1 3] [66 1 3] [67 1 3] [68 1 3] [69 1 3] [70 1 3] [71 1 3] [72 1 3] [73 1 3] [74 1 3] [75 1 3] [76 1 3] [77 1 3] [78 1 3] [79 1 3] [80 1 3] [81 1 3] [82 1 3] [83 1 3] [84 1 3] [85 2 3] [86 2 3] [87 2 3] [88 2 3] [89 2 3] [90 2 3] [91 2 3] [92 2 3] [93 2 3] [94 2 3] [95 2 3] [96 2 3] [97 2 3] [98 2 3] [99 2 3] [100 2 3] [101 2 3] [102 2 3] [103 2 3] [104 2 3] [105 2 3]],[[23 7 49 70 10 20 18 16 14 73 83 81 79 77 73 83 81 79 77] [615 1360 3849 6349 1356 1356 1356 1356 1356 6336 6336 6336 6336 6336 6341 6341 6341 6341 6341] [40 91 10091 20091 90 90 90 90 90 20090 20090 20090 20090 20090 20090 20090 20090 20090 20090] [3 4 4 4 10 10 10 10 10 10 10 10 10 10 10 10 10 10 10] [1 1.3 4 1 0.9 0.9 0.9 0.9 0.9 0.7 0.7 0.7 0.7 0.7 0.6 0.6 0.6 0.6 0.6]]
CypD-x0964-pandda-model,[[1 1 1] [2 1 1] [3 1 1] [4 1 1] [5 1 1] [6 1 1] [7 1 1] [8 1 1] [9 1 1] [10 1 1] [11 1 1] [12 1 1] [13 1 1] [14 1 1] [15 1 1] [16 1 1] [17 1 1] [18 1 1] [19 1 1] [20 1 2] [21 1 2] [22 1 2] [23 1 2] [24 1 2] [25 1 2] [26 1 2] [27 1 2] [28 1 2] [29 1 2] [30 1 2] [31 1 2] [32 1 2] [33 1 2] [34 1 2] [35 1 2] [36 1 2] [37 1 2] [38 1 2] [39 2 2] [40 2 2] [41 2 2] [42 2 2] [43 2 2] [44 2 2] [45 2 2] [46 2 2] [47 2 2] [48 2 2] [49 2 2] [50 2 2] [51 2 2] [52 2 2] [53 2 2] [54 2 2] [55 2 2] [56 2 2] [57 2 2] [58 3 2] [59 3 2] [60 3 2] [61 3 2] [62 3 2] [63 3 2] [64 3 2] [65 3 2] [66 3 2] [67 3 2] [68 3 2] [69 3 2] [70 3 2] [71 3 2] [72 3 2] [73 3 2] [74 3 2] [75 3 2] [76 3 2] [77 4 2] [78 4 2] [79 4 2] [80 4 2] [81 4 2] [82 4 2] [83 4 2] [84 4 2] [85 4 2] [86 4 2] [87 4 2] [88 4 2] [89 4 2] [90 4 2] [91 4 2] [92 4 2] [93 4 2] [94 4 2] [95 4 2] [96 5 2] [97 5 2] [98 5 2] [99 5 2] [100 5 2] [101 5 2] [102 5 2] [103 5 2] [104 5 2] [105 5 2] [106 5 2] [107 5 2] [108 5 2] [109 5 2] [110 5 2] [111 5 2] [112 5 2] [113 5 2] [114 5 2]],[[2 21 40 59 78 94 97 5 17 8 18 11 43 55 46 56 49 39 53 51 50 47 44 62 62 62 62 62 62 74 74 74 74 74 74 65 65 65 65 65 65 75 75 75 75 75 75 68 68 68 68 68 68 62 62 62 62 62 74 74 74 74 74 65 65 65 65 65 75 75 75 75 75 68 68 68 68 68] [4069 2898 6354 903 5674 7419 3174 4025 4025 4025 4025 4025 5373 5373 5373 5373 5373 6345 6345 6345 6345 6345 6345 1811 1809 1803 1801 1802 1807 1811 1809 1803 1801 1802 1807 1811 1809 1803 1801 1802 1807 1811 1809 1803 1801 1802 1807 1811 1809 1803 1801 1802 1807 1798 1801 1802 1805 1799 1798 1801 1802 1805 1799 1798 1801 1802 1805 1799 1798 1801 1802 1805 1799 1798 1801 1802 1805 1799] [10107 10027 20091 59 20045 20161 10045 10103 10103 10103 10103 10103 20025 20025 20025 20025 20025 20090 20090 20090 20090 20090 20090 121 121 121 121 121 121 121 121 121 121 121 121 121 121 121 121 121 121 121 121 121 121 121 121 121 121 121 121 121 121 121 121 121 121 121 121 121 121 121 121 121 121 121 121 121 121 121 121 121 121 121 121 121 121 121] [3 3 3 3 3 3 3 10 10 10 10 10 10 10 10 10 10 10 10 10 10 10 10 10 10 10 10 10 10 10 10 10 10 10 10 10 10 10 10 10 10 10 10 10 10 10 10 10 10 10 10 10 10 10 10 10 10 10 10 10 10 10 10 10 10 10 10 10 10 10 10 10 10 10 10 10 10 10] [3 3.4 2.7 2.7 1.1 0.5 0.9 1.1 1.1 1.1 1.1 1.1 0.9 0.9 0.9 0.9 0.9 0.6 0.6 0.6 0.6 0.6 0.6 -0 -0 -0 -0 -0 -0 -0 -0 -0 -0 -0 -0 -0 -0 -0 -0 -0 -0 -0 -0 -0 -0 -0 -0 -0 -0 -0 -0 -0 -0 -0 -0 -0 -0 -0 -0 -0 -0 -0 -0 -0 -0 -0 -0 -0 -0 -0 -0 -0 -0 -0 -0 -0 -0 -0]]
CypD-x0973-pandda-model,[[1 1 1] [2 1 1] [3 1 1] [4 1 1] [5 1 1] [6 1 1] [7 1 1] [8 1 1] [9 1 1] [10 1 1] [11 1 1] [12 1 1] [13 1 1] [14 1 1] [15 1 1] [16 1 1] [17 1 1] [18 1 1] [19 1 1] [20 1 1] [21 1 1] [22 1 1] [23 1 1] [24 1 1]],[[5 1 1 1 1 1] [1360 1959 1962 1963 1965 1960] [10091 10131 10131 10131 10131 10131] [4 10 10 10 10 10] [1.3 0.6 0.6 0.6 0.6 0.6]]
CypD-x0974-pandda-model,[[1 1 1] [2 1 1] [3 1 1] [4 1 1] [5 1 1] [6 1 1] [7 1 1] [8 1 1] [9 1 1] [10 1 1] [11 1 1] [12 1 1] [13 1 1] [14 1 1] [15 1 1] [16 1 1] [17 1 1] [18 1 1] [19 1 1] [20 1 1] [21 1 1] [22 1 1] [23 1 1] [24 1 1] [25 1 1] [26 1 1] [27 1 1] [28 1 1] [29 1 1] [30 2 1] [31 2 1] [32 2 1] [33 2 1] [34 2 1] [35 2 1] [36 2 1] [37 2 1] [38 2 1] [39 2 1] [40 2 1] [41 2 1] [42 2 1] [43 2 1] [44 2 1] [45 2 1] [46 2 1] [47 2 1] [48 2 1] [49 2 1] [50 2 1] [51 2 1] [52 2 1] [53 2 1] [54 2 1] [55 2 1] [56 2 1] [57 2 1] [58 2 1] [59 3 1] [60 3 1] [61 3 1] [62 3 1] [63 3 1] [64 3 1] [65 3 1] [66 3 1] [67 3 1] [68 3 1] [69 3 1] [70 3 1] [71 3 1] [72 3 1] [73 3 1] [74 3 1] [75 3 1] [76 3 1] [77 3 1] [78 3 1] [79 3 1] [80 3 1] [81 3 1] [82 3 1] [83 3 1] [84 3 1] [85 3 1] [86 3 1] [87 3 1] [88 4 1] [89 4 1] [90 4 1] [91 4 1] [92 4 1] [93 4 1] [94 4 1] [95 4 1] [96 4 1] [97 4 1] [98 4 1] [99 4 1] [100 4 1] [101 4 1] [102 4 1] [103 4 1] [104 4 1] [105 4 1] [106 4 1] [107 4 1] [108 4 1] [109 4 1] [110 4 1] [111 4 1] [112 4 1] [113 4 1] [114 4 1] [115 4 1] [116 4 1] [117 1 2] [118 1 2] [119 1 2] [120 1 2] [121 1 2] [122 1 2] [123 1 2] [124 1 2] [125 1 2] [126 1 2] [127 1 2] [128 1 2] [129 1 2] [130 1 2] [131 1 2] [132 1 2] [133 1 2] [134 1 2] [135 1 2] [136 1 2] [137 1 2] [138 1 2] [139 1 2] [140 1 2] [141 1 2] [142 1 2] [143 1 2] [144 1 2] [145 1 2] [146 1 3] [147 1 3] [148 1 3] [149 1 3] [150 1 3] [151 1 3] [152 1 3] [153 1 3] [154 1 3] [155 1 3] [156 1 3] [157 1 3] [158 1 3] [159 1 3] [160 1 3] [161 1 3] [162 1 3] [163 1 3] [164 1 3] [165 1 3] [166 1 3] [167 1 3] [168 1 3] [169 1 3] [170 1 3] [171 1 3] [172 1 3] [173 1 3] [174 1 3] [175 2 3] [176 2 3] [177 2 3] [178 2 3] [179 2 3] [180 2 3] [181 2 3] [182 2 3] [183 2 3] [184 2 3] [185 2 3] [186 2 3] [187 2 3] [188 2 3] [189 2 3] [190 2 3] [191 2 3] [192 2 3] [193 2 3] [194 2 3] [195 2 3] [196 2 3] [197 2 3] [198 2 3] [199 2 3] [200 2 3] [201 2 3] [202 2 3] [203 2 3] [204 3 3] [205 3 3] [206 3 3] [207 3 3] [208 3 3] [209 3 3] [210 3 3] [211 3 3] [212 3 3] [213 3 3] [214 3 3] [215 3 3] [216 3 3] [217 3 3] [218 3 3] [219 3 3] [220 3 3] [221 3 3] [222 3 3] [223 3 3] [224 3 3] [225 3 3] [226 3 3] [227 3 3] [228 3 3] [229 3 3] [230 3 3] [231 3 3] [232 3 3] [233 4 3] [234 4 3] [235 4 3] [236 4 3] [237 4 3] [238 4 3] [239 4 3] [240 4 3] [241 4 3] [242 4 3] [243 4 3] [244 4 3] [245 4 3] [246 4 3] [247 4 3] [248 4 3] [249 4 3] [250 4 3] [251 4 3] [252 4 3] [253 4 3] [254 4 3] [255 4 3] [256 4 3] [257 4 3] [258 4 3] [259 4 3] [260 4 3] [261 4 3]],[[6 35 64 93 151 180 37 37 37 37 37 66 66 66 66 66 66 200 200 200 200 200 200 77 86 84 82 80 78 19 28 26 24 22 20 19 28 26 24 22 20 222 231 229 227 225 223 251 260 258 256 254 252] [387 1516 480 752 5960 7217 1887 1889 1883 1882 1885 1178 1181 1185 1187 1183 1179 4293 4299 4301 4297 4292 4291 1263 1263 1263 1263 1263 1263 1356 1356 1356 1356 1356 1356 1955 1955 1955 1955 1955 1955 5730 5730 5730 5730 5730 5730 7106 7106 7106 7106 7106 7106] [25 102 31 49 20063 20148 126 126 126 126 126 79 79 79 79 79 79 10121 10121 10121 10121 10121 10121 84 84 84 84 84 84 90 90 90 90 90 90 131 131 131 131 131 131 20049 20049 20049 20049 20049 20049 20141 20141 20141 20141 20141 20141] [2 4 2 2 2 2 10 10 10 10 10 10 10 10 10 10 10 10 10 10 10 10 10 10 10 10 10 10 10 10 10 10 10 10 10 10 10 10 10 10 10 10 10 10 10 10 10 10 10 10 10 10 10] [1 5.2 10.8 7.1 4.4 0.5 0.6 0.6 0.6 0.6 0.6 0.6 0.6 0.6 0.6 0.6 0.6 0.7 0.7 0.7 0.7 0.7 0.7 0.6 0.6 0.6 0.6 0.6 0.6 0.5 0.5 0.5 0.5 0.5 0.5 0.7 0.7 0.7 0.7 0.7 0.7 0.5 0.5 0.5 0.5 0.5 0.5 0.5 0.5 0.5 0.5 0.5 0.5]]
CypD-x0975-pandda-model,[[1 1 1] [2 1 1] [3 1 1] [4 1 1] [5 1 1] [6 1 1] [7 1 1] [8 1 1] [9 1 1] [10 1 1] [11 1 1] [12 1 1] [13 1 1] [14 1 1] [15 1 1] [16 2 1] [17 2 1] [18 2 1] [19 2 1] [20 2 1] [21 2 1] [22 2 1] [23 2 1] [24 2 1] [25 2 1] [26 2 1] [27 2 1] [28 2 1] [29 2 1] [30 2 1] [31 1 2] [32 1 2] [33 1 2] [34 1 2] [35 1 2] [36 1 2] [37 1 2] [38 1 2] [39 1 2] [40 1 2] [41 1 2] [42 1 2] [43 1 2] [44 1 2] [45 1 2]],[[2 32 1 14 11 9 7 4] [1365 3855 1347 1347 1347 1347 1347 1347] [91 10091 90 90 90 90 90 90] [3 3 10 10 10 10 10 10] [4.3 4.8 0.8 0.8 0.8 0.8 0.8 0.8]]
CypD-x0976-pandda-model,[[1 1 1] [2 1 1] [3 1 1] [4 1 1] [5 1 1] [6 1 1] [7 1 1] [8 1 1] [9 1 1] [10 1 1] [11 1 1] [12 1 1] [13 1 1] [14 1 1] [15 1 1] [16 1 1] [17 1 1] [18 1 1] [19 1 1] [20 1 1] [21 2 1] [22 2 1] [23 2 1] [24 2 1] [25 2 1] [26 2 1] [27 2 1] [28 2 1] [29 2 1] [30 2 1] [31 2 1] [32 2 1] [33 2 1] [34 2 1] [35 2 1] [36 2 1] [37 2 1] [38 2 1] [39 2 1] [40 2 1] [41 2 1] [42 3 1] [43 3 1] [44 3 1] [45 3 1] [46 3 1] [47 3 1] [48 3 1] [49 3 1] [50 3 1] [51 3 1] [52 3 1] [53 3 1] [54 3 1] [55 3 1] [56 3 1] [57 3 1] [58 3 1] [59 3 1] [60 3 1] [61 3 1] [62 1 2] [63 1 2] [64 1 2] [65 1 2] [66 1 2] [67 1 2] [68 1 2] [69 1 2] [70 1 2] [71 1 2] [72 1 2] [73 1 2] [74 1 2] [75 1 2] [76 1 2] [77 1 2] [78 1 2] [79 1 2] [80 1 2] [81 1 2] [82 2 2] [83 2 2] [84 2 2] [85 2 2] [86 2 2] [87 2 2] [88 2 2] [89 2 2] [90 2 2] [91 2 2] [92 2 2] [93 2 2] [94 2 2] [95 2 2] [96 2 2] [97 2 2] [98 2 2] [99 2 2] [100 2 2] [101 2 2] [102 2 2] [103 1 3] [104 1 3] [105 1 3] [106 1 3] [107 1 3] [108 1 3] [109 1 3] [110 1 3] [111 1 3] [112 1 3] [113 1 3] [114 1 3] [115 1 3] [116 1 3] [117 1 3] [118 1 3] [119 1 3] [120 1 3] [121 1 3] [122 1 3]],[[21 29 85 85 90 90 24 85 85 31 41 39 37 35 33 9 20 18 16 14 12 7 10 20 9 8 92 102 100 98 96 94 112 122 120 118 116 114 112 122 120 118 116 114 112 122 120 118 116 114 109 113 122 112 110] [2423 615 4913 4920 3105 4920 2423 4913 4914 734 734 734 734 734 734 1356 1356 1356 1356 1356 1356 1356 1356 1356 1356 1356 3224 3224 3224 3224 3224 3224 6338 6338 6338 6338 6338 6338 6343 6343 6343 6343 6343 6343 6347 6347 6347 6347 6347 6347 6347 6347 6347 6347 6347] [160 40 10160 10161 10040 10161 160 10160 10160 49 49 49 49 49 49 90 90 90 90 90 90 90 90 90 90 90 10049 10049 10049 10049 10049 10049 20090 20090 20090 20090 20090 20090 20090 20090 20090 20090 20090 20090 20090 20090 20090 20090 20090 20090 20090 20090 20090 20090 20090] [1 3 1 3 3 3 7 7 7 10 10 10 10 10 10 10 10 10 10 10 10 10 10 10 10 10 10 10 10 10 10 10 10 10 10 10 10 10 10 10 10 10 10 10 10 10 10 10 10 10 10 10 10 10 10] [2.2 5 16.2 7.7 3.7 0.6 0.8908145437 6.721866955 4.857045502 0.5 0.5 0.5 0.5 0.5 0.5 0.6 0.6 0.6 0.6 0.6 0.6 1.2 1.2 1.2 1.2 1.2 0.8 0.8 0.8 0.8 0.8 0.8 0.5 0.5 0.5 0.5 0.5 0.5 0.7 0.7 0.7 0.7 0.7 0.7 0.5 0.5 0.5 0.5 0.5 0.5 1.4 1.4 1.4 1.4 1.4]]
CypD-x0978-pandda-model,[[1 1 1] [2 1 1] [3 1 1] [4 1 1] [5 1 1] [6 1 1] [7 1 1] [8 1 1] [9 1 1] [10 1 1] [11 1 1] [12 1 1] [13 1 1] [14 1 1] [15 1 1] [16 1 1] [17 1 1] [18 1 1] [19 1 1] [20 1 1] [21 2 1] [22 2 1] [23 2 1] [24 2 1] [25 2 1] [26 2 1] [27 2 1] [28 2 1] [29 2 1] [30 2 1] [31 2 1] [32 2 1] [33 2 1] [34 2 1] [35 2 1] [36 2 1] [37 2 1] [38 2 1] [39 2 1] [40 2 1]],[[2 22 27 39 11 1 1 1 1 1 16 16 16 16 16 12 12 12 12 12 9 9 9 9 9 7 7 7 7 7 12 12 12 12 12 16 16 16 16 16 13 13 13 13 13 19 19 19 19 19 17 17 17 17 17 14 14 14 14 14] [2851 409 3141 421 2887 4459 4461 4463 4465 4460 4459 4461 4463 4465 4460 4459 4461 4463 4465 4460 4459 4461 4463 4465 4460 4459 4461 4463 4465 4460 4459 4461 4463 4465 4460 4459 4461 4463 4465 4460 4459 4461 4463 4465 4460 4459 4461 4463 4465 4460 4459 4461 4463 4465 4460 4459 4461 4463 4465 4460] [20023 27 20042 28 20025 20131 20131 20131 20131 20131 20131 20131 20131 20131 20131 20131 20131 20131 20131 20131 20131 20131 20131 20131 20131 20131 20131 20131 20131 20131 20131 20131 20131 20131 20131 20131 20131 20131 20131 20131 20131 20131 20131 20131 20131 20131 20131 20131 20131 20131 20131 20131 20131 20131 20131 20131 20131 20131 20131 20131] [1 3 3 3 2 10 10 10 10 10 10 10 10 10 10 10 10 10 10 10 10 10 10 10 10 10 10 10 10 10 10 10 10 10 10 10 10 10 10 10 10 10 10 10 10 10 10 10 10 10 10 10 10 10 10 10 10 10 10 10] [7.2 6.7 0.5 0.7 0.9 -0 -0 -0 -0 -0 -0 -0 -0 -0 -0 -0 -0 -0 -0 -0 -0 -0 -0 -0 -0 -0 -0 -0 -0 -0 -0 -0 -0 -0 -0 -0 -0 -0 -0 -0 -0 -0 -0 -0 -0 -0 -0 -0 -0 -0 -0 -0 -0 -0 -0 -0 -0 -0 -0 -0]]
CypD-x0980-pandda-model,[[1 1 1] [2 1 1] [3 1 1] [4 1 1] [5 1 1] [6 1 1] [7 1 1] [8 1 1] [9 1 1] [10 1 1] [11 1 1] [12 1 1] [13 1 1] [14 1 1] [15 1 1] [16 1 1] [17 1 1] [18 1 1] [19 1 1] [20 1 1] [21 1 1] [22 1 1] [23 1 1] [24 1 1] [25 1 2] [26 1 2] [27 1 2] [28 1 2] [29 1 2] [30 1 2] [31 1 2] [32 1 2] [33 1 2] [34 1 2] [35 1 2] [36 1 2] [37 1 2] [38 1 2] [39 1 2] [40 1 2] [41 1 2] [42 1 2] [43 1 2] [44 1 2] [45 1 2] [46 1 2] [47 1 2] [48 1 2]],[[11 30 43 4 28 33] [1581 3464 3432 1226 5832 4008] [107 10063 10061 82 20055 10102] [3 1 1 2 2 4] [4.2 1.7 0.5 5.8 6.6 3.8]]
CypD-x0981-pandda-model,[[1 1 1] [2 1 1] [3 1 1] [4 1 1] [5 1 1] [6 1 1] [7 1 1] [8 1 1] [9 1 1] [10 1 1] [11 1 1] [12 1 1] [13 1 1] [14 1 1] [15 1 1] [16 1 1] [17 1 1] [18 1 1] [19 1 1] [20 1 1] [21 1 1] [22 1 1] [23 1 1] [24 1 1] [25 1 1] [26 1 1]],[[] [] [] [] []]
CypD-x0983-pandda-model,[[1 1 1] [2 1 1] [3 1 1] [4 1 1] [5 1 1] [6 1 1] [7 1 1] [8 1 1] [9 1 1] [10 1 1] [11 1 1] [12 1 1] [13 1 1] [14 1 1] [15 1 1] [16 1 1] [17 1 1] [18 1 1] [19 1 1] [20 1 1] [21 1 1] [22 1 1] [23 1 1] [24 1 1] [25 1 1] [26 1 1] [27 1 1] [28 1 1] [29 1 1] [30 1 1] [31 1 1] [32 1 2] [33 1 2] [34 1 2] [35 1 2] [36 1 2] [37 1 2] [38 1 2] [39 1 2] [40 1 2] [41 1 2] [42 1 2] [43 1 2] [44 1 2] [45 1 2] [46 1 2] [47 1 2] [48 1 2] [49 1 2] [50 1 2] [51 1 2] [52 1 2] [53 1 2] [54 1 2] [55 1 2] [56 1 2] [57 1 2] [58 1 2] [59 1 2] [60 1 2] [61 1 2]],[[3 34] [1360 3849] [91 10091] [4 4] [6.1 3.3]]
CypD-x0984-pandda-model,[[1 1 1] [2 1 1] [3 1 1] [4 1 1] [5 1 1] [6 1 1] [7 1 1] [8 1 1] [9 1 1] [10 1 1] [11 1 1] [12 1 1] [13 1 1] [14 1 1] [15 1 1] [16 1 1] [17 1 1] [18 1 1] [19 1 1] [20 1 1] [21 1 1] [22 1 1] [23 1 1] [24 2 1] [25 2 1] [26 2 1] [27 2 1] [28 2 1] [29 2 1] [30 2 1] [31 2 1] [32 2 1] [33 2 1] [34 2 1] [35 2 1] [36 2 1] [37 2 1] [38 2 1] [39 2 1] [40 2 1] [41 2 1] [42 2 1] [43 2 1] [44 2 1] [45 2 1] [46 2 1] [47 1 2] [48 1 2] [49 1 2] [50 1 2] [51 1 2] [52 1 2] [53 1 2] [54 1 2] [55 1 2] [56 1 2] [57 1 2] [58 1 2] [59 1 2] [60 1 2] [61 1 2] [62 1 2] [63 1 2] [64 1 2] [65 1 2] [66 1 2] [67 1 2] [68 1 2] [69 1 2] [70 2 2] [71 2 2] [72 2 2] [73 2 2] [74 2 2] [75 2 2] [76 2 2] [77 2 2] [78 2 2] [79 2 2] [80 2 2] [81 2 2] [82 2 2] [83 2 2] [84 2 2] [85 2 2] [86 2 2] [87 2 2] [88 2 2] [89 2 2] [90 2 2] [91 2 2] [92 2 2] [93 3 2] [94 3 2] [95 3 2] [96 3 2] [97 3 2] [98 3 2] [99 3 2] [100 3 2] [101 3 2] [102 3 2] [103 3 2] [104 3 2] [105 3 2] [106 3 2] [107 3 2] [108 3 2] [109 3 2] [110 3 2] [111 3 2] [112 3 2] [113 3 2] [114 3 2] [115 3 2]],[[29 98] [2227 4716] [148 10148] [2 2] [1.1 0.5]]
CypD-x0985-pandda-model,[[1 1 1] [2 1 1] [3 1 1] [4 1 1] [5 1 1] [6 1 1] [7 1 1] [8 1 1] [9 1 1] [10 1 1] [11 1 1] [12 1 1] [13 1 1] [14 1 1] [15 1 1] [16 1 1] [17 1 1] [18 1 1] [19 1 1] [20 1 1] [21 1 1] [22 1 1] [23 1 1] [24 1 1] [25 2 1] [26 2 1] [27 2 1] [28 2 1] [29 2 1] [30 2 1] [31 2 1] [32 2 1] [33 2 1] [34 2 1] [35 2 1] [36 2 1] [37 2 1] [38 2 1] [39 2 1] [40 2 1] [41 2 1] [42 2 1] [43 2 1] [44 2 1] [45 2 1] [46 2 1] [47 2 1] [48 2 1] [49 3 1] [50 3 1] [51 3 1] [52 3 1] [53 3 1] [54 3 1] [55 3 1] [56 3 1] [57 3 1] [58 3 1] [59 3 1] [60 3 1] [61 3 1] [62 3 1] [63 3 1] [64 3 1] [65 3 1] [66 3 1] [67 3 1] [68 3 1] [69 3 1] [70 3 1] [71 3 1] [72 3 1] [73 1 2] [74 1 2] [75 1 2] [76 1 2] [77 1 2] [78 1 2] [79 1 2] [80 1 2] [81 1 2] [82 1 2] [83 1 2] [84 1 2] [85 1 2] [86 1 2] [87 1 2] [88 1 2] [89 1 2] [90 1 2] [91 1 2] [92 1 2] [93 1 2] [94 1 2] [95 1 2] [96 2 2] [97 2 2] [98 2 2] [99 2 2] [100 2 2] [101 2 2] [102 2 2] [103 2 2] [104 2 2] [105 2 2] [106 2 2] [107 2 2] [108 2 2] [109 2 2] [110 2 2] [111 2 2] [112 2 2] [113 2 2] [114 2 2] [115 2 2] [116 2 2] [117 2 2] [118 2 2] [119 2 2]],[[29 53 84 77 111 111 111 111 111 15 24 22 20 18 16 111 113 115 117 119 110] [1961 1971 3915 4450 4447 4450 4452 4454 4448 1356 1356 1356 1356 1356 1356 3845 3845 3845 3845 3845 3845] [131 132 10095 10131 10131 10131 10131 10131 10131 90 90 90 90 90 90 10090 10090 10090 10090 10090 10090] [1 3 3 2 10 10 10 10 10 10 10 10 10 10 10 10 10 10 10 10 10] [8.8 6.4 4.7 9.3 0.5 0.5 0.5 0.5 0.5 0.5 0.5 0.5 0.5 0.5 0.5 0.5 0.5 0.5 0.5 0.5 0.5]]
CypD-x0987-pandda-model,[[1 1 1] [2 1 1] [3 1 1] [4 1 1] [5 1 1] [6 1 1] [7 1 1] [8 1 1] [9 1 1] [10 1 1] [11 1 1] [12 1 1] [13 1 1] [14 1 1] [15 1 1] [16 1 1] [17 1 1] [18 1 1] [19 1 1] [20 1 1] [21 1 1] [22 1 1] [23 2 1] [24 2 1] [25 2 1] [26 2 1] [27 2 1] [28 2 1] [29 2 1] [30 2 1] [31 2 1] [32 2 1] [33 2 1] [34 2 1] [35 2 1] [36 2 1] [37 2 1] [38 2 1] [39 2 1] [40 2 1] [41 2 1] [42 2 1] [43 2 1] [44 2 1] [45 2 1] [46 1 2] [47 1 2] [48 1 2] [49 1 2] [50 1 2] [51 1 2] [52 1 2] [53 1 2] [54 1 2] [55 1 2] [56 1 2] [57 1 2] [58 1 2] [59 1 2] [60 1 2] [61 1 2] [62 1 2] [63 1 2] [64 1 2] [65 1 2] [66 1 2] [67 1 2] [68 1 3] [69 1 3] [70 1 3] [71 1 3] [72 1 3] [73 1 3] [74 1 3] [75 1 3] [76 1 3] [77 1 3] [78 1 3] [79 1 3] [80 1 3] [81 1 3] [82 1 3] [83 1 3] [84 1 3] [85 1 3] [86 1 3] [87 1 3] [88 1 3] [89 1 3] [90 1 3]],[[26 71 71 26 26 71 71 7 7 7 7 7 10 10 10 10 10 11 11 11 11 11 8 8 8 8 8 9 9 9 9 9 52 52 52 52 52 55 55 55 55 55 56 56 56 56 56 53 53 53 53 53 54 54 54 54 54] [2422 7412 7419 2422 2423 7412 7413 1962 1964 1959 1958 1961 1962 1964 1959 1958 1961 1962 1964 1959 1958 1961 1962 1964 1959 1958 1961 1962 1964 1959 1958 1961 4451 4453 4448 4447 4450 4451 4453 4448 4447 4450 4451 4453 4448 4447 4450 4451 4453 4448 4447 4450 4451 4453 4448 4447 4450] [160 20160 20161 160 160 20160 20160 131 131 131 131 131 131 131 131 131 131 131 131 131 131 131 131 131 131 131 131 131 131 131 131 131 10131 10131 10131 10131 10131 10131 10131 10131 10131 10131 10131 10131 10131 10131 10131 10131 10131 10131 10131 10131 10131 10131 10131 10131 10131] [1 1 3 7 7 7 7 10 10 10 10 10 10 10 10 10 10 10 10 10 10 10 10 10 10 10 10 10 10 10 10 10 10 10 10 10 10 10 10 10 10 10 10 10 10 10 10 10 10 10 10 10 10 10 10 10 10] [16.5 17.7 7.9 6.678060741 1.392716324 6.398656406 0.5804303397 -0 -0 -0 -0 -0 -0 -0 -0 -0 -0 -0 -0 -0 -0 -0 -0 -0 -0 -0 -0 -0 -0 -0 -0 -0 -0 -0 -0 -0 -0 -0 -0 -0 -0 -0 -0 -0 -0 -0 -0 -0 -0 -0 -0 -0 -0 -0 -0 -0 -0]]
CypD-x0990-pandda-model,[[1 1 1] [2 1 1] [3 1 1] [4 1 1] [5 1 1] [6 1 1] [7 1 1] [8 1 1] [9 1 1] [10 1 1] [11 1 1] [12 1 1] [13 1 1] [14 1 1] [15 1 1] [16 1 1] [17 1 1] [18 1 1] [19 1 1] [20 1 1] [21 1 1] [22 1 1] [23 1 1] [24 1 1] [25 1 1] [26 1 1] [27 1 1] [28 1 1] [29 1 1] [30 1 1] [31 1 1] [32 1 1] [33 1 1]],[6 1961 10131 1 13.9]
CypD-x0992-pandda-model,[[1 1 1] [2 1 1] [3 1 1] [4 1 1] [5 1 1] [6 1 1] [7 1 1] [8 1 1] [9 1 1] [10 1 1] [11 1 1] [12 1 1] [13 1 1] [14 1 1] [15 1 1] [16 1 1] [17 1 1] [18 1 1] [19 1 2] [20 1 2] [21 1 2] [22 1 2] [23 1 2] [24 1 2] [25 1 2] [26 1 2] [27 1 2] [28 1 2] [29 1 2] [30 1 2] [31 1 2] [32 1 2] [33 1 2] [34 1 2] [35 1 2] [36 1 2] [37 2 2] [38 2 2] [39 2 2] [40 2 2] [41 2 2] [42 2 2] [43 2 2] [44 2 2] [45 2 2] [46 2 2] [47 2 2] [48 2 2] [49 2 2] [50 2 2] [51 2 2] [52 2 2] [53 2 2] [54 2 2] [55 3 2] [56 3 2] [57 3 2] [58 3 2] [59 3 2] [60 3 2] [61 3 2] [62 3 2] [63 3 2] [64 3 2] [65 3 2] [66 3 2] [67 3 2] [68 3 2] [69 3 2] [70 3 2] [71 3 2] [72 3 2] [73 1 3] [74 1 3] [75 1 3] [76 1 3] [77 1 3] [78 1 3] [79 1 3] [80 1 3] [81 1 3] [82 1 3] [83 1 3] [84 1 3] [85 1 3] [86 1 3] [87 1 3] [88 1 3] [89 1 3] [90 1 3] [91 2 3] [92 2 3] [93 2 3] [94 2 3] [95 2 3] [96 2 3] [97 2 3] [98 2 3] [99 2 3] [100 2 3] [101 2 3] [102 2 3] [103 2 3] [104 2 3] [105 2 3] [106 2 3] [107 2 3] [108 2 3]],[[5 41 9 20 23 74 77 5 16 14 13 9 23 34 32 31 26 41 52 50 49 45 77 88 86 85 80 77 88 86 85 80 95 95 95 95 95 106 106 106 106 106 104 104 104 104 104 103 103 103 103 103 99 99 99 99 99] [1365 3275 1360 3849 4449 6351 6953 1347 1347 1347 1347 1347 3845 3845 3845 3845 3845 4822 4822 4822 4822 4822 6343 6343 6343 6343 6343 6953 6953 6953 6953 6953 6950 6953 6955 6957 6951 6950 6953 6955 6957 6951 6950 6953 6955 6957 6951 6950 6953 6955 6957 6951 6950 6953 6955 6957 6951] [91 10052 91 10091 10131 20091 20131 90 90 90 90 90 10090 10090 10090 10090 10090 10155 10155 10155 10155 10155 20090 20090 20090 20090 20090 20131 20131 20131 20131 20131 20131 20131 20131 20131 20131 20131 20131 20131 20131 20131 20131 20131 20131 20131 20131 20131 20131 20131 20131 20131 20131 20131 20131 20131 20131] [3 1 4 4 2 4 2 10 10 10 10 10 10 10 10 10 10 10 10 10 10 10 10 10 10 10 10 10 10 10 10 10 10 10 10 10 10 10 10 10 10 10 10 10 10 10 10 10 10 10 10 10 10 10 10 10 10] [4.8 3.5 2.2 1.7 9 2.6 0.6 1.1 1.1 1.1 1.1 1.1 0.5 0.5 0.5 0.5 0.5 0.8 0.8 0.8 0.8 0.8 0.9 0.9 0.9 0.9 0.9 0.5 0.5 0.5 0.5 0.5 -0 -0 -0 -0 -0 -0 -0 -0 -0 -0 -0 -0 -0 -0 -0 -0 -0 -0 -0 -0 -0 -0 -0 -0 -0]]
